,transaction_amount,account_balance,credit_score,has_loan,emi_amount,is_fraud,transaction_hour
count,550000.0,550000.0,550000.0,550000.0,550000.0,550000.0,550000.0
mean,29907.093933745462,84550.11507563638,599.8070090909091,0.34961454545454546,2365.859973745455,0.00886,11.504430909090908
std,139610.09651956003,170914.58623864813,173.0545971329886,0.4768486431644262,4973.546080484513,0.0937097453117518,6.9244986888525855
min,2.4,500.0,300.0,0.0,0.0,0.0,0.0
25%,763.0374999999999,15157.785,450.0,0.0,0.0,0.0,6.0
50%,2035.7350000000001,36422.869999999995,600.0,0.0,0.0,0.0,11.0
75%,8557.4975,87607.035,750.0,1.0,3115.03,0.0,17.0
max,10000000.0,5000000.0,899.0,1.0,153325.74,1.0,23.0
