,transaction_amount,account_balance,credit_score,has_loan,emi_amount,is_fraud,transaction_hour
count,550000.0,550000.0,550000.0,550000.0,550000.0,550000.0,550000.0
mean,29907.093933745462,84550.11507563638,599.8070090909091,0.34961454545454546,2365.859973745455,0.00886,11.504430909090908
std,139610.09651958867,170914.5862386505,173.05459713298802,0.47684864316504844,4973.546080493833,0.09370974531186592,6.9244986888514335
min,2.4,500.0,300.0,0.0,0.0,0.0,0.0
25%,763.0374999999999,15157.785,450.0,0.0,0.0,0.0,6.0
50%,2035.7350000000001,36422.869999999995,600.0,0.0,0.0,0.0,11.0
75%,8557.4975,87607.035,750.0,1.0,3115.03,0.0,17.0
max,10000000.0,5000000.0,899.0,1.0,153325.74,1.0,23.0
