transaction_id,customer_id,transaction_date,transaction_time,account_type,transaction_type,transaction_amount,transaction_direction,account_balance,merchant_category,state,credit_score,has_loan,loan_type,emi_amount,transaction_status,channel,kyc_status,is_fraud,transaction_hour,if_anomaly,if_score
TXN000000115,CUST050016,2019-01-01,04:11,Savings,Auto_Debit,6291.16,Debit,4126.13,Fuel,Tamil Nadu,616,1,Business,17411.25,Success,Mobile_App,Verified,0,4,-1,-0.013572127179510618
TXN000000180,CUST025343,2019-01-01,02:27,Current,NEFT,309869.01,Credit,68487.8,Education,Gujarat,803,0,Unknown,0.0,Success,POS_Terminal,Verified,0,2,-1,-0.02410790226095194
TXN000000291,CUST000302,2019-01-01,15:52,Savings,ATM_Withdrawal,500.0,Debit,1487.41,Retail,Maharashtra,714,0,Unknown,0.0,Success,Mobile_App,Verified,0,15,-1,-0.0029665689367978088
TXN000000742,CUST022575,2019-01-03,20:43,Fixed Deposit,Auto_Debit,1097.48,Debit,54403.58,Peer Transfer,Maharashtra,470,1,Home,1206.91,Pending,Mobile_App,Verified,0,20,-1,-0.015143495060027767
TXN000001108,CUST014597,2019-01-04,14:43,Fixed Deposit,RTGS,1071089.42,Debit,26378.25,E-Commerce,Maharashtra,330,0,Unknown,0.0,Success,API,Verified,0,14,-1,-0.042021133624645324
TXN000001294,CUST012985,2019-01-05,19:23,Salary,RTGS,1449803.75,Credit,15668.2,Education,Gujarat,776,0,Unknown,0.0,Success,Web,Verified,0,19,-1,-0.02228979349851723
TXN000001389,CUST019130,2019-01-05,22:03,Current,UPI,340.48,Debit,15203.02,Food & Dining,Rajasthan,403,1,Auto,34101.78,Success,Web,Verified,0,22,-1,-0.0041745715020349294
TXN000001391,CUST011304,2019-01-05,08:11,Fixed Deposit,NEFT,9240.57,Debit,36530.48,Peer Transfer,Tamil Nadu,655,1,Personal,44281.01,Success,Mobile_App,Verified,0,8,-1,-0.006221065857485719
TXN000001581,CUST068578,2019-01-06,22:07,Savings,IMPS,419.49,Credit,31207.49,Healthcare,Maharashtra,782,1,Education,5611.37,Success,Mobile_App,Verified,0,22,-1,-0.010853931149761409
TXN000001680,CUST070136,2019-01-06,01:09,Savings,UPI,517.22,Credit,59526.39,Salary,UP,406,0,Unknown,0.0,Success,Mobile_App,Pending,0,1,-1,-0.0652341940087604
TXN000002056,CUST077453,2019-01-07,02:29,Savings,RTGS,632989.72,Credit,172884.03,Retail,Karnataka,728,0,Unknown,0.0,Success,POS_Terminal,Verified,0,2,-1,-0.02244816821911788
TXN000002162,CUST051400,2019-01-08,01:51,Fixed Deposit,RTGS,690846.56,Credit,13987.19,Food & Dining,Karnataka,861,0,Unknown,0.0,Success,API,Verified,0,1,-1,-0.01482587121776524
TXN000002432,CUST000163,2019-01-09,16:12,Salary,RTGS,1573240.51,Credit,20234.36,Peer Transfer,Karnataka,786,0,Unknown,0.0,Failed,Mobile_App,Verified,0,16,-1,-0.07500773515639292
TXN000002541,CUST042952,2019-01-09,14:19,Savings,POS,6384.32,Debit,106255.04,Food & Dining,Delhi,799,1,Personal,13909.34,Success,POS_Terminal,Verified,0,14,-1,-0.01229812016097076
TXN000002559,CUST033244,2019-01-09,14:34,Current,RTGS,1551504.76,Debit,50198.46,Fuel,Delhi,343,1,Home,4088.36,Success,Branch,Verified,0,14,-1,-0.008654380428617547
TXN000002617,CUST049417,2019-01-09,04:59,NRI,Auto_Debit,4586.58,Debit,38501.14,Peer Transfer,UP,326,1,Business,9460.24,Success,Mobile_App,Verified,0,4,-1,-0.0008988429909499995
TXN000002751,CUST074814,2019-01-10,13:30,Current,Cheque,8703.92,Debit,615884.52,Food & Dining,Maharashtra,448,1,Auto,47360.7,Success,Web,Verified,0,13,-1,-0.004846764984080654
TXN000002755,CUST054307,2019-01-10,22:47,Salary,POS,316.15,Debit,16126.45,Investment,UP,441,1,Business,15188.88,Success,Mobile_App,Verified,0,22,-1,-0.004460310637623532
TXN000002780,CUST049679,2019-01-10,01:58,Salary,ATM_Withdrawal,500.0,Debit,55377.38,E-Commerce,West Bengal,866,1,Education,47631.91,Success,POS_Terminal,Verified,0,1,-1,-0.028763048613240194
TXN000002876,CUST003745,2019-01-10,07:47,Fixed Deposit,UPI,297.43,Debit,12205.31,E-Commerce,Maharashtra,470,1,Education,21489.01,Success,POS_Terminal,Verified,0,7,-1,-0.05210055833357419
TXN000002937,CUST052396,2019-01-10,14:40,Savings,RTGS,674943.94,Credit,96583.63,Insurance,Karnataka,519,0,Unknown,0.0,Success,POS_Terminal,Verified,1,14,-1,-0.008659254684180384
TXN000003037,CUST020220,2019-01-10,14:07,Current,RTGS,756821.49,Debit,34047.63,Healthcare,Karnataka,759,1,Education,3164.49,Success,Mobile_App,Verified,0,14,-1,-0.0005177307516357477
TXN000003052,CUST001709,2019-01-10,17:38,Current,UPI,642.33,Credit,199667.23,Peer Transfer,Punjab,799,1,Personal,22825.55,Success,Mobile_App,Verified,0,17,-1,-0.04567420246132825
TXN000003340,CUST051375,2019-01-11,08:43,Current,ATM_Withdrawal,2000.0,Debit,33263.21,Salary,Gujarat,635,1,Auto,21150.95,Success,API,Verified,0,8,-1,-0.0007001631022534038
TXN000003365,CUST047833,2019-01-11,14:01,Savings,ATM_Withdrawal,1000.0,Debit,56125.28,E-Commerce,UP,406,1,Unknown,3260.68,Success,Mobile_App,Verified,0,14,-1,-0.002189606498817942
TXN000003483,CUST036778,2019-01-12,08:55,Savings,RTGS,996863.2,Credit,55380.52,Food & Dining,Rajasthan,312,0,Unknown,0.0,Success,Mobile_App,Verified,0,8,-1,-0.07252203255185696
TXN000003525,CUST034682,2019-01-12,06:11,Salary,UPI,104.91,Credit,27843.19,Food & Dining,Tamil Nadu,501,1,Auto,4310.25,Success,Mobile_App,Verified,0,6,-1,-0.02456794057305134
TXN000003709,CUST017267,2019-01-13,12:24,Current,Cheque,1862285.86,Credit,3572.79,Utilities,Telangana,526,1,Unknown,8570.45,Success,Web,Verified,0,12,-1,-0.07952017340379236
TXN000003727,CUST072526,2019-01-13,23:37,Current,Cheque,1682695.72,Credit,14232.94,Peer Transfer,Karnataka,769,0,Unknown,0.0,Success,API,Verified,0,23,-1,-0.019442916190029136
TXN000003822,CUST044817,2019-01-13,18:51,Salary,RTGS,109947.96,Debit,86914.76,Salary,Tamil Nadu,714,1,Auto,20830.24,Pending,Branch,Verified,0,18,-1,-0.017741277089286522
TXN000003846,CUST066898,2019-01-13,04:50,Savings,RTGS,1739876.76,Credit,40623.52,Insurance,Rajasthan,661,1,Personal,5772.53,Success,Web,Verified,0,4,-1,-0.050125564766345554
TXN000004375,CUST046526,2019-01-15,22:04,Savings,RTGS,571864.73,Credit,42973.08,Salary,Delhi,407,1,Home,13516.9,Success,Branch,Verified,0,22,-1,-0.0036489769634194813
TXN000004397,CUST054354,2019-01-15,09:26,Savings,UPI,420.67,Debit,9421.09,Travel,Maharashtra,785,1,Personal,33383.15,Success,POS_Terminal,Verified,0,9,-1,-0.010008821324476003
TXN000004404,CUST062791,2019-01-15,04:37,Current,ATM_Withdrawal,1000.0,Debit,21345.16,Education,Delhi,326,1,Business,31676.57,Success,Mobile_App,Verified,0,4,-1,-0.006479579384877976
TXN000004575,CUST004568,2019-01-15,15:39,Savings,RTGS,1822485.52,Credit,20807.77,Food & Dining,UP,733,1,Personal,2078.59,Success,API,Pending,1,15,-1,-0.033057264194014446
TXN000004766,CUST013700,2019-01-16,06:49,Savings,Cheque,923550.7,Debit,188339.9,Retail,Tamil Nadu,380,0,Unknown,0.0,Success,Mobile_App,Verified,0,6,-1,-0.044620969561802504
TXN000004983,CUST011985,2019-01-17,10:41,Savings,UPI,331.37,Debit,3450.93,Entertainment,UP,520,1,Gold,46582.27,Success,Mobile_App,Verified,0,10,-1,-0.05741739129771084
TXN000005076,CUST076437,2019-01-17,05:54,Savings,RTGS,3166846.09,Debit,49609.66,Investment,Telangana,572,0,Unknown,0.0,Success,Mobile_App,Verified,1,5,-1,-0.05905878808979448
TXN000005139,CUST047235,2019-01-17,20:26,Current,Credit_Card,139.47,Debit,51740.84,Salary,Telangana,406,0,Unknown,0.0,Success,Branch,Verified,0,20,-1,-0.002105793794746069
TXN000005480,CUST004759,2019-01-18,03:03,Current,UPI,10259.1,Credit,278383.52,Education,Delhi,488,1,Personal,27112.02,Success,Mobile_App,Verified,0,3,-1,-0.027950003635103915
TXN000005563,CUST049631,2019-01-19,15:40,Savings,RTGS,1153530.84,Debit,9670.76,Investment,UP,824,0,Unknown,0.0,Success,Mobile_App,Verified,0,15,-1,-0.0321064417246778
TXN000005748,CUST053640,2019-01-19,21:28,Savings,RTGS,281813.72,Credit,20277.52,Utilities,Telangana,792,0,Unknown,0.0,Success,Web,Verified,0,21,-1,-0.032223958452860746
TXN000005873,CUST026082,2019-01-20,03:50,Savings,RTGS,653075.19,Debit,19979.22,Retail,Rajasthan,645,0,Unknown,0.0,Failed,POS_Terminal,Pending,0,3,-1,-0.021356742596709055
TXN000006032,CUST026871,2019-01-20,10:20,Savings,RTGS,947610.94,Credit,9709.8,Travel,Rajasthan,837,0,Unknown,0.0,Success,POS_Terminal,Pending,0,10,-1,-0.01622958504499028
TXN000006344,CUST066544,2019-01-21,17:06,Savings,POS,2626.95,Debit,40243.69,Insurance,Maharashtra,793,1,Business,3420.28,Success,POS_Terminal,Verified,0,17,-1,-0.00793282752268254
TXN000006457,CUST057890,2019-01-22,22:56,Salary,NEFT,23755.42,Credit,21701.67,Salary,Karnataka,483,1,Business,44293.84,Success,Mobile_App,Verified,0,22,-1,-0.020052080174919218
TXN000006486,CUST030271,2019-01-22,10:11,NRI,UPI,497.78,Credit,27292.2,Food & Dining,UP,406,0,Unknown,0.0,Success,Mobile_App,Verified,0,10,-1,-0.02913460121380196
TXN000006491,CUST037880,2019-01-22,21:08,Savings,NEFT,1439.37,Credit,34392.78,Travel,Rajasthan,645,1,Personal,446.82,Success,Mobile_App,Verified,0,21,-1,-0.011270468068370176
TXN000006767,CUST017206,2019-01-23,19:27,NRI,POS,847.21,Debit,10596.05,E-Commerce,Delhi,429,1,Personal,23911.86,Success,Web,Verified,0,19,-1,-0.010995426277329856
TXN000006916,CUST064361,2019-01-23,06:10,Current,RTGS,742044.58,Credit,14668.9,Insurance,Maharashtra,362,0,Unknown,0.0,Success,Web,Verified,1,6,-1,-0.02688574309918501
TXN000006954,CUST020003,2019-01-23,04:52,Current,UPI,197.47,Debit,114343.24,Utilities,UP,676,0,Unknown,0.0,Success,Web,Verified,0,4,-1,-0.0020292741005202286
TXN000006972,CUST074855,2019-01-23,16:54,Fixed Deposit,UPI,430.31,Debit,125358.35,Retail,West Bengal,718,1,Home,28733.38,Success,Branch,Expired,0,16,-1,-0.01248907526824694
TXN000006981,CUST013289,2019-01-23,19:32,Savings,Cheque,1706862.79,Credit,8852.13,Entertainment,Karnataka,724,0,Unknown,0.0,Success,Web,Verified,0,19,-1,-0.08954510961018913
TXN000007115,CUST006042,2019-01-24,08:28,Savings,ATM_Withdrawal,5000.0,Debit,561530.78,Travel,Maharashtra,714,1,Personal,16761.59,Success,ATM,Verified,0,8,-1,-0.04947324793076047
TXN000007123,CUST005420,2019-01-24,05:56,Current,RTGS,550007.88,Credit,5682.27,Salary,Telangana,615,0,Unknown,0.0,Success,ATM,Verified,0,5,-1,-0.009708535133362672
TXN000007182,CUST049854,2019-01-24,15:36,Salary,IMPS,1380.99,Credit,109848.84,Fuel,Rajasthan,645,1,Personal,5743.41,Success,Mobile_App,Pending,0,15,-1,-0.011663177362587263
TXN000007281,CUST033124,2019-01-24,16:58,Fixed Deposit,RTGS,884914.82,Credit,9079.65,Education,Delhi,688,0,Unknown,0.0,Success,Mobile_App,Verified,0,16,-1,-0.06169175712547981
TXN000007354,CUST074778,2019-01-25,13:09,Savings,RTGS,1241064.33,Debit,21222.18,Insurance,Maharashtra,512,1,Auto,3747.64,Success,POS_Terminal,Pending,0,13,-1,-0.03537536486079362
TXN000007522,CUST027500,2019-01-25,15:49,Savings,POS,963.61,Debit,20673.02,Healthcare,Karnataka,452,1,Unknown,56470.22,Success,POS_Terminal,Verified,0,15,-1,-0.037289289609680476
TXN000007601,CUST038193,2019-01-25,16:52,Current,IMPS,15271.84,Credit,248226.69,Travel,Punjab,466,1,Home,41213.38,Success,POS_Terminal,Verified,0,16,-1,-0.006269188507031176
TXN000007725,CUST036614,2019-01-26,13:49,Savings,RTGS,1397407.29,Credit,13402.84,Retail,Delhi,430,1,Auto,4285.39,Success,Web,Verified,0,13,-1,-0.05692404738888157
TXN000007732,CUST044554,2019-01-26,03:36,Current,RTGS,1062136.68,Credit,35199.52,Retail,Delhi,719,0,Unknown,0.0,Success,Mobile_App,Verified,0,3,-1,-0.04183409557725071
TXN000007775,CUST008537,2019-01-26,01:44,Current,Cheque,22598.56,Credit,230577.71,Government,Maharashtra,425,1,Home,14057.85,Success,ATM,Verified,0,1,-1,-0.0016378897081835708
TXN000007897,CUST003986,2019-01-26,20:39,Savings,UPI,1522.22,Credit,108809.83,Peer Transfer,Telangana,871,1,Home,51898.81,Success,Mobile_App,Verified,0,20,-1,-0.020593830338927144
TXN000008003,CUST032451,2019-01-27,16:55,Current,RTGS,1204155.35,Credit,133346.68,Food & Dining,Gujarat,637,0,Unknown,0.0,Success,API,Verified,1,16,-1,-0.00697722859796901
TXN000008228,CUST056867,2019-01-27,09:48,Fixed Deposit,IMPS,6612.45,Debit,78799.3,Food & Dining,Karnataka,406,1,Business,17381.15,Success,Mobile_App,Verified,0,9,-1,-0.006552414443548593
TXN000008260,CUST075272,2019-01-28,07:43,Savings,Net_Banking,1084.96,Debit,25078.45,Utilities,Tamil Nadu,676,0,Unknown,0.0,Success,ATM,Pending,0,7,-1,-0.015713735601993517
TXN000008316,CUST077187,2019-01-28,16:52,Current,Net_Banking,2297.27,Credit,90851.99,Retail,Gujarat,406,1,Business,4416.1,Success,Branch,Verified,0,16,-1,-0.012114717729947655
TXN000008434,CUST006792,2019-01-28,22:21,Salary,RTGS,918739.84,Credit,8907.78,Utilities,Delhi,848,0,Unknown,0.0,Success,Web,Expired,0,22,-1,-0.010139655145245174
TXN000008472,CUST041616,2019-01-28,08:41,Savings,RTGS,873992.55,Debit,123760.84,Utilities,Delhi,392,1,Personal,3916.99,Success,Mobile_App,Verified,0,8,-1,-0.029628203175852352
TXN000008492,CUST033514,2019-01-28,03:18,Current,Auto_Debit,1912.73,Debit,47131.94,E-Commerce,Maharashtra,326,0,Unknown,0.0,Success,Web,Pending,0,3,-1,-0.04503997932963588
TXN000008607,CUST021687,2019-01-29,16:14,Savings,UPI,1209.55,Credit,179123.19,Food & Dining,Delhi,388,1,Home,44692.78,Success,Web,Verified,0,16,-1,-0.01901291427991403
TXN000008781,CUST045313,2019-01-29,19:13,Savings,Auto_Debit,1739.99,Debit,4893.7,Peer Transfer,Telangana,750,1,Personal,15818.28,Success,Branch,Verified,0,19,-1,-0.01468318440172911
TXN000008984,CUST049820,2019-01-30,20:07,Savings,RTGS,1483502.78,Debit,12058.78,Food & Dining,Delhi,439,0,Unknown,0.0,Success,Web,Verified,0,20,-1,-0.023037562429876313
TXN000009055,CUST065140,2019-01-30,19:47,Fixed Deposit,IMPS,1151.37,Credit,459615.27,Utilities,Karnataka,553,1,Home,23448.82,Success,Mobile_App,Verified,0,19,-1,-0.016481307858402072
TXN000009257,CUST076293,2019-01-31,18:48,Fixed Deposit,UPI,260.84,Debit,15453.75,Food & Dining,West Bengal,406,0,Unknown,0.0,Success,Web,Verified,0,18,-1,-0.0016247516585528032
TXN000009457,CUST025105,2019-02-01,21:58,Current,UPI,7235.8,Credit,3469505.06,Investment,Rajasthan,866,1,Personal,1046.41,Success,Branch,Verified,0,21,-1,-0.013717619041096252
TXN000009461,CUST031219,2019-02-01,04:16,Salary,Cheque,1265891.52,Credit,28172.13,Peer Transfer,Tamil Nadu,885,0,Unknown,0.0,Success,POS_Terminal,Verified,0,4,-1,-0.06075695282147997
TXN000009542,CUST046979,2019-02-01,01:18,Savings,RTGS,113383.48,Credit,48608.65,Salary,UP,501,1,Education,1436.74,Success,ATM,Verified,0,1,-1,-0.005476381798133145
TXN000009548,CUST054797,2019-02-01,21:24,NRI,RTGS,1486820.08,Credit,24036.6,Retail,Maharashtra,660,0,Unknown,0.0,Success,Mobile_App,Verified,0,21,-1,-0.012865515979528452
TXN000009696,CUST023239,2019-02-02,10:06,Savings,RTGS,1116762.88,Credit,36975.84,Food & Dining,Gujarat,415,0,Unknown,0.0,Success,Mobile_App,Verified,0,10,-1,-0.029420840893120692
TXN000009794,CUST061502,2019-02-02,19:39,Savings,RTGS,813569.26,Credit,182882.78,E-Commerce,Rajasthan,753,1,Home,9537.53,Success,Mobile_App,Verified,0,19,-1,-0.0364840537433031
TXN000010138,CUST058727,2019-02-03,22:34,Current,NEFT,3835287.43,Debit,107381.79,Food & Dining,Tamil Nadu,388,0,Unknown,0.0,Success,Mobile_App,Verified,0,22,-1,-0.07192464954241184
TXN000010410,CUST056975,2019-02-04,13:21,Savings,RTGS,631602.2,Credit,31729.19,Government,Karnataka,896,0,Unknown,0.0,Success,Web,Verified,0,13,-1,-0.033896958460409965
TXN000010441,CUST079401,2019-02-04,04:01,Savings,RTGS,903937.63,Credit,34426.13,Government,Telangana,609,0,Unknown,0.0,Success,Mobile_App,Verified,0,4,-1,-0.005534114478948471
TXN000010513,CUST009305,2019-02-04,20:22,Fixed Deposit,Credit_Card,25377.37,Debit,64817.01,Peer Transfer,West Bengal,425,1,Personal,23782.5,Success,Web,Expired,0,20,-1,-0.04810202074699954
TXN000010574,CUST044292,2019-02-05,04:09,Savings,RTGS,357778.87,Credit,225899.22,Peer Transfer,West Bengal,694,0,Unknown,0.0,Success,Mobile_App,Verified,0,4,-1,-0.013577756203980051
TXN000010704,CUST029715,2019-02-05,02:49,Current,NEFT,580023.93,Credit,30397.98,Salary,Karnataka,880,0,Unknown,0.0,Success,Mobile_App,Verified,0,2,-1,-0.013339498194230082
TXN000010731,CUST034949,2019-02-05,07:15,Fixed Deposit,RTGS,293827.33,Debit,237965.83,Government,Maharashtra,585,0,Unknown,0.0,Success,Mobile_App,Verified,0,7,-1,-0.005415039502676411
TXN000011018,CUST030165,2019-02-06,11:45,Savings,RTGS,973596.16,Credit,19604.89,Fuel,Gujarat,665,0,Unknown,0.0,Success,Mobile_App,Verified,0,11,-1,-0.027135103116546322
TXN000011076,CUST077189,2019-02-06,09:07,Current,Cheque,1509957.24,Debit,6972.65,Salary,Rajasthan,483,0,Unknown,0.0,Success,ATM,Verified,0,9,-1,-0.05130507067400325
TXN000011289,CUST036052,2019-02-07,04:12,Current,UPI,233.99,Debit,22154.45,Government,Maharashtra,548,1,Auto,34500.22,Success,Web,Verified,0,4,-1,-0.001126394273136988
TXN000011451,CUST067547,2019-02-08,06:46,Savings,IMPS,5671.55,Debit,15370.09,Education,UP,849,1,Home,22984.45,Pending,Web,Verified,0,6,-1,-0.005029594423240802
TXN000011571,CUST015749,2019-02-08,10:31,Salary,Cheque,2004752.03,Debit,343411.12,Peer Transfer,UP,543,1,Unknown,5871.4,Success,Branch,Verified,0,10,-1,-0.05723593830738338
TXN000011672,CUST027741,2019-02-08,00:23,Current,RTGS,415990.02,Credit,34100.71,Real Estate,West Bengal,755,0,Unknown,0.0,Success,API,Verified,0,0,-1,-0.008262873911906277
TXN000011699,CUST016351,2019-02-08,08:43,Salary,RTGS,62705.08,Debit,31713.67,E-Commerce,Maharashtra,640,0,Unknown,0.0,Success,Web,Verified,0,8,-1,-0.012847682848603603
TXN000011761,CUST070424,2019-02-09,04:39,NRI,RTGS,1591181.59,Debit,53649.41,Peer Transfer,Delhi,307,0,Unknown,0.0,Success,Mobile_App,Pending,0,4,-1,-0.05203205084381557
TXN000011945,CUST055747,2019-02-09,18:57,Salary,UPI,699.44,Debit,5628.01,Retail,Telangana,505,0,Unknown,0.0,Success,API,Verified,0,18,-1,-0.004333365249456267
TXN000011947,CUST036819,2019-02-09,19:16,Current,IMPS,3949.03,Debit,44141.88,Travel,Rajasthan,470,1,Personal,4517.76,Success,Branch,Verified,0,19,-1,-0.013203193919093859
TXN000011966,CUST019057,2019-02-09,02:30,Fixed Deposit,RTGS,780559.24,Debit,1907.22,Education,Delhi,728,0,Unknown,0.0,Success,Web,Verified,0,2,-1,-0.043376248129922135
TXN000012003,CUST003213,2019-02-09,06:23,Savings,NEFT,8009.88,Debit,12870.83,Peer Transfer,West Bengal,696,1,Personal,43951.16,Success,Web,Expired,0,6,-1,-0.0021344895219470583
TXN000012023,CUST027585,2019-02-10,20:01,Current,Auto_Debit,5843.18,Debit,73560.32,E-Commerce,Karnataka,604,1,Unknown,45083.97,Success,Web,Verified,0,20,-1,-0.0031297307664803764
TXN000012152,CUST007236,2019-02-10,13:05,Salary,RTGS,198350.95,Credit,27479.57,Entertainment,Punjab,749,1,Personal,5609.87,Success,ATM,Verified,0,13,-1,-0.0005729712357095407
TXN000012511,CUST044294,2019-02-11,20:59,Current,RTGS,154400.95,Debit,16483.19,Fuel,Delhi,649,0,Unknown,0.0,Success,Mobile_App,Verified,0,20,-1,-0.01899213451995596
TXN000012621,CUST049980,2019-02-12,04:56,Fixed Deposit,Cheque,115467.29,Debit,86276.02,Food & Dining,Telangana,739,1,Business,3784.47,Success,Branch,Verified,0,4,-1,-0.03344649090371743
TXN000012698,CUST024289,2019-02-12,09:10,Savings,RTGS,813341.8,Credit,57066.95,Peer Transfer,Rajasthan,392,0,Unknown,0.0,Failed,Web,Verified,0,9,-1,-0.010144195674729795
TXN000012835,CUST045892,2019-02-12,01:43,Fixed Deposit,RTGS,339096.99,Credit,28406.88,Healthcare,Delhi,585,1,Personal,3283.26,Success,Mobile_App,Verified,0,1,-1,-0.013381208427314606
TXN000012842,CUST015829,2019-02-12,07:54,Fixed Deposit,RTGS,725118.15,Debit,116784.97,E-Commerce,Rajasthan,768,0,Unknown,0.0,Success,Mobile_App,Verified,0,7,-1,-0.05601963622141359
TXN000012970,CUST061472,2019-02-13,07:28,Current,RTGS,789906.59,Debit,70208.53,Retail,Gujarat,875,0,Unknown,0.0,Success,Mobile_App,Verified,0,7,-1,-0.009028973605524016
TXN000013047,CUST055536,2019-02-13,12:18,Salary,UPI,311.23,Credit,3685.5,Retail,West Bengal,505,0,Unknown,0.0,Success,POS_Terminal,Expired,0,12,-1,-0.020237724002856283
TXN000013129,CUST031501,2019-02-13,05:14,Savings,IMPS,2484.63,Debit,8194.35,E-Commerce,UP,372,0,Unknown,0.0,Success,Mobile_App,Verified,0,5,-1,-0.00322759459886357
TXN000013338,CUST039434,2019-02-14,00:49,Savings,RTGS,2934620.88,Credit,5937.88,Food & Dining,Maharashtra,757,0,Unknown,0.0,Success,Branch,Verified,0,0,-1,-0.08091943486910469
TXN000013343,CUST022287,2019-02-14,14:20,NRI,IMPS,2001.15,Debit,119896.88,Utilities,Tamil Nadu,406,0,Unknown,0.0,Success,Web,Verified,0,14,-1,-0.013936359350566807
TXN000013371,CUST054914,2019-02-14,06:40,Savings,Net_Banking,193906.35,Credit,92124.7,Entertainment,Delhi,403,1,Education,31824.0,Reversed,Mobile_App,Expired,0,6,-1,-0.010339164251181199
TXN000013477,CUST003693,2019-02-14,10:27,Savings,RTGS,796751.15,Credit,157196.41,Salary,Gujarat,629,0,Unknown,0.0,Success,Mobile_App,Verified,0,10,-1,-0.029730888825789892
TXN000013553,CUST012700,2019-02-15,18:56,Current,ATM_Withdrawal,2000.0,Debit,32248.53,Salary,Maharashtra,714,0,Unknown,0.0,Failed,ATM,Verified,0,18,-1,-0.006513824650228317
TXN000013577,CUST068174,2019-02-15,09:50,Salary,UPI,2864.25,Credit,27087.49,E-Commerce,Tamil Nadu,501,0,Unknown,0.0,Success,Mobile_App,Expired,0,9,-1,-0.004579118376265567
TXN000013632,CUST041231,2019-02-15,13:50,Savings,Net_Banking,11229.12,Credit,10668.11,Fuel,Telangana,429,1,Auto,16714.7,Success,Web,Verified,0,13,-1,-0.007441815778279515
TXN000013665,CUST055343,2019-02-15,03:27,Savings,RTGS,543969.7,Debit,121298.26,Retail,Delhi,540,0,Unknown,0.0,Success,Web,Verified,0,3,-1,-0.03460078455047155
TXN000013727,CUST067262,2019-02-15,20:55,Current,Credit_Card,2118.78,Debit,97153.86,Travel,Delhi,649,1,Business,2649.7,Success,Mobile_App,Pending,0,20,-1,-0.018230447411554773
TXN000013765,CUST064007,2019-02-15,16:44,Savings,POS,498.55,Debit,52232.6,Food & Dining,West Bengal,406,1,Auto,16544.75,Success,Web,Verified,0,16,-1,-0.010635250723686429
TXN000013809,CUST033845,2019-02-16,20:00,Current,RTGS,482914.22,Credit,65960.09,Travel,Karnataka,312,1,Home,8054.29,Success,ATM,Pending,0,20,-1,-0.018552703044405594
TXN000013956,CUST009462,2019-02-16,17:59,NRI,UPI,545.72,Credit,187711.5,E-Commerce,Maharashtra,718,1,Business,31648.71,Success,Web,Verified,0,17,-1,-0.013251919548341595
TXN000013993,CUST039245,2019-02-16,09:00,Current,RTGS,1500521.13,Debit,18405.26,Peer Transfer,Punjab,675,1,Personal,11042.83,Success,Web,Verified,0,9,-1,-0.03283864157484395
TXN000014108,CUST020552,2019-02-17,13:59,Current,UPI,5880.06,Credit,15422.9,Real Estate,Punjab,649,1,Business,14849.93,Success,Mobile_App,Verified,0,13,-1,-0.001366369659686284
TXN000014473,CUST038735,2019-02-18,11:43,Savings,RTGS,759606.14,Debit,162826.63,Salary,Gujarat,423,0,Unknown,0.0,Success,Web,Verified,0,11,-1,-0.041651068790673595
TXN000014614,CUST076203,2019-02-18,06:16,Fixed Deposit,UPI,3502.73,Debit,46289.04,Fuel,Tamil Nadu,649,1,Home,37013.49,Success,Mobile_App,Verified,0,6,-1,-0.07386826343314545
TXN000014728,CUST036177,2019-02-19,05:45,NRI,RTGS,1051689.36,Credit,216645.06,Food & Dining,West Bengal,423,1,Business,4812.92,Success,API,Verified,0,5,-1,-0.0640845049284654
TXN000014772,CUST018941,2019-02-19,10:44,Savings,Auto_Debit,1129.74,Debit,30934.68,Healthcare,Karnataka,313,1,Home,50777.64,Success,Mobile_App,Verified,0,10,-1,-0.002647370289274531
TXN000014814,CUST014324,2019-02-19,03:48,Savings,RTGS,396220.92,Debit,40025.51,Food & Dining,Maharashtra,372,0,Unknown,0.0,Success,POS_Terminal,Verified,0,3,-1,-0.028321400543660502
TXN000014855,CUST037665,2019-02-19,02:12,Current,RTGS,78730.79,Debit,23713.55,Salary,Gujarat,510,1,Auto,32247.36,Failed,POS_Terminal,Verified,0,2,-1,-0.012602865231232108
TXN000014910,CUST002803,2019-02-19,15:28,Savings,RTGS,1039174.88,Credit,73882.79,Government,Delhi,434,1,Personal,6882.5,Success,Mobile_App,Verified,0,15,-1,-0.03707394249453455
TXN000015012,CUST041539,2019-02-20,06:39,Salary,RTGS,1162017.04,Credit,97466.69,Education,Tamil Nadu,366,0,Unknown,0.0,Success,Mobile_App,Verified,0,6,-1,-0.040620138353733015
TXN000015174,CUST024344,2019-02-20,05:39,Salary,RTGS,1111112.52,Credit,52006.38,E-Commerce,Maharashtra,586,1,Personal,13341.21,Success,API,Pending,0,5,-1,-0.0012610283936611566
TXN000015265,CUST060286,2019-02-20,00:32,Current,RTGS,127868.34,Debit,236105.87,Retail,Maharashtra,699,1,Business,401.99,Success,POS_Terminal,Pending,0,0,-1,-0.014169368884997757
TXN000015511,CUST016434,2019-02-21,03:05,Fixed Deposit,ATM_Withdrawal,500.0,Debit,66113.17,Food & Dining,Tamil Nadu,640,1,Business,14158.04,Success,Branch,Verified,0,3,-1,-0.03411164506327591
TXN000015573,CUST045853,2019-02-22,12:00,Savings,UPI,454.02,Credit,72157.39,Retail,Maharashtra,505,0,Unknown,0.0,Success,POS_Terminal,Verified,0,12,-1,-0.019135257462446487
TXN000015582,CUST078168,2019-02-22,02:53,Current,IMPS,28228.33,Credit,7922.78,Investment,Delhi,884,1,Education,69078.19,Success,POS_Terminal,Verified,0,2,-1,-0.005097786726446674
TXN000015606,CUST030741,2019-02-22,11:49,Fixed Deposit,RTGS,1268520.92,Debit,21383.0,Retail,Maharashtra,660,0,Unknown,0.0,Success,Mobile_App,Verified,0,11,-1,-0.025715118254833413
TXN000015712,CUST021804,2019-02-22,10:55,Savings,RTGS,1335249.67,Credit,8644.71,Food & Dining,West Bengal,342,0,Unknown,0.0,Success,POS_Terminal,Verified,0,10,-1,-0.018291947283122778
TXN000015796,CUST009948,2019-02-22,21:03,NRI,RTGS,185486.93,Credit,5454.67,Education,Rajasthan,792,1,Auto,4814.2,Success,Web,Verified,0,21,-1,-0.03282374595918036
TXN000015879,CUST066505,2019-02-22,14:50,Savings,UPI,1148.77,Credit,17252.81,Healthcare,Tamil Nadu,406,1,Unknown,4200.2,Success,ATM,Verified,0,14,-1,-0.003796794702636608
TXN000016102,CUST069206,2019-02-23,20:14,Current,RTGS,150045.79,Credit,34671.78,Retail,Tamil Nadu,763,0,Unknown,0.0,Success,Web,Verified,0,20,-1,-0.01146248092263169
TXN000016113,CUST039696,2019-02-23,05:02,Current,RTGS,213149.61,Credit,151722.78,Fuel,Gujarat,699,1,Auto,14235.94,Success,POS_Terminal,Verified,0,5,-1,-0.020588486750686807
TXN000016146,CUST049290,2019-02-23,03:47,Fixed Deposit,Cheque,80919.06,Debit,2071.13,Food & Dining,Gujarat,392,0,Unknown,0.0,Success,POS_Terminal,Verified,0,3,-1,-0.006201221071008622
TXN000016150,CUST018840,2019-02-23,15:28,Current,NEFT,17233.76,Debit,1339852.5,Real Estate,Tamil Nadu,714,1,Home,4375.48,Success,Mobile_App,Verified,0,15,-1,-0.0023557583750579703
TXN000016175,CUST027261,2019-02-23,18:21,Savings,RTGS,898238.49,Credit,540883.7,Education,Delhi,885,0,Unknown,0.0,Success,POS_Terminal,Verified,0,18,-1,-0.0439526926036794
TXN000016411,CUST025494,2019-02-24,03:08,Salary,UPI,285.93,Credit,37703.05,Entertainment,Maharashtra,434,1,Auto,38293.22,Success,Mobile_App,Verified,0,3,-1,-0.008959724624773457
TXN000016427,CUST056978,2019-02-24,14:31,Savings,Cheque,3999602.3,Debit,15398.55,Retail,Maharashtra,537,1,Education,2418.44,Success,Mobile_App,Verified,0,14,-1,-0.07655050134774877
TXN000016464,CUST058435,2019-02-24,13:34,Savings,IMPS,267.28,Credit,287458.94,Retail,Delhi,821,1,Education,23332.03,Reversed,ATM,Verified,0,13,-1,-0.0017089247612449565
TXN000016468,CUST056306,2019-02-24,07:12,NRI,POS,1125.82,Debit,126807.33,Utilities,Rajasthan,314,1,Gold,33520.04,Success,Web,Expired,0,7,-1,-0.00928381908457665
TXN000016519,CUST012902,2019-02-25,11:50,Savings,UPI,359.15,Debit,12128.12,Insurance,Delhi,535,1,Home,22734.82,Success,API,Verified,0,11,-1,-0.0051585884252929315
TXN000016544,CUST007077,2019-02-25,13:57,Savings,NEFT,851049.94,Debit,170383.07,Food & Dining,Maharashtra,328,1,Gold,5096.67,Success,Mobile_App,Verified,0,13,-1,-0.011670385862437183
TXN000016551,CUST053327,2019-02-25,03:18,Savings,Auto_Debit,4466.51,Debit,127758.36,Retail,Tamil Nadu,793,0,Unknown,0.0,Success,Mobile_App,Verified,0,3,-1,-0.023446889208835975
TXN000016566,CUST005831,2019-02-25,11:41,Savings,RTGS,693879.52,Debit,104390.08,Fuel,Maharashtra,364,0,Unknown,0.0,Success,POS_Terminal,Verified,0,11,-1,-0.04339652370611968
TXN000016641,CUST052143,2019-02-25,06:20,NRI,Cheque,22193.97,Credit,4035.34,Travel,Maharashtra,332,1,Personal,4234.86,Success,Mobile_App,Verified,0,6,-1,-0.002040730887910902
TXN000016698,CUST059950,2019-02-25,10:23,Current,RTGS,1032046.68,Credit,18424.49,Healthcare,Maharashtra,711,1,Auto,3618.92,Success,Mobile_App,Verified,0,10,-1,-0.0334142823824668
TXN000016784,CUST017834,2019-02-26,01:01,Current,Net_Banking,9329.02,Debit,14778.41,Travel,Delhi,406,0,Unknown,0.0,Success,Web,Verified,0,1,-1,-0.03521245343117485
TXN000016785,CUST071348,2019-02-26,09:15,Fixed Deposit,RTGS,701625.91,Credit,53784.2,Investment,Gujarat,847,1,Gold,5197.18,Success,Mobile_App,Verified,0,9,-1,-0.004434961888599376
TXN000017223,CUST061830,2019-02-27,19:29,Salary,RTGS,470725.63,Credit,126659.89,Investment,Rajasthan,753,1,Unknown,5505.21,Success,Mobile_App,Verified,0,19,-1,-0.016531451758498572
TXN000017313,CUST007467,2019-02-27,09:35,Savings,RTGS,381682.75,Credit,5400.32,Travel,Tamil Nadu,763,1,Unknown,6303.98,Success,ATM,Verified,0,9,-1,-0.026955696135584017
TXN000017397,CUST076003,2019-02-28,18:02,Current,NEFT,4044035.89,Credit,24530.85,Government,Karnataka,451,1,Home,2883.11,Success,Web,Verified,0,18,-1,-0.09842542289736866
TXN000017754,CUST063266,2019-03-01,09:23,Salary,Cheque,1691383.98,Debit,65212.38,Salary,Karnataka,365,0,Unknown,0.0,Success,Mobile_App,Verified,0,9,-1,-0.05393597836907171
TXN000017769,CUST077234,2019-03-01,07:48,Current,RTGS,284334.95,Credit,127989.12,Government,Karnataka,501,0,Unknown,0.0,Pending,Mobile_App,Expired,0,7,-1,-0.04935390262299688
TXN000017784,CUST048866,2019-03-01,01:26,Savings,Net_Banking,8986.47,Debit,128217.21,Travel,Maharashtra,676,0,Unknown,0.0,Success,Web,Verified,0,1,-1,-0.021066828914792946
TXN000017812,CUST020704,2019-03-01,04:24,Savings,RTGS,344646.09,Credit,13252.37,Peer Transfer,West Bengal,401,0,Unknown,0.0,Success,Mobile_App,Verified,0,4,-1,-0.026409290464555424
TXN000018162,CUST059612,2019-03-02,06:21,NRI,Credit_Card,3825.93,Debit,528470.44,Retail,Maharashtra,749,1,Business,31742.41,Success,ATM,Expired,0,6,-1,-0.041576390878779734
TXN000018286,CUST001903,2019-03-03,12:37,Current,ATM_Withdrawal,1000.0,Debit,33469.46,Real Estate,Telangana,714,0,Unknown,0.0,Success,Web,Verified,0,12,-1,-0.007986990357831347
TXN000018325,CUST007089,2019-03-03,18:10,Current,Cheque,2491690.67,Debit,33054.38,Retail,Maharashtra,374,1,Gold,2980.32,Success,ATM,Verified,0,18,-1,-0.0754229229872635
TXN000018382,CUST006625,2019-03-03,15:20,Savings,RTGS,362933.32,Credit,39699.75,Fuel,Maharashtra,358,0,Unknown,0.0,Success,Mobile_App,Verified,0,15,-1,-0.0032504291965969045
TXN000018384,CUST037463,2019-03-03,04:32,Savings,RTGS,815542.79,Credit,64604.76,Retail,Maharashtra,610,0,Unknown,0.0,Success,API,Verified,0,4,-1,-0.028985276055179532
TXN000018511,CUST018596,2019-03-03,06:02,Salary,UPI,403.38,Debit,235364.52,Salary,Telangana,792,1,Unknown,2531.11,Success,Web,Verified,0,6,-1,-0.007421880302268868
TXN000018536,CUST000124,2019-03-04,04:20,Savings,UPI,989.89,Credit,17039.87,Food & Dining,Telangana,713,1,Home,52155.11,Success,Mobile_App,Verified,0,4,-1,-0.04595449879702762
TXN000018639,CUST024738,2019-03-04,05:25,Savings,Net_Banking,1713.2,Debit,12066.56,Healthcare,Tamil Nadu,584,1,Education,21183.78,Success,Branch,Verified,0,5,-1,-0.01128762076413703
TXN000018736,CUST018758,2019-03-04,04:06,Current,Net_Banking,16306.21,Debit,8965.27,Travel,Rajasthan,406,0,Unknown,0.0,Success,Web,Verified,0,4,-1,-0.015195399878844107
TXN000018767,CUST013777,2019-03-04,07:50,NRI,RTGS,333119.4,Credit,37496.43,Government,Tamil Nadu,768,0,Unknown,0.0,Success,Web,Verified,0,7,-1,-0.045158302891210145
TXN000018778,CUST003478,2019-03-04,17:42,Current,POS,6944.01,Debit,8672.18,Salary,Delhi,445,1,Gold,28574.64,Success,Mobile_App,Verified,0,17,-1,-0.04276145150115096
TXN000018830,CUST052717,2019-03-04,22:02,Savings,Credit_Card,1863.97,Debit,33839.92,E-Commerce,Telangana,584,1,Auto,14886.26,Success,Web,Verified,0,22,-1,-0.002211155683254473
TXN000018863,CUST014801,2019-03-05,09:19,Savings,RTGS,2754673.59,Credit,132553.23,Education,Rajasthan,587,0,Unknown,0.0,Success,Mobile_App,Verified,0,9,-1,-0.07540764144061785
TXN000019072,CUST034751,2019-03-05,09:40,Current,Credit_Card,13472.02,Debit,32396.47,Government,Maharashtra,622,1,Personal,4717.77,Success,Web,Verified,0,9,-1,-0.0026500227629699946
TXN000019143,CUST036283,2019-03-05,17:48,Fixed Deposit,NEFT,1130395.98,Debit,43268.13,Salary,Tamil Nadu,516,0,Unknown,0.0,Success,Mobile_App,Pending,0,17,-1,-0.006712419065992847
TXN000019145,CUST054690,2019-03-05,01:19,Salary,NEFT,5720.71,Credit,12738.4,Healthcare,Maharashtra,803,0,Unknown,0.0,Success,Mobile_App,Verified,0,1,-1,-0.0005087743994588445
TXN000019260,CUST071614,2019-03-06,21:48,Salary,POS,1679.34,Debit,20778.61,Insurance,Delhi,782,1,Auto,20411.73,Success,Web,Verified,0,21,-1,-0.039003855307521484
TXN000019380,CUST033444,2019-03-06,15:52,Savings,IMPS,4695.43,Debit,32148.68,Education,Telangana,406,1,Unknown,1558.85,Success,ATM,Verified,0,15,-1,-0.01926642289653735
TXN000019688,CUST026155,2019-03-07,11:28,Savings,RTGS,965663.55,Credit,27499.73,Retail,Delhi,521,0,Unknown,0.0,Success,Web,Verified,0,11,-1,-0.00673115573740557
TXN000019747,CUST016474,2019-03-07,19:09,Current,Auto_Debit,662.9,Debit,5722.94,Retail,West Bengal,618,1,Education,38348.86,Success,Mobile_App,Verified,0,19,-1,-0.001400595764219692
TXN000019758,CUST021960,2019-03-07,00:51,Savings,UPI,651.82,Debit,41249.04,Healthcare,West Bengal,635,1,Personal,64610.13,Success,API,Verified,0,0,-1,-0.034613569387848986
TXN000019851,CUST068448,2019-03-08,06:43,Savings,RTGS,434911.0,Credit,88132.55,Retail,Delhi,829,0,Unknown,0.0,Success,Mobile_App,Verified,0,6,-1,-0.056432190790526526
TXN000019898,CUST008300,2019-03-08,06:27,Savings,RTGS,128047.66,Credit,11189.94,Healthcare,UP,645,1,Auto,4292.06,Success,Mobile_App,Verified,0,6,-1,-0.0009819443857012056
TXN000019946,CUST066877,2019-03-08,06:30,Savings,RTGS,688293.29,Credit,26223.85,Peer Transfer,Maharashtra,413,1,Personal,2798.05,Success,ATM,Verified,0,6,-1,-0.003561715452756853
TXN000020038,CUST027947,2019-03-08,19:14,Savings,Cheque,1017973.32,Credit,23231.86,Peer Transfer,Delhi,755,0,Unknown,0.0,Success,POS_Terminal,Verified,0,19,-1,-0.05178696530480953
TXN000020055,CUST022348,2019-03-08,21:53,Savings,POS,4940.34,Debit,162817.47,Utilities,Gujarat,750,1,Auto,15888.56,Success,POS_Terminal,Verified,0,21,-1,-0.01184402578648247
TXN000020122,CUST023083,2019-03-09,06:12,Fixed Deposit,RTGS,633492.79,Credit,140170.18,Education,Delhi,680,0,Unknown,0.0,Success,Mobile_App,Verified,0,6,-1,-0.016725343504511714
TXN000020243,CUST011956,2019-03-09,00:27,NRI,RTGS,665133.46,Debit,3731.95,Healthcare,West Bengal,654,0,Unknown,0.0,Success,ATM,Verified,1,0,-1,-0.04042710298214147
TXN000020248,CUST053571,2019-03-09,05:46,Savings,RTGS,586978.49,Debit,111926.52,Real Estate,Telangana,505,0,Unknown,0.0,Success,Mobile_App,Verified,0,5,-1,-0.018802718855767453
TXN000020341,CUST076790,2019-03-09,05:19,Current,RTGS,1180253.03,Credit,64181.37,Investment,Tamil Nadu,539,0,Unknown,0.0,Success,POS_Terminal,Verified,0,5,-1,-0.002521158973931903
TXN000020400,CUST049642,2019-03-10,02:35,Savings,ATM_Withdrawal,1000.0,Debit,144103.34,Retail,Karnataka,571,1,Education,31218.44,Success,Mobile_App,Verified,0,2,-1,-0.002342972319819947
TXN000020483,CUST035121,2019-03-10,11:37,NRI,Net_Banking,13212.1,Debit,24234.55,E-Commerce,Tamil Nadu,676,0,Unknown,0.0,Success,Web,Verified,0,11,-1,-0.0009388289375874548
TXN000020643,CUST057203,2019-03-10,19:05,NRI,POS,745.8,Debit,35297.53,Travel,West Bengal,488,1,Business,22485.94,Success,Branch,Verified,0,19,-1,-0.0054199665022443
TXN000020698,CUST013980,2019-03-10,14:54,Fixed Deposit,Auto_Debit,4187.57,Debit,3858.27,Fuel,UP,505,0,Unknown,0.0,Success,Web,Verified,0,14,-1,-0.02631487440828273
TXN000020745,CUST021874,2019-03-11,02:40,Current,UPI,1040.4,Credit,76660.83,Fuel,Delhi,616,1,Personal,14400.54,Success,POS_Terminal,Verified,0,2,-1,-0.014772600048338247
TXN000020822,CUST025523,2019-03-11,22:14,Salary,RTGS,1196065.43,Credit,33909.59,Fuel,West Bengal,860,1,Unknown,3296.93,Success,ATM,Verified,0,22,-1,-0.0913324833409418
TXN000020823,CUST070186,2019-03-11,18:51,Current,RTGS,896993.74,Credit,47998.63,Insurance,Maharashtra,582,0,Unknown,0.0,Success,Web,Verified,0,18,-1,-0.015589530271067797
TXN000020848,CUST057656,2019-03-11,16:47,Savings,IMPS,6188.31,Credit,154328.68,Food & Dining,Delhi,372,0,Unknown,0.0,Success,Web,Verified,0,16,-1,-0.03618340102119644
TXN000020924,CUST066507,2019-03-11,06:09,Current,NEFT,83379.92,Credit,12291.79,Salary,Delhi,622,1,Business,10950.25,Success,POS_Terminal,Verified,0,6,-1,-0.004949459877489182
TXN000021044,CUST059208,2019-03-12,03:02,Fixed Deposit,Cheque,748041.14,Credit,45318.28,Utilities,Gujarat,645,0,Unknown,0.0,Success,Mobile_App,Verified,0,3,-1,-0.02924265606878007
TXN000021259,CUST067798,2019-03-12,04:57,Fixed Deposit,RTGS,1082796.16,Credit,12091.13,Retail,Karnataka,509,0,Unknown,0.0,Success,ATM,Verified,0,4,-1,-0.006330788563299605
TXN000021265,CUST063009,2019-03-12,23:16,Savings,RTGS,42523.48,Credit,41558.65,Education,Karnataka,792,1,Auto,11787.68,Success,Mobile_App,Verified,0,23,-1,-0.007385028175788011
TXN000021613,CUST043409,2019-03-14,21:55,Savings,Net_Banking,1049.09,Debit,72647.35,Salary,Rajasthan,762,1,Education,22361.8,Success,Mobile_App,Pending,1,21,-1,-0.011452568313025546
TXN000021618,CUST077989,2019-03-14,21:50,Salary,RTGS,1394634.85,Credit,6780.58,Salary,Karnataka,510,1,Home,1267.83,Success,Mobile_App,Verified,1,21,-1,-0.06974152166908254
TXN000021659,CUST003672,2019-03-14,19:10,Savings,NEFT,9700.23,Debit,282305.42,Investment,Karnataka,645,1,Personal,2652.77,Failed,Mobile_App,Verified,0,19,-1,-0.0007406734116072178
TXN000021708,CUST044538,2019-03-14,03:20,Savings,IMPS,1141.46,Credit,294589.69,Retail,Delhi,814,0,Unknown,0.0,Success,Mobile_App,Verified,0,3,-1,-0.003946708334460536
TXN000021759,CUST012445,2019-03-14,22:19,Savings,RTGS,708376.48,Credit,19761.64,Insurance,Maharashtra,739,0,Unknown,0.0,Success,Branch,Verified,0,22,-1,-0.009411451711217378
TXN000021843,CUST053220,2019-03-14,17:19,Salary,RTGS,882455.62,Debit,4002.8,Real Estate,Rajasthan,627,0,Unknown,0.0,Success,Mobile_App,Verified,0,17,-1,-0.010693957086355232
TXN000021962,CUST012739,2019-03-15,19:36,Savings,Cheque,863509.52,Credit,26436.53,Education,Rajasthan,739,1,Education,2430.74,Success,ATM,Verified,0,19,-1,-0.017128374081392672
TXN000022099,CUST054446,2019-03-15,02:06,Savings,Net_Banking,22084.54,Credit,19659.21,E-Commerce,Rajasthan,784,1,Auto,23056.64,Success,Branch,Verified,0,2,-1,-0.001382081818234293
TXN000022118,CUST019238,2019-03-15,12:21,Current,UPI,6523.35,Debit,62268.89,Investment,West Bengal,649,1,Gold,9065.4,Reversed,API,Expired,0,12,-1,-0.008276770672104194
TXN000022238,CUST075631,2019-03-16,06:38,NRI,RTGS,4244165.36,Credit,21233.93,Food & Dining,Punjab,792,0,Unknown,0.0,Success,Mobile_App,Verified,1,6,-1,-0.17573876539457234
TXN000022348,CUST041133,2019-03-16,04:43,Current,Net_Banking,58676.74,Credit,4076.53,Healthcare,Maharashtra,360,1,Home,54467.78,Success,ATM,Pending,0,4,-1,-0.013498198647654447
TXN000022356,CUST067582,2019-03-16,11:40,Current,RTGS,901124.47,Credit,22458.03,Healthcare,Karnataka,577,0,Unknown,0.0,Failed,Web,Verified,0,11,-1,-0.009141180844993158
TXN000022362,CUST036517,2019-03-16,21:45,Savings,Net_Banking,5194.99,Debit,35491.4,Entertainment,Delhi,741,1,Business,44230.38,Success,Mobile_App,Verified,0,21,-1,-0.035873945317833056
TXN000022372,CUST063875,2019-03-16,02:18,Salary,NEFT,1147224.21,Debit,61528.57,Fuel,Tamil Nadu,860,0,Unknown,0.0,Success,Mobile_App,Verified,0,2,-1,-0.038464104644473696
TXN000022449,CUST013807,2019-03-16,03:06,Salary,RTGS,653676.79,Credit,7692.07,Entertainment,Gujarat,787,1,Business,1229.48,Success,ATM,Expired,0,3,-1,-0.013735389064408743
TXN000022537,CUST075476,2019-03-17,19:40,Fixed Deposit,RTGS,890650.47,Debit,14278.36,Retail,Telangana,553,1,Home,3428.31,Success,Mobile_App,Verified,0,19,-1,-0.04562324705218346
TXN000022723,CUST042708,2019-03-17,19:59,Salary,IMPS,8759.26,Credit,10898.87,Peer Transfer,Tamil Nadu,372,0,Unknown,0.0,Success,Web,Verified,0,19,-1,-0.00848747963077312
TXN000022986,CUST060911,2019-03-18,04:32,NRI,RTGS,2444623.5,Debit,49402.94,Travel,Tamil Nadu,627,1,Business,18332.24,Success,Mobile_App,Verified,0,4,-1,-0.07972971565308562
TXN000023135,CUST019330,2019-03-19,16:37,Savings,UPI,1149.2,Credit,9091.24,Travel,Tamil Nadu,819,1,Personal,54242.64,Success,POS_Terminal,Verified,0,16,-1,-0.03843789628419547
TXN000023189,CUST018205,2019-03-19,12:10,Current,Net_Banking,3364.88,Credit,14989.32,Insurance,Rajasthan,406,1,Business,9824.62,Success,Web,Verified,0,12,-1,-0.00268977659359515
TXN000023192,CUST075653,2019-03-19,05:07,Fixed Deposit,UPI,373.5,Debit,1277524.08,Investment,Karnataka,616,1,Home,39373.6,Success,Mobile_App,Verified,0,5,-1,-0.10321068163642277
TXN000023267,CUST074649,2019-03-19,18:46,Savings,RTGS,178900.54,Credit,34547.61,Healthcare,Telangana,585,1,Business,17842.05,Success,Mobile_App,Verified,0,18,-1,-0.008724775121673689
TXN000023429,CUST068499,2019-03-20,20:04,Current,RTGS,1169846.77,Credit,21993.15,Food & Dining,West Bengal,797,1,Personal,4338.21,Success,POS_Terminal,Verified,0,20,-1,-0.026406217092422524
TXN000023610,CUST062294,2019-03-20,18:59,Savings,NEFT,2146.81,Credit,23767.67,Salary,Gujarat,370,1,Business,58609.63,Success,ATM,Verified,0,18,-1,-0.05715444732720254
TXN000023777,CUST041950,2019-03-21,07:38,Fixed Deposit,RTGS,920952.61,Credit,16605.74,E-Commerce,Karnataka,472,1,Education,4464.16,Success,POS_Terminal,Verified,0,7,-1,-0.019025456988069345
TXN000023874,CUST026329,2019-03-21,01:32,Savings,IMPS,17831.38,Debit,8099.07,Real Estate,Punjab,886,1,Home,39202.11,Success,API,Verified,0,1,-1,-0.05561066249496316
TXN000023941,CUST074424,2019-03-22,15:19,Current,RTGS,954689.65,Credit,187465.95,Retail,Karnataka,510,0,Unknown,0.0,Success,ATM,Expired,0,15,-1,-0.03228219771828478
TXN000024014,CUST017207,2019-03-22,14:30,Current,NEFT,13427.82,Debit,3685.7,Healthcare,Karnataka,581,1,Home,37532.84,Success,Web,Verified,0,14,-1,-0.018499953441185046
TXN000024188,CUST039442,2019-03-22,12:41,Current,NEFT,16176.3,Debit,66796.28,E-Commerce,Delhi,877,1,Business,53572.93,Success,Web,Verified,0,12,-1,-0.05311153602826679
TXN000024238,CUST064643,2019-03-23,17:36,Savings,RTGS,1204274.55,Debit,10699.24,Investment,Maharashtra,629,0,Unknown,0.0,Success,Web,Verified,1,17,-1,-0.05071468298138526
TXN000024438,CUST003214,2019-03-23,12:50,Salary,Cheque,1981223.48,Debit,213831.56,Salary,West Bengal,549,0,Unknown,0.0,Success,API,Verified,1,12,-1,-0.07855749587733185
TXN000024480,CUST074230,2019-03-23,22:14,Savings,RTGS,1135218.22,Credit,50743.42,Insurance,West Bengal,616,1,Business,7121.96,Success,Mobile_App,Verified,0,22,-1,-0.0020026262196555233
TXN000024620,CUST026491,2019-03-24,09:32,Fixed Deposit,Cheque,746283.31,Debit,47992.33,Food & Dining,Tamil Nadu,708,1,Personal,5051.74,Success,Mobile_App,Verified,0,9,-1,-0.009795350460258478
TXN000024719,CUST059978,2019-03-24,09:00,Current,IMPS,1078.12,Credit,21575.13,Food & Dining,UP,724,1,Business,50851.5,Success,ATM,Verified,0,9,-1,-0.05512428225537325
TXN000024727,CUST025181,2019-03-24,06:04,Current,RTGS,378976.3,Credit,106916.36,Healthcare,Karnataka,645,0,Unknown,0.0,Success,POS_Terminal,Verified,0,6,-1,-0.012981521209864844
TXN000024927,CUST031294,2019-03-25,14:13,Current,RTGS,773809.4,Credit,138127.62,Healthcare,Delhi,768,1,Personal,6943.3,Success,ATM,Verified,0,14,-1,-0.046179877208976206
TXN000024944,CUST045049,2019-03-25,03:59,Savings,UPI,1197.28,Debit,220787.53,Real Estate,Tamil Nadu,750,1,Personal,12128.58,Success,Web,Verified,0,3,-1,-0.001807924545697781
TXN000025145,CUST001692,2019-03-26,14:26,Savings,RTGS,528473.54,Credit,20877.86,Fuel,Delhi,793,1,Home,10100.95,Success,POS_Terminal,Verified,0,14,-1,-0.051867300811513584
TXN000025151,CUST039706,2019-03-26,14:28,NRI,RTGS,146298.68,Credit,72150.62,Retail,Maharashtra,753,0,Unknown,0.0,Success,API,Pending,0,14,-1,-0.012137756713404557
TXN000025263,CUST009850,2019-03-26,06:52,Savings,ATM_Withdrawal,1000.0,Debit,7674.82,Retail,Tamil Nadu,792,0,Unknown,0.0,Success,ATM,Verified,0,6,-1,-0.002703968640987875
TXN000025350,CUST040253,2019-03-26,14:27,Savings,NEFT,7504.14,Credit,23209.66,Food & Dining,West Bengal,372,0,Unknown,0.0,Success,API,Verified,0,14,-1,-0.029613167063460955
TXN000025386,CUST042760,2019-03-26,09:52,Salary,ATM_Withdrawal,2000.0,Debit,68707.62,Peer Transfer,Telangana,649,1,Home,3694.95,Success,Web,Verified,0,9,-1,-0.007046823205141162
TXN000025581,CUST076926,2019-03-27,06:08,Salary,UPI,763.22,Credit,225616.54,Education,Maharashtra,645,1,Unknown,3001.57,Success,Mobile_App,Verified,0,6,-1,-0.010108590670175666
TXN000025620,CUST070675,2019-03-27,23:48,Fixed Deposit,RTGS,54080.67,Debit,179124.69,Insurance,Karnataka,372,0,Unknown,0.0,Success,Web,Verified,0,23,-1,-0.006992716019996514
TXN000025780,CUST074079,2019-03-28,05:32,Current,UPI,563.74,Debit,4925.74,E-Commerce,UP,415,1,Home,69449.92,Success,Mobile_App,Verified,0,5,-1,-0.009018999446329223
TXN000025867,CUST036420,2019-03-28,00:11,Savings,RTGS,1382361.22,Debit,75527.6,Food & Dining,Rajasthan,420,0,Unknown,0.0,Success,Mobile_App,Verified,0,0,-1,-0.005733232913355368
TXN000025935,CUST059517,2019-03-28,18:11,Current,NEFT,14687.07,Credit,118320.07,Travel,UP,501,1,Home,8992.99,Success,Mobile_App,Verified,0,18,-1,-0.019120481258005584
TXN000026048,CUST047359,2019-03-29,17:14,NRI,RTGS,1036169.13,Debit,55294.52,Government,Punjab,819,0,Unknown,0.0,Success,Mobile_App,Verified,1,17,-1,-0.06529106628111181
TXN000026290,CUST009704,2019-03-29,22:01,Savings,UPI,216.12,Credit,3372.5,Real Estate,Maharashtra,501,1,Personal,5677.31,Success,Mobile_App,Verified,0,22,-1,-0.007052573590575761
TXN000026426,CUST040373,2019-03-30,20:09,Savings,IMPS,12911.11,Debit,27992.44,Travel,Maharashtra,801,1,Education,38694.86,Success,ATM,Verified,0,20,-1,-0.00446816286318219
TXN000026546,CUST011340,2019-03-30,04:11,Current,Cheque,2376627.94,Debit,63506.13,Real Estate,Gujarat,844,1,Education,3000.68,Success,Mobile_App,Verified,0,4,-1,-0.09429989495024271
TXN000026797,CUST070510,2019-03-31,07:56,Savings,UPI,139.26,Credit,18572.81,Real Estate,Telangana,585,1,Home,30834.25,Failed,Web,Verified,0,7,-1,-0.0129080657567604
TXN000026851,CUST050023,2019-03-31,14:21,Savings,Cheque,1003123.4,Credit,13135.82,Government,Rajasthan,371,0,Unknown,0.0,Pending,Mobile_App,Verified,0,14,-1,-0.032329594038166154
TXN000026952,CUST040343,2019-04-01,13:51,NRI,NEFT,492.85,Debit,14864.93,Salary,Tamil Nadu,505,0,Unknown,0.0,Success,Branch,Verified,0,13,-1,-0.009277607806545851
TXN000027007,CUST036537,2019-04-01,20:07,Current,RTGS,1067476.84,Debit,1487.5,Peer Transfer,Delhi,487,0,Unknown,0.0,Success,Branch,Pending,0,20,-1,-0.03421021302513494
TXN000027192,CUST069821,2019-04-01,21:20,Current,Cheque,2231171.97,Credit,9661.26,Travel,Delhi,698,0,Unknown,0.0,Success,POS_Terminal,Verified,0,21,-1,-0.05900038193644341
TXN000027387,CUST066513,2019-04-02,03:38,Savings,RTGS,6443708.31,Debit,8267.54,Retail,Maharashtra,353,0,Unknown,0.0,Success,Web,Verified,0,3,-1,-0.08884772750676673
TXN000027398,CUST003771,2019-04-02,09:30,Savings,Cheque,1112660.38,Debit,79614.5,Peer Transfer,Maharashtra,605,1,Home,8631.06,Success,Mobile_App,Verified,1,9,-1,-0.019738070879908753
TXN000027412,CUST059618,2019-04-02,15:39,Savings,ATM_Withdrawal,2000.0,Debit,30008.85,Retail,Tamil Nadu,406,0,Unknown,0.0,Success,Mobile_App,Verified,0,15,-1,-0.0265737286054063
TXN000027478,CUST006738,2019-04-02,03:38,Salary,RTGS,608466.47,Credit,116048.02,Investment,Karnataka,792,1,Personal,4184.02,Success,Mobile_App,Verified,0,3,-1,-0.08336509245579882
TXN000027625,CUST029298,2019-04-03,18:16,Salary,Cheque,724799.82,Debit,44230.85,Peer Transfer,Tamil Nadu,699,0,Unknown,0.0,Success,Web,Verified,0,18,-1,-0.0001982092347272424
TXN000027735,CUST020753,2019-04-03,06:48,Savings,RTGS,1067415.0,Credit,6098.95,Utilities,Karnataka,858,1,Business,4945.24,Success,Mobile_App,Verified,0,6,-1,-0.011886863997642494
TXN000027772,CUST015374,2019-04-03,06:48,Salary,Credit_Card,1283.1,Debit,63337.67,Utilities,West Bengal,866,1,Education,79884.51,Success,POS_Terminal,Verified,0,6,-1,-0.023506339823939237
TXN000027804,CUST074048,2019-04-04,02:34,NRI,RTGS,497040.14,Credit,152579.97,E-Commerce,Tamil Nadu,676,0,Unknown,0.0,Success,ATM,Verified,0,2,-1,-0.06413921217391894
TXN000027837,CUST010715,2019-04-04,06:22,Current,IMPS,21412.51,Debit,267303.4,Peer Transfer,Maharashtra,792,0,Unknown,0.0,Success,Web,Verified,0,6,-1,-0.0019034558374650956
TXN000027842,CUST041079,2019-04-04,01:37,Fixed Deposit,Credit_Card,12962.78,Debit,51661.31,Fuel,Rajasthan,812,1,Auto,66949.15,Success,Mobile_App,Verified,0,1,-1,-0.005076727506562961
TXN000027953,CUST065123,2019-04-04,01:31,Fixed Deposit,NEFT,1299766.95,Credit,28471.56,Retail,Telangana,311,1,Education,1860.44,Success,Mobile_App,Verified,0,1,-1,-0.004608519140092637
TXN000028013,CUST044002,2019-04-04,10:53,Current,Cheque,7496971.32,Credit,242270.62,Travel,Telangana,612,0,Unknown,0.0,Success,Mobile_App,Pending,0,10,-1,-0.07348735939100537
TXN000028078,CUST003731,2019-04-04,02:12,Fixed Deposit,RTGS,6204616.44,Debit,14489.32,Food & Dining,Karnataka,475,1,Auto,9865.03,Success,Mobile_App,Verified,0,2,-1,-0.07204296462092796
TXN000028229,CUST028756,2019-04-05,02:23,Savings,POS,748.39,Debit,188261.21,Fuel,UP,501,1,Business,31136.3,Success,Mobile_App,Verified,0,2,-1,-0.08162238455887927
TXN000028244,CUST021813,2019-04-05,04:13,Salary,RTGS,340398.04,Debit,10836.64,Fuel,West Bengal,796,1,Gold,5431.94,Success,Web,Verified,0,4,-1,-0.019735119678684465
TXN000028258,CUST019306,2019-04-05,22:32,Salary,Cheque,3354724.4,Debit,79355.21,Utilities,Tamil Nadu,349,1,Personal,11996.99,Success,API,Verified,0,22,-1,-0.09622493397945009
TXN000028259,CUST035302,2019-04-05,02:08,Salary,UPI,582.41,Debit,310744.18,Government,Karnataka,649,1,Home,2552.88,Success,Branch,Verified,0,2,-1,-0.025319214336435802
TXN000028397,CUST056173,2019-04-06,21:15,Savings,IMPS,889.7,Debit,3429270.27,Retail,Tamil Nadu,667,0,Unknown,0.0,Success,Mobile_App,Verified,0,21,-1,-0.004819936274707559
TXN000028493,CUST005259,2019-04-06,15:25,Savings,RTGS,1348216.64,Credit,11814.22,Peer Transfer,Tamil Nadu,579,1,Business,5267.52,Success,API,Verified,0,15,-1,-0.034226655784558524
TXN000028635,CUST003112,2019-04-06,00:38,Current,NEFT,1461996.28,Debit,77147.9,Retail,Karnataka,316,1,Home,14529.38,Success,Branch,Verified,0,0,-1,-0.01184477856874977
TXN000028873,CUST060121,2019-04-07,04:56,Salary,RTGS,1434119.14,Debit,36673.29,Travel,Punjab,521,0,Unknown,0.0,Success,Web,Pending,0,4,-1,-0.05238021204248211
TXN000028875,CUST071724,2019-04-07,05:37,Current,Cheque,1044714.06,Debit,111839.92,Retail,Delhi,831,0,Unknown,0.0,Success,Mobile_App,Verified,0,5,-1,-0.027163173100919646
TXN000028947,CUST042205,2019-04-07,02:57,NRI,Cheque,1674167.29,Credit,59135.87,Insurance,Telangana,311,0,Unknown,0.0,Success,Mobile_App,Verified,0,2,-1,-0.014376415142252519
TXN000029138,CUST028131,2019-04-08,03:07,Current,UPI,922.87,Credit,1197.93,Government,Karnataka,838,1,Home,59655.14,Success,Web,Verified,0,3,-1,-0.031063129304148895
TXN000029190,CUST060314,2019-04-08,09:38,Fixed Deposit,Cheque,2141235.32,Debit,204389.79,Entertainment,Maharashtra,823,0,Unknown,0.0,Success,Mobile_App,Verified,0,9,-1,-0.07819981191442049
TXN000029312,CUST040080,2019-04-09,14:44,NRI,Cheque,1823060.71,Credit,29112.7,Healthcare,Karnataka,414,1,Business,1477.53,Success,Mobile_App,Verified,0,14,-1,-0.06496906364514199
TXN000029642,CUST055886,2019-04-10,15:15,NRI,RTGS,102350.19,Debit,4749.72,Healthcare,Karnataka,401,0,Unknown,0.0,Success,Web,Verified,0,15,-1,-0.01693857163714929
TXN000029666,CUST013532,2019-04-10,12:25,NRI,RTGS,391909.75,Credit,67636.06,Salary,Delhi,676,0,Unknown,0.0,Success,Web,Verified,0,12,-1,-0.08706257419310981
TXN000029847,CUST041930,2019-04-11,11:52,Salary,ATM_Withdrawal,1000.0,Debit,45056.67,Travel,Karnataka,505,0,Unknown,0.0,Success,API,Verified,0,11,-1,-0.030348674182457458
TXN000029849,CUST059992,2019-04-11,02:39,Savings,RTGS,96842.63,Credit,61881.74,Travel,Tamil Nadu,714,1,Business,37804.89,Success,Mobile_App,Pending,0,2,-1,-0.01819953638806948
TXN000029984,CUST019677,2019-04-11,01:16,Savings,RTGS,812976.12,Debit,67517.25,Travel,Maharashtra,653,1,Home,5105.84,Pending,Mobile_App,Verified,0,1,-1,-0.0118692694562883
TXN000030003,CUST005108,2019-04-11,00:38,Savings,UPI,60.93,Debit,15230.97,Travel,UP,505,0,Unknown,0.0,Success,Mobile_App,Verified,0,0,-1,-0.006334803431278346
TXN000030399,CUST021585,2019-04-12,19:11,Savings,Net_Banking,9068.09,Debit,7181.7,Peer Transfer,Karnataka,406,0,Unknown,0.0,Success,Branch,Verified,0,19,-1,-0.01909987057875595
TXN000030524,CUST064107,2019-04-13,23:49,Salary,RTGS,1415382.29,Credit,100897.98,Healthcare,Karnataka,728,0,Unknown,0.0,Success,ATM,Verified,0,23,-1,-0.061723622385520316
TXN000030570,CUST010708,2019-04-13,10:10,Salary,RTGS,1103204.47,Debit,147678.21,Healthcare,Maharashtra,715,0,Unknown,0.0,Success,Web,Verified,0,10,-1,-0.03827545730902526
TXN000030632,CUST021984,2019-04-13,04:26,Current,RTGS,1713029.25,Credit,12380.68,Government,Maharashtra,821,0,Unknown,0.0,Failed,ATM,Verified,0,4,-1,-0.08109907910200986
TXN000030642,CUST049254,2019-04-13,07:44,Current,ATM_Withdrawal,1000.0,Debit,9537.14,Retail,UP,649,1,Auto,6931.73,Success,Mobile_App,Verified,0,7,-1,-0.02182533800635844
TXN000030723,CUST025861,2019-04-13,13:58,Savings,RTGS,623062.85,Debit,12550.08,Food & Dining,Maharashtra,423,0,Unknown,0.0,Success,Mobile_App,Verified,0,13,-1,-0.0186299393875905
TXN000030791,CUST033134,2019-04-14,00:30,Current,RTGS,1317118.63,Credit,6369.31,Food & Dining,Gujarat,777,0,Unknown,0.0,Success,Web,Verified,0,0,-1,-0.0009172698453830952
TXN000030829,CUST026743,2019-04-14,03:33,Current,UPI,229.94,Credit,51782.8,Government,Tamil Nadu,522,1,Personal,63605.98,Success,Mobile_App,Verified,0,3,-1,-0.0018302032527800494
TXN000030834,CUST068917,2019-04-14,11:34,Current,Cheque,359543.55,Credit,47614.15,Government,Maharashtra,792,0,Unknown,0.0,Success,Mobile_App,Verified,0,11,-1,-0.03842402981962911
TXN000030929,CUST075114,2019-04-14,19:07,Savings,IMPS,2448.13,Debit,102295.37,Education,West Bengal,406,1,Business,19046.82,Success,Web,Verified,0,19,-1,-0.006234578302032667
TXN000031036,CUST049986,2019-04-14,05:06,Salary,RTGS,1734256.3,Credit,2588.97,Salary,Maharashtra,598,0,Unknown,0.0,Success,Web,Verified,0,5,-1,-0.06255252776575926
TXN000031244,CUST063820,2019-04-15,11:33,Salary,IMPS,1729.43,Debit,6549.21,Entertainment,Delhi,782,0,Unknown,0.0,Success,Web,Verified,0,11,-1,-0.00572606496878747
TXN000031298,CUST022548,2019-04-15,23:13,Savings,IMPS,1182.54,Debit,34169.15,Travel,Gujarat,470,1,Unknown,3754.01,Reversed,Branch,Verified,0,23,-1,-0.005665740320030643
TXN000031339,CUST014090,2019-04-15,05:53,Fixed Deposit,RTGS,857169.78,Credit,20833.13,Investment,Delhi,757,0,Unknown,0.0,Success,Mobile_App,Verified,0,5,-1,-0.03998776583562902
TXN000031451,CUST077164,2019-04-16,04:03,Savings,UPI,2038.26,Debit,159486.64,Entertainment,Tamil Nadu,713,1,Auto,55404.34,Success,Mobile_App,Verified,0,4,-1,-0.042507306933842415
TXN000031500,CUST078382,2019-04-16,15:19,Salary,UPI,289.01,Credit,35908.6,E-Commerce,Karnataka,356,1,Auto,35415.42,Success,Mobile_App,Verified,0,15,-1,-0.0013439742801418797
TXN000031613,CUST032038,2019-04-16,21:41,Current,RTGS,1045238.74,Credit,70023.18,Salary,Tamil Nadu,636,1,Home,3424.88,Pending,POS_Terminal,Verified,0,21,-1,-0.00738579703954656
TXN000031644,CUST045643,2019-04-16,04:51,NRI,NEFT,2666.37,Debit,18362.88,Food & Dining,Maharashtra,676,0,Unknown,0.0,Success,Web,Verified,0,4,-1,-0.0008752690846655087
TXN000031690,CUST056612,2019-04-17,19:31,Salary,Net_Banking,7663.15,Debit,21605.69,Education,Delhi,475,1,Unknown,64795.21,Success,POS_Terminal,Verified,0,19,-1,-0.040468808662143085
TXN000031775,CUST057480,2019-04-17,06:10,Current,RTGS,185620.75,Credit,47604.24,Education,Delhi,829,1,Home,7858.99,Success,Mobile_App,Verified,0,6,-1,-0.022967021129817855
TXN000031784,CUST076774,2019-04-17,03:44,Savings,Auto_Debit,1505.97,Debit,56570.44,Salary,Gujarat,646,1,Unknown,80961.81,Failed,POS_Terminal,Verified,0,3,-1,-0.06857719492312953
TXN000031800,CUST067822,2019-04-17,11:34,Fixed Deposit,UPI,194.03,Credit,5034.83,Peer Transfer,Delhi,614,1,Home,83741.64,Success,Web,Verified,0,11,-1,-0.02276825356622858
TXN000031832,CUST009727,2019-04-17,20:30,Current,RTGS,1522145.94,Credit,18113.93,E-Commerce,Maharashtra,870,0,Unknown,0.0,Success,Mobile_App,Verified,0,20,-1,-0.09403768275239133
TXN000032072,CUST018247,2019-04-18,08:08,Salary,Auto_Debit,1302.61,Debit,69164.1,Insurance,Delhi,739,1,Education,21449.01,Success,Web,Verified,0,8,-1,-0.01734142776576919
TXN000032090,CUST011594,2019-04-18,03:11,Salary,RTGS,1682279.66,Debit,51280.26,Entertainment,Karnataka,790,0,Unknown,0.0,Failed,Mobile_App,Verified,0,3,-1,-0.06271430441201509
TXN000032253,CUST051057,2019-04-18,17:11,Savings,RTGS,450613.21,Credit,42557.87,Fuel,Tamil Nadu,719,0,Unknown,0.0,Success,Mobile_App,Verified,0,17,-1,-0.013330239847335501
TXN000032368,CUST004591,2019-04-19,20:41,Salary,RTGS,909112.15,Credit,155074.29,Food & Dining,Karnataka,875,0,Unknown,0.0,Success,Mobile_App,Verified,1,20,-1,-0.001565373369735834
TXN000032378,CUST026377,2019-04-19,16:32,Savings,RTGS,1756751.83,Credit,41940.09,Education,Tamil Nadu,329,1,Education,9392.08,Reversed,ATM,Verified,0,16,-1,-0.02817774018080943
TXN000032466,CUST073812,2019-04-19,07:43,Savings,RTGS,333330.86,Debit,181407.8,Healthcare,Gujarat,325,1,Unknown,3114.26,Success,Web,Verified,0,7,-1,-0.002519445873270909
TXN000032570,CUST012192,2019-04-19,20:14,Current,UPI,625.54,Credit,45061.94,Retail,Delhi,406,0,Unknown,0.0,Success,Web,Verified,0,20,-1,-0.0037689033058022625
TXN000032719,CUST056960,2019-04-20,01:42,Savings,RTGS,1765880.51,Credit,852.15,Investment,Tamil Nadu,863,0,Unknown,0.0,Success,Branch,Verified,0,1,-1,-0.022851161811612175
TXN000032722,CUST067776,2019-04-20,13:37,Savings,UPI,2368.28,Credit,39539.85,Food & Dining,Karnataka,557,1,Auto,35544.54,Success,Mobile_App,Verified,0,13,-1,-0.004052297219716561
TXN000033160,CUST035159,2019-04-21,15:12,Current,RTGS,583614.48,Debit,538627.05,Healthcare,Maharashtra,718,1,Business,7610.95,Success,Web,Verified,0,15,-1,-0.006539512265439584
TXN000033264,CUST024986,2019-04-22,10:38,Salary,NEFT,30366.49,Debit,94723.28,E-Commerce,Gujarat,853,1,Auto,32508.51,Success,Mobile_App,Verified,0,10,-1,-0.040544100676713435
TXN000033292,CUST067964,2019-04-22,08:41,Current,RTGS,1401910.25,Debit,349935.91,Salary,Karnataka,471,1,Auto,2229.23,Success,Mobile_App,Verified,1,8,-1,-0.07527023975777314
TXN000033443,CUST076828,2019-04-22,03:54,Savings,UPI,498.97,Debit,11709.77,Healthcare,Maharashtra,722,1,Home,32584.57,Success,Web,Verified,0,3,-1,-0.048530115386385964
TXN000034049,CUST022695,2019-04-24,13:29,Savings,UPI,320.14,Debit,9361.93,Food & Dining,Karnataka,328,1,Unknown,73325.71,Success,Mobile_App,Pending,0,13,-1,-0.0433256854504902
TXN000034205,CUST026929,2019-04-25,11:48,Savings,POS,506.6,Debit,197461.99,Food & Dining,Delhi,864,0,Unknown,0.0,Success,POS_Terminal,Verified,0,11,-1,-0.007675358959973622
TXN000034260,CUST077671,2019-04-25,14:44,Current,RTGS,678538.94,Debit,18995.69,Education,Telangana,749,0,Unknown,0.0,Success,POS_Terminal,Verified,0,14,-1,-0.03562021432127105
TXN000034594,CUST009780,2019-04-26,23:53,Savings,RTGS,282733.55,Credit,28453.96,E-Commerce,Karnataka,640,0,Unknown,0.0,Success,Mobile_App,Pending,0,23,-1,-0.04274943046913737
TXN000034650,CUST045082,2019-04-26,23:16,Savings,UPI,1570.07,Credit,22128.43,Food & Dining,Tamil Nadu,505,0,Unknown,0.0,Success,POS_Terminal,Verified,0,23,-1,-0.03883595445141619
TXN000034757,CUST009436,2019-04-27,01:31,Savings,IMPS,1015.54,Credit,271011.63,E-Commerce,Delhi,406,0,Unknown,0.0,Success,POS_Terminal,Verified,0,1,-1,-0.018704174753117364
TXN000034848,CUST076152,2019-04-27,22:54,Current,POS,905.73,Debit,39302.78,Healthcare,Telangana,809,1,Business,58062.95,Success,Mobile_App,Verified,0,22,-1,-0.02111323480834848
TXN000034855,CUST072152,2019-04-27,07:06,Savings,ATM_Withdrawal,1000.0,Debit,5862.55,Utilities,Tamil Nadu,676,0,Unknown,0.0,Success,ATM,Verified,0,7,-1,-0.009449789994046887
TXN000035077,CUST027578,2019-04-28,03:30,Fixed Deposit,UPI,2126.89,Credit,911484.8,Government,West Bengal,864,1,Personal,70377.47,Success,Web,Expired,0,3,-1,-0.01309663043654452
TXN000035134,CUST076780,2019-04-28,17:28,Salary,RTGS,961266.37,Debit,184691.03,Retail,Tamil Nadu,590,0,Unknown,0.0,Success,Mobile_App,Verified,0,17,-1,-0.05680298687809271
TXN000035518,CUST049512,2019-04-29,10:39,Savings,RTGS,1176491.21,Debit,123235.69,Investment,Rajasthan,343,0,Unknown,0.0,Success,Mobile_App,Verified,0,10,-1,-0.002131949852936965
TXN000035627,CUST036089,2019-04-30,04:03,Savings,RTGS,1536058.86,Debit,44060.81,Real Estate,Delhi,634,0,Unknown,0.0,Success,Mobile_App,Verified,0,4,-1,-0.03882853712322887
TXN000035647,CUST025673,2019-04-30,20:54,Savings,Cheque,1591424.38,Debit,4134.15,Investment,Maharashtra,511,1,Home,1668.14,Success,Web,Verified,0,20,-1,-0.004457143310247935
TXN000036009,CUST068647,2019-05-01,05:12,Savings,RTGS,978236.69,Credit,57320.39,Education,Delhi,389,0,Unknown,0.0,Success,ATM,Verified,1,5,-1,-0.0487910646207772
TXN000036078,CUST001050,2019-05-01,20:02,Current,RTGS,316203.73,Debit,60876.9,Education,Telangana,325,0,Unknown,0.0,Success,POS_Terminal,Verified,0,20,-1,-0.013782112183610362
TXN000036268,CUST012513,2019-05-02,14:38,Current,RTGS,141592.27,Credit,19419.14,Healthcare,Tamil Nadu,676,0,Unknown,0.0,Success,Web,Verified,0,14,-1,-0.02586160147392602
TXN000036368,CUST006745,2019-05-02,14:22,Current,NEFT,1426.41,Debit,31559.38,Food & Dining,Telangana,649,1,Personal,14524.53,Success,API,Verified,0,14,-1,-0.008661980588957063
TXN000036532,CUST015869,2019-05-03,22:11,Current,Cheque,1521.51,Debit,7734.95,E-Commerce,Gujarat,792,1,Home,560.19,Success,Mobile_App,Verified,0,22,-1,-0.0063160354490920945
TXN000036563,CUST076987,2019-05-03,14:39,Current,UPI,1039.14,Debit,16167.62,Fuel,Maharashtra,782,1,Gold,20151.16,Success,Mobile_App,Verified,0,14,-1,-0.01730476112807977
TXN000036575,CUST076282,2019-05-03,23:12,Current,ATM_Withdrawal,2000.0,Debit,8602.85,Retail,Karnataka,628,1,Business,34685.6,Pending,Web,Pending,0,23,-1,-0.024476908491090965
TXN000036710,CUST020707,2019-05-03,00:01,Savings,RTGS,930721.51,Credit,12623.73,Healthcare,Telangana,403,0,Unknown,0.0,Success,POS_Terminal,Verified,0,0,-1,-0.014567368195617991
TXN000036712,CUST036596,2019-05-03,13:11,Savings,POS,161.26,Debit,72834.26,Food & Dining,Karnataka,833,1,Personal,41700.6,Success,POS_Terminal,Verified,0,13,-1,-0.019303955900552006
TXN000036799,CUST060607,2019-05-03,02:05,Salary,NEFT,864243.2,Credit,11416.3,Salary,UP,884,0,Unknown,0.0,Success,Mobile_App,Verified,0,2,-1,-0.01361526066306884
TXN000036854,CUST068814,2019-05-04,06:59,Salary,IMPS,5058.28,Debit,335964.03,E-Commerce,Gujarat,782,0,Unknown,0.0,Success,ATM,Verified,0,6,-1,-0.020288201848776666
TXN000036871,CUST062661,2019-05-04,15:48,Current,UPI,942.95,Debit,101628.04,Peer Transfer,Telangana,406,0,Unknown,0.0,Success,Web,Verified,0,15,-1,-0.03175481711344874
TXN000036957,CUST055062,2019-05-04,11:31,Savings,RTGS,1107728.44,Credit,37152.4,Retail,Gujarat,839,1,Personal,567.68,Success,Web,Verified,0,11,-1,-0.08669679924909401
TXN000037010,CUST026602,2019-05-04,13:28,NRI,Cheque,114205.15,Debit,9305.08,Salary,West Bengal,505,0,Unknown,0.0,Pending,ATM,Verified,0,13,-1,-0.02272626718847004
TXN000037015,CUST078222,2019-05-04,19:55,Savings,Auto_Debit,1643.24,Debit,37985.71,Peer Transfer,West Bengal,782,1,Personal,27326.29,Success,Web,Verified,0,19,-1,-0.04631173702061464
TXN000037027,CUST064768,2019-05-04,15:56,Salary,UPI,2395.01,Credit,45408.72,Government,Tamil Nadu,505,0,Unknown,0.0,Success,ATM,Expired,0,15,-1,-0.002021983388828752
TXN000037030,CUST052901,2019-05-04,22:51,Salary,RTGS,692903.16,Credit,24466.6,Government,Tamil Nadu,355,1,Business,1829.85,Success,Web,Verified,0,22,-1,-0.01868057278503843
TXN000037413,CUST031208,2019-05-05,02:58,Current,RTGS,1930477.11,Debit,1931491.57,Peer Transfer,West Bengal,679,0,Unknown,0.0,Success,Mobile_App,Verified,0,2,-1,-0.08055725110883938
TXN000037663,CUST018211,2019-05-06,12:19,Current,RTGS,577266.14,Debit,34042.7,E-Commerce,UP,573,0,Unknown,0.0,Success,Mobile_App,Verified,0,12,-1,-0.026510107706144814
TXN000037825,CUST036974,2019-05-07,16:02,Salary,POS,1422.54,Debit,13634.99,Food & Dining,Delhi,581,1,Home,52025.31,Success,Web,Verified,1,16,-1,-0.016116390851441675
TXN000037834,CUST051160,2019-05-07,03:31,Fixed Deposit,RTGS,797864.24,Credit,99941.43,Salary,Tamil Nadu,658,0,Unknown,0.0,Success,ATM,Verified,0,3,-1,-0.03086804912503216
TXN000037966,CUST024697,2019-05-07,03:19,Current,POS,2246.86,Debit,2923.64,Education,Rajasthan,649,1,Personal,16794.13,Success,Mobile_App,Verified,0,3,-1,-0.030970730440185612
TXN000038271,CUST054396,2019-05-08,09:14,Salary,RTGS,1060655.96,Credit,58267.56,Insurance,Telangana,364,0,Unknown,0.0,Success,Branch,Pending,0,9,-1,-0.04636598228395239
TXN000038338,CUST024246,2019-05-08,08:28,Savings,RTGS,206155.98,Debit,19166.86,Food & Dining,Tamil Nadu,649,0,Unknown,0.0,Success,POS_Terminal,Verified,0,8,-1,-0.031349882236866744
TXN000038359,CUST059851,2019-05-08,04:22,NRI,Cheque,994477.82,Credit,97357.18,Retail,Punjab,589,0,Unknown,0.0,Success,Web,Verified,0,4,-1,-0.037639432872319634
TXN000038601,CUST061156,2019-05-09,06:16,Fixed Deposit,NEFT,176670.16,Debit,95133.57,Peer Transfer,Maharashtra,505,0,Unknown,0.0,Success,API,Expired,0,6,-1,-0.008528864977132011
TXN000038714,CUST063443,2019-05-10,07:05,Savings,RTGS,1005316.24,Credit,350533.14,Travel,UP,413,0,Unknown,0.0,Success,POS_Terminal,Verified,0,7,-1,-0.019102270716806924
TXN000038725,CUST003267,2019-05-10,09:41,Current,RTGS,726405.79,Credit,505249.29,E-Commerce,Maharashtra,590,0,Unknown,0.0,Success,Web,Pending,0,9,-1,-0.04140326678797479
TXN000038784,CUST076428,2019-05-10,16:56,NRI,UPI,275.18,Debit,47252.07,E-Commerce,Karnataka,406,0,Unknown,0.0,Success,API,Verified,0,16,-1,-0.02416826307625297
TXN000038866,CUST006408,2019-05-10,20:19,Savings,RTGS,1617293.67,Credit,8678.28,E-Commerce,Gujarat,415,1,Auto,3123.46,Success,Branch,Pending,0,20,-1,-0.0860719131842006
TXN000038902,CUST079861,2019-05-10,13:33,Savings,IMPS,594.33,Credit,53556.22,Healthcare,Karnataka,864,0,Unknown,0.0,Success,Mobile_App,Verified,0,13,-1,-0.014602576812867363
TXN000038903,CUST077010,2019-05-10,01:09,NRI,IMPS,3478.29,Credit,189738.25,Healthcare,Delhi,406,0,Unknown,0.0,Failed,Branch,Verified,0,1,-1,-0.020695191874976815
TXN000038929,CUST032584,2019-05-10,07:22,Savings,Cheque,2577384.03,Debit,197647.45,Food & Dining,Tamil Nadu,631,0,Unknown,0.0,Success,Mobile_App,Verified,0,7,-1,-0.08945405870606471
TXN000039234,CUST024399,2019-05-11,00:45,Savings,RTGS,296850.16,Credit,312765.75,Utilities,Gujarat,821,1,Personal,25059.35,Success,API,Verified,0,0,-1,-0.01987313176757788
TXN000039368,CUST008693,2019-05-12,13:35,Current,RTGS,132648.78,Debit,52281.15,Fuel,Maharashtra,708,0,Unknown,0.0,Failed,Mobile_App,Verified,0,13,-1,-0.008667348101588201
TXN000039452,CUST074228,2019-05-12,07:02,Savings,RTGS,960517.79,Credit,1142.65,E-Commerce,Maharashtra,471,0,Unknown,0.0,Success,Mobile_App,Verified,0,7,-1,-0.008890059273469864
TXN000039461,CUST031970,2019-05-12,23:13,Salary,Cheque,2412508.07,Debit,6127.95,Retail,Tamil Nadu,815,1,Personal,3426.08,Success,ATM,Verified,0,23,-1,-0.0784343128828846
TXN000039493,CUST023131,2019-05-12,21:23,NRI,UPI,987.52,Debit,19248.12,Salary,UP,372,1,Unknown,26757.87,Success,Branch,Verified,0,21,-1,-0.010018673484847196
TXN000039511,CUST008657,2019-05-12,03:26,Salary,Auto_Debit,3246.45,Debit,8870.3,Food & Dining,Delhi,505,0,Unknown,0.0,Success,Web,Verified,0,3,-1,-0.022699530600697848
TXN000039572,CUST058374,2019-05-13,12:15,Fixed Deposit,RTGS,732765.83,Credit,19523.1,Real Estate,Telangana,753,1,Auto,5970.81,Success,POS_Terminal,Verified,0,12,-1,-0.0734185235962398
TXN000039586,CUST078856,2019-05-13,02:10,Fixed Deposit,RTGS,1667422.8,Debit,64123.8,Travel,Karnataka,754,1,Education,1612.7,Success,Mobile_App,Verified,0,2,-1,-0.09314670564432737
TXN000039701,CUST012334,2019-05-13,21:15,Current,RTGS,2512945.78,Credit,26786.01,Retail,Rajasthan,532,1,Personal,3343.78,Success,Mobile_App,Verified,0,21,-1,-0.04383996741339258
TXN000039732,CUST011809,2019-05-13,03:04,Savings,NEFT,6129.95,Debit,533115.67,Food & Dining,Karnataka,505,0,Unknown,0.0,Success,Mobile_App,Verified,0,3,-1,-0.00580651131415888
TXN000039743,CUST034941,2019-05-13,16:40,Current,IMPS,3602.35,Debit,14529.94,Real Estate,Maharashtra,557,1,Unknown,42085.8,Success,Branch,Verified,0,16,-1,-0.007349768177089211
TXN000039848,CUST013987,2019-05-13,00:54,Current,RTGS,119474.16,Credit,16645.86,Food & Dining,Maharashtra,792,1,Personal,3841.78,Success,Web,Verified,0,0,-1,-0.03820464792053768
TXN000039930,CUST045249,2019-05-14,06:37,Salary,Credit_Card,1663.33,Debit,90486.11,Government,Karnataka,707,1,Unknown,16663.45,Success,Branch,Verified,0,6,-1,-0.005535604829476348
TXN000040016,CUST002988,2019-05-14,05:19,Savings,IMPS,10236.78,Credit,83559.69,Healthcare,Delhi,505,0,Unknown,0.0,Success,POS_Terminal,Verified,0,5,-1,-0.06101886800251821
TXN000040112,CUST041795,2019-05-14,00:38,Savings,Net_Banking,13349.74,Debit,32866.03,Fuel,Karnataka,314,1,Business,77202.29,Success,Mobile_App,Expired,0,0,-1,-0.06953169666194337
TXN000040144,CUST014434,2019-05-14,18:16,NRI,ATM_Withdrawal,1000.0,Debit,19621.17,Healthcare,Gujarat,714,0,Unknown,0.0,Success,POS_Terminal,Verified,0,18,-1,-0.009067750047133338
TXN000040153,CUST079267,2019-05-14,21:02,Current,RTGS,1018692.46,Debit,30708.68,Insurance,Gujarat,369,0,Unknown,0.0,Success,Mobile_App,Pending,0,21,-1,-0.02964770179092069
TXN000040225,CUST035447,2019-05-15,03:09,Current,RTGS,623002.4,Credit,37103.13,Travel,Maharashtra,687,0,Unknown,0.0,Success,POS_Terminal,Verified,0,3,-1,-0.04894133597285799
TXN000040252,CUST018168,2019-05-15,09:09,Current,Net_Banking,16106.1,Debit,75481.27,Travel,Delhi,425,1,Auto,15884.73,Reversed,Branch,Verified,0,9,-1,-0.01403671616821367
TXN000040328,CUST021778,2019-05-15,04:06,Current,Cheque,2505009.48,Credit,38571.67,Food & Dining,Tamil Nadu,737,0,Unknown,0.0,Success,Mobile_App,Verified,0,4,-1,-0.05234646698227108
TXN000040383,CUST026199,2019-05-15,02:42,Savings,RTGS,1188726.65,Credit,8453.83,Salary,Gujarat,782,0,Unknown,0.0,Success,Web,Verified,0,2,-1,-0.05278564787703943
TXN000040428,CUST075154,2019-05-15,21:00,Current,RTGS,904368.29,Credit,2447.15,Travel,Maharashtra,619,0,Unknown,0.0,Pending,Mobile_App,Verified,0,21,-1,-0.0380122593958403
TXN000040509,CUST058117,2019-05-16,06:47,Salary,UPI,566.77,Debit,74912.38,E-Commerce,Delhi,516,1,Home,67154.86,Success,POS_Terminal,Verified,0,6,-1,-0.02154826436987145
TXN000040572,CUST074049,2019-05-16,03:17,Savings,IMPS,32016.77,Credit,3611.97,Entertainment,Delhi,799,1,Personal,32331.26,Success,API,Expired,0,3,-1,-0.03307872794213573
TXN000040745,CUST039794,2019-05-16,03:30,Salary,UPI,3281.46,Credit,64291.44,Fuel,Delhi,470,1,Auto,9057.15,Success,POS_Terminal,Verified,0,3,-1,-0.002324457295572846
TXN000040906,CUST001617,2019-05-17,13:44,Current,RTGS,307648.77,Debit,35134.27,Retail,Telangana,370,0,Unknown,0.0,Reversed,Mobile_App,Verified,0,13,-1,-0.006065707640937501
TXN000040954,CUST001402,2019-05-17,17:01,Salary,RTGS,1236701.23,Debit,12183.61,Education,Karnataka,641,0,Unknown,0.0,Success,ATM,Verified,0,17,-1,-0.03286063094262037
TXN000041062,CUST069386,2019-05-17,01:38,Savings,RTGS,1592239.84,Credit,43625.56,Food & Dining,Maharashtra,710,1,Education,909.01,Success,API,Verified,0,1,-1,-0.07764434177841228
TXN000041069,CUST067714,2019-05-17,03:58,Salary,POS,641.73,Debit,22668.41,Healthcare,West Bengal,512,1,Education,34227.4,Success,Mobile_App,Verified,0,3,-1,-0.03578518942358766
TXN000041101,CUST076638,2019-05-18,17:42,Fixed Deposit,NEFT,3673.14,Credit,27106.55,Food & Dining,Rajasthan,505,0,Unknown,0.0,Success,Branch,Verified,0,17,-1,-0.00910099512990592
TXN000041124,CUST066593,2019-05-18,15:02,NRI,RTGS,776661.41,Debit,924.66,Investment,Karnataka,379,1,Education,932.21,Success,Web,Pending,0,15,-1,-0.005848984100587207
TXN000041196,CUST040426,2019-05-18,01:52,NRI,IMPS,30830.72,Credit,22911.35,Food & Dining,Karnataka,406,0,Unknown,0.0,Success,Mobile_App,Expired,0,1,-1,-0.036277736107507064
TXN000041274,CUST065486,2019-05-18,21:59,Current,RTGS,280869.44,Credit,419213.18,Investment,Maharashtra,792,0,Unknown,0.0,Success,POS_Terminal,Verified,0,21,-1,-0.014090662807506815
TXN000041435,CUST024850,2019-05-18,13:19,Savings,RTGS,823414.74,Credit,37263.33,E-Commerce,Gujarat,405,0,Unknown,0.0,Success,Mobile_App,Verified,1,13,-1,-0.019314215454569683
TXN000041492,CUST021150,2019-05-19,02:39,Savings,RTGS,1155419.28,Debit,49279.97,Food & Dining,Punjab,303,1,Home,6723.34,Success,POS_Terminal,Verified,0,2,-1,-0.016999841044140318
TXN000041764,CUST039853,2019-05-20,16:51,Current,UPI,2073.23,Debit,13297.52,Peer Transfer,Maharashtra,695,1,Home,41838.71,Success,API,Pending,0,16,-1,-0.0028060882190469316
TXN000041870,CUST067130,2019-05-20,16:38,Salary,RTGS,3268865.0,Credit,96744.34,Travel,UP,870,1,Home,2800.56,Success,Mobile_App,Verified,0,16,-1,-0.09175755530861074
TXN000041928,CUST057248,2019-05-20,06:15,Savings,UPI,971.97,Credit,3743.52,Utilities,Delhi,575,0,Unknown,0.0,Success,Web,Verified,0,6,-1,-0.005396908620519114
TXN000041975,CUST043548,2019-05-20,00:18,Savings,UPI,313.81,Credit,35445.08,E-Commerce,UP,803,0,Unknown,0.0,Success,Mobile_App,Verified,0,0,-1,-0.0020104981256796606
TXN000041985,CUST005190,2019-05-20,11:59,Savings,UPI,81.01,Credit,41839.77,Salary,Rajasthan,859,1,Personal,66876.68,Success,Mobile_App,Verified,0,11,-1,-0.02105830200749892
TXN000042070,CUST068347,2019-05-21,10:12,Current,Cheque,26061.9,Credit,64984.11,Investment,Delhi,640,0,Unknown,0.0,Failed,Branch,Verified,0,10,-1,-0.001426356222970937
TXN000042177,CUST028083,2019-05-21,15:07,Salary,ATM_Withdrawal,2000.0,Debit,5178.38,Healthcare,Maharashtra,406,1,Education,14198.4,Success,Web,Verified,0,15,-1,-0.011993389033637558
TXN000042192,CUST036969,2019-05-21,11:33,Salary,Net_Banking,962.35,Debit,21593.52,Retail,Tamil Nadu,611,1,Personal,114971.97,Success,ATM,Verified,0,11,-1,-0.015915448288571277
TXN000042404,CUST014144,2019-05-22,08:58,Current,RTGS,175692.6,Credit,15236.35,Peer Transfer,Maharashtra,401,1,Personal,4369.83,Success,Mobile_App,Verified,0,8,-1,-0.02907179762325629
TXN000042432,CUST054390,2019-05-22,14:39,Savings,Cheque,297194.07,Credit,60415.17,Fuel,Gujarat,654,1,Home,6545.79,Success,Branch,Verified,0,14,-1,-0.018005701859757917
TXN000042453,CUST063799,2019-05-22,09:28,Salary,POS,2947.88,Debit,193177.34,Healthcare,West Bengal,535,1,Personal,28772.12,Failed,API,Verified,0,9,-1,-0.038532609528226236
TXN000042535,CUST026360,2019-05-22,23:08,Savings,RTGS,590329.89,Debit,58483.92,Salary,Tamil Nadu,505,0,Unknown,0.0,Success,Web,Verified,0,23,-1,-0.02764493701303128
TXN000042820,CUST067063,2019-05-23,08:55,Fixed Deposit,UPI,1951.64,Debit,13531.02,Retail,Rajasthan,640,1,Home,3213.1,Success,Mobile_App,Verified,0,8,-1,-0.0037199302579843385
TXN000042967,CUST074343,2019-05-24,12:22,Current,UPI,1035.26,Debit,18620.63,E-Commerce,Karnataka,653,1,Unknown,47969.69,Success,Branch,Verified,0,12,-1,-0.022360191997465972
TXN000043029,CUST033857,2019-05-24,16:20,Savings,RTGS,1493334.43,Credit,704.62,Travel,West Bengal,832,1,Personal,5479.24,Pending,Branch,Verified,1,16,-1,-0.037672359587727966
TXN000043034,CUST033100,2019-05-24,10:56,Current,RTGS,836510.49,Debit,54231.7,Peer Transfer,Gujarat,774,1,Home,1015.13,Success,Mobile_App,Verified,0,10,-1,-0.03403117888492202
TXN000043102,CUST035332,2019-05-24,01:50,Savings,RTGS,1095628.56,Credit,9198.08,E-Commerce,Punjab,308,0,Unknown,0.0,Success,Web,Verified,0,1,-1,-0.0461991681923517
TXN000043149,CUST021959,2019-05-24,00:35,Savings,RTGS,2065776.1,Debit,84496.4,Salary,Gujarat,382,0,Unknown,0.0,Success,Mobile_App,Verified,0,0,-1,-0.06013212302868931
TXN000043187,CUST021548,2019-05-24,20:37,Current,RTGS,1378909.31,Debit,175659.46,E-Commerce,UP,549,0,Unknown,0.0,Success,API,Verified,0,20,-1,-0.05723037383040519
TXN000043355,CUST054114,2019-05-25,23:53,Savings,UPI,1018.0,Credit,5135.86,E-Commerce,Maharashtra,866,1,Education,57917.17,Success,Web,Expired,0,23,-1,-0.01721155562941512
TXN000043464,CUST030734,2019-05-25,12:03,NRI,ATM_Withdrawal,500.0,Debit,5000000.0,Utilities,Tamil Nadu,348,0,Unknown,0.0,Success,POS_Terminal,Verified,0,12,-1,-0.04155724335785338
TXN000043480,CUST070244,2019-05-25,16:25,Fixed Deposit,RTGS,2015065.63,Debit,169041.16,Healthcare,UP,482,1,Unknown,3155.64,Success,POS_Terminal,Verified,1,16,-1,-0.06985262784316248
TXN000043518,CUST017929,2019-05-25,10:59,Current,RTGS,1232415.45,Credit,47272.77,Salary,Maharashtra,871,0,Unknown,0.0,Success,Mobile_App,Verified,0,10,-1,-0.027466729787788413
TXN000043829,CUST021516,2019-05-26,10:44,NRI,IMPS,10066.31,Debit,78489.6,Travel,Gujarat,470,1,Personal,15291.13,Success,API,Verified,0,10,-1,-0.011810457996903723
TXN000043960,CUST045305,2019-05-27,01:40,NRI,ATM_Withdrawal,1000.0,Debit,130099.28,Retail,Delhi,676,0,Unknown,0.0,Success,Mobile_App,Pending,0,1,-1,-0.0007614566047089433
TXN000044127,CUST037934,2019-05-27,17:59,Savings,Auto_Debit,597.25,Debit,399306.84,Healthcare,Telangana,535,1,Home,1203.96,Success,Mobile_App,Verified,0,17,-1,-0.0025869971330300112
TXN000044221,CUST031787,2019-05-28,14:54,Savings,UPI,712.03,Debit,71687.18,Peer Transfer,Rajasthan,406,0,Unknown,0.0,Success,Mobile_App,Verified,0,14,-1,-0.010627425316730776
TXN000044394,CUST041585,2019-05-28,21:06,Savings,IMPS,462.12,Credit,81348.89,Fuel,Tamil Nadu,782,0,Unknown,0.0,Success,Mobile_App,Pending,0,21,-1,-0.008939965383136794
TXN000044573,CUST028907,2019-05-29,02:08,Current,UPI,115.64,Debit,117479.03,Food & Dining,Maharashtra,501,1,Auto,10204.57,Success,Mobile_App,Verified,0,2,-1,-0.023529657817398575
TXN000044612,CUST053094,2019-05-29,04:07,Salary,IMPS,24045.95,Credit,210725.92,Insurance,Karnataka,406,0,Unknown,0.0,Success,Mobile_App,Expired,0,4,-1,-0.01005081378310857
TXN000044749,CUST076275,2019-05-30,19:55,Savings,IMPS,3465.05,Debit,147121.35,Food & Dining,Maharashtra,406,1,Business,6964.72,Success,Mobile_App,Verified,0,19,-1,-0.0024369377814852378
TXN000044954,CUST077975,2019-05-30,15:55,Salary,UPI,6992.67,Credit,9081.33,Entertainment,Tamil Nadu,372,0,Unknown,0.0,Success,Web,Verified,0,15,-1,-0.038304913186691936
TXN000045213,CUST066894,2019-05-31,01:40,Salary,Auto_Debit,2380.62,Debit,22341.95,E-Commerce,Tamil Nadu,406,0,Unknown,0.0,Success,POS_Terminal,Verified,0,1,-1,-0.019193975918611828
TXN000045296,CUST059372,2019-05-31,04:58,Savings,RTGS,417634.02,Credit,158212.64,Education,Delhi,423,0,Unknown,0.0,Success,Mobile_App,Pending,0,4,-1,-0.014725101086983883
TXN000045434,CUST018873,2019-06-01,22:40,Current,Net_Banking,5017.55,Credit,28155.21,E-Commerce,Maharashtra,676,0,Unknown,0.0,Success,ATM,Verified,0,22,-1,-0.019442199029676477
TXN000045515,CUST068395,2019-06-01,13:13,Fixed Deposit,RTGS,387774.97,Credit,2422.72,Entertainment,Delhi,375,0,Unknown,0.0,Success,POS_Terminal,Verified,0,13,-1,-0.003577578751201904
TXN000045536,CUST077741,2019-06-01,11:59,Salary,Auto_Debit,7046.59,Debit,5164.76,Travel,Gujarat,505,0,Unknown,0.0,Success,Branch,Verified,0,11,-1,-0.0525117166614838
TXN000045539,CUST021751,2019-06-01,20:41,Savings,RTGS,822526.08,Credit,28854.76,Peer Transfer,Tamil Nadu,774,0,Unknown,0.0,Success,Web,Verified,0,20,-1,-0.048506654207913336
TXN000045588,CUST060116,2019-06-01,12:54,Salary,Cheque,203177.49,Credit,17846.2,Travel,Karnataka,676,0,Unknown,0.0,Success,Mobile_App,Verified,0,12,-1,-0.044211137620480456
TXN000045721,CUST009160,2019-06-02,20:48,Savings,RTGS,641899.43,Debit,13821.52,Retail,Delhi,585,1,Unknown,3528.96,Reversed,Mobile_App,Verified,0,20,-1,-0.0351993618388492
TXN000045746,CUST049716,2019-06-02,20:34,Salary,RTGS,763956.06,Debit,23945.47,E-Commerce,Tamil Nadu,768,1,Auto,14082.14,Success,POS_Terminal,Verified,0,20,-1,-0.014840980726984476
TXN000045753,CUST054327,2019-06-02,10:06,NRI,Auto_Debit,1177.88,Debit,23459.46,Utilities,Karnataka,750,1,Personal,34700.01,Success,Mobile_App,Verified,0,10,-1,-0.07469257072218627
TXN000045864,CUST011066,2019-06-02,00:57,Salary,IMPS,5867.45,Debit,6855.41,Entertainment,Delhi,505,0,Unknown,0.0,Success,Mobile_App,Verified,0,0,-1,-0.012794450507607857
TXN000045975,CUST020600,2019-06-02,23:59,Savings,IMPS,3250.24,Credit,30019.31,Insurance,Tamil Nadu,505,0,Unknown,0.0,Success,Mobile_App,Verified,0,23,-1,-0.03805900482777602
TXN000045993,CUST022425,2019-06-03,15:20,Current,RTGS,354332.65,Credit,23118.49,Peer Transfer,Telangana,401,0,Unknown,0.0,Success,Mobile_App,Verified,0,15,-1,-0.06281134744463379
TXN000046019,CUST032035,2019-06-03,19:24,Savings,UPI,78.76,Debit,89738.04,Peer Transfer,Karnataka,599,1,Business,43011.36,Success,Web,Verified,0,19,-1,-0.0030038514915784464
TXN000046186,CUST037405,2019-06-03,03:24,Salary,IMPS,5621.79,Debit,653388.51,E-Commerce,Karnataka,749,1,Unknown,41459.48,Success,Web,Verified,0,3,-1,-0.10353291076422777
TXN000046234,CUST002302,2019-06-03,06:47,Current,Net_Banking,11259.7,Credit,119762.37,Entertainment,Tamil Nadu,658,1,Personal,41996.69,Success,Mobile_App,Verified,0,6,-1,-0.016193944456859843
TXN000046455,CUST066920,2019-06-04,18:15,Current,RTGS,960768.21,Credit,214352.62,Insurance,UP,370,0,Unknown,0.0,Success,Mobile_App,Verified,1,18,-1,-0.08368293131928772
TXN000046518,CUST025011,2019-06-04,12:07,Savings,Cheque,331868.69,Debit,66219.69,Food & Dining,Maharashtra,762,1,Business,32066.43,Reversed,Mobile_App,Verified,0,12,-1,-0.0007100024662155535
TXN000046563,CUST062640,2019-06-04,03:55,Current,ATM_Withdrawal,500.0,Debit,55188.16,Food & Dining,Punjab,406,1,Education,5734.2,Success,Web,Verified,0,3,-1,-0.0004690090459107399
TXN000046614,CUST001216,2019-06-05,20:49,Current,Auto_Debit,7829.53,Debit,21739.82,Food & Dining,Delhi,483,1,Personal,20263.88,Success,Branch,Verified,0,20,-1,-0.014979107830062288
TXN000046626,CUST012709,2019-06-05,06:22,Current,RTGS,1445527.0,Credit,2778.52,Government,Maharashtra,416,0,Unknown,0.0,Success,Mobile_App,Verified,0,6,-1,-0.03348785514491903
TXN000046646,CUST053802,2019-06-05,08:44,Savings,RTGS,1556554.37,Debit,242307.78,Education,Gujarat,857,0,Unknown,0.0,Success,API,Verified,0,8,-1,-0.022072762169734306
TXN000046804,CUST073760,2019-06-05,18:22,Savings,NEFT,14381.47,Credit,53018.7,Education,Punjab,574,1,Home,53518.8,Success,Mobile_App,Verified,0,18,-1,-0.08727567158941074
TXN000047057,CUST034730,2019-06-06,00:51,Savings,Net_Banking,3085.87,Credit,43431.56,Retail,Punjab,372,0,Unknown,0.0,Reversed,POS_Terminal,Verified,0,0,-1,-0.03395061210403216
TXN000047113,CUST008173,2019-06-06,13:15,NRI,UPI,1108.61,Debit,236012.07,Fuel,Rajasthan,892,1,Home,36989.74,Success,POS_Terminal,Verified,0,13,-1,-0.012708470687166185
TXN000047196,CUST053203,2019-06-07,20:35,Savings,UPI,65.93,Debit,47185.19,Travel,Karnataka,409,1,Personal,37937.03,Success,POS_Terminal,Verified,0,20,-1,-0.00011094709636638722
TXN000047216,CUST027753,2019-06-07,16:34,NRI,RTGS,1899788.92,Credit,131367.85,Food & Dining,Tamil Nadu,391,1,Personal,2900.24,Success,POS_Terminal,Verified,0,16,-1,-0.046075314554061
TXN000047285,CUST001805,2019-06-07,21:31,Current,UPI,156.92,Debit,2885.33,Peer Transfer,Delhi,505,0,Unknown,0.0,Success,POS_Terminal,Verified,0,21,-1,-0.03384995578508043
TXN000047387,CUST001148,2019-06-07,10:46,Savings,IMPS,89.02,Credit,61232.93,Healthcare,Tamil Nadu,872,1,Education,47913.49,Success,Mobile_App,Verified,0,10,-1,-0.049563474322536716
TXN000047625,CUST012872,2019-06-08,23:09,NRI,Net_Banking,2058127.28,Credit,138212.98,Utilities,Delhi,647,0,Unknown,0.0,Success,API,Verified,0,23,-1,-0.0732674136290955
TXN000047660,CUST075383,2019-06-08,05:42,Current,RTGS,46236.39,Credit,5447.09,Healthcare,Tamil Nadu,585,0,Unknown,0.0,Success,ATM,Verified,0,5,-1,-0.008683954357967871
TXN000047675,CUST013871,2019-06-08,00:20,Current,RTGS,1120201.3,Credit,13952.63,Healthcare,Maharashtra,486,0,Unknown,0.0,Success,Branch,Verified,0,0,-1,-0.0015095555340576272
TXN000047726,CUST000859,2019-06-08,02:03,Current,RTGS,594850.16,Credit,30133.14,Food & Dining,West Bengal,807,1,Home,7516.54,Success,Mobile_App,Verified,0,2,-1,-1.4183059590000546e-05
TXN000047747,CUST028685,2019-06-09,21:38,Salary,Net_Banking,5452.77,Credit,454789.31,Salary,Rajasthan,406,0,Unknown,0.0,Success,Mobile_App,Verified,0,21,-1,-0.024200640940185147
TXN000047911,CUST014063,2019-06-09,22:28,Current,POS,15420.16,Debit,119581.01,Government,Telangana,548,1,Home,8387.67,Success,POS_Terminal,Verified,0,22,-1,-0.0033715410086458952
TXN000047930,CUST052501,2019-06-09,21:56,Savings,IMPS,12149.15,Debit,87137.28,Investment,Gujarat,782,0,Unknown,0.0,Success,Web,Verified,0,21,-1,-0.00762571019598246
TXN000048009,CUST018679,2019-06-09,19:48,Savings,RTGS,191644.72,Credit,49635.28,Food & Dining,Maharashtra,505,1,Education,2843.64,Success,Web,Verified,0,19,-1,-0.0023154493572866697
TXN000048242,CUST059945,2019-06-10,22:04,Current,Cheque,1822626.8,Credit,255172.23,Real Estate,Karnataka,669,0,Unknown,0.0,Success,POS_Terminal,Pending,0,22,-1,-0.05360567573058017
TXN000048350,CUST058133,2019-06-11,04:55,Fixed Deposit,Auto_Debit,3777.1,Debit,12637.38,Salary,Gujarat,680,0,Unknown,0.0,Success,POS_Terminal,Verified,0,4,-1,-0.015986905667298212
TXN000048529,CUST061156,2019-06-11,14:40,Savings,IMPS,938.63,Credit,184795.85,E-Commerce,Karnataka,673,0,Unknown,0.0,Success,Mobile_App,Expired,0,14,-1,-0.00274449753403172
TXN000048592,CUST075022,2019-06-11,05:14,Savings,Net_Banking,25180.16,Debit,920.14,Travel,West Bengal,363,1,Business,34217.99,Success,Mobile_App,Verified,0,5,-1,-0.006565790014194217
TXN000048641,CUST053193,2019-06-12,03:41,Current,RTGS,1594460.97,Debit,18302.96,Retail,Delhi,755,0,Unknown,0.0,Success,Branch,Verified,0,3,-1,-0.09284788656958776
TXN000048804,CUST059173,2019-06-12,14:55,Savings,UPI,525.83,Credit,32982.64,Education,Karnataka,749,1,Business,985.53,Success,Mobile_App,Verified,0,14,-1,-0.003576324364082284
TXN000049172,CUST026593,2019-06-13,18:39,Fixed Deposit,UPI,498.97,Debit,5810.02,Utilities,Maharashtra,649,1,Home,13182.11,Success,Mobile_App,Verified,0,18,-1,-0.008521441219917159
TXN000049189,CUST006602,2019-06-13,11:36,Savings,NEFT,15340.42,Credit,112471.24,Investment,Gujarat,505,0,Unknown,0.0,Success,Branch,Pending,0,11,-1,-0.01783545212591864
TXN000049337,CUST073776,2019-06-14,02:33,Current,NEFT,667803.04,Credit,108852.97,Travel,Delhi,785,0,Unknown,0.0,Success,POS_Terminal,Verified,0,2,-1,-0.02832265323328509
TXN000049397,CUST006540,2019-06-14,20:15,Salary,IMPS,2311.27,Credit,139507.82,Fuel,Telangana,638,1,Auto,54208.9,Pending,Web,Verified,0,20,-1,-0.019529905057875552
TXN000049557,CUST035838,2019-06-14,04:54,Current,NEFT,777487.52,Debit,16015.25,Investment,Delhi,804,0,Unknown,0.0,Failed,Web,Verified,0,4,-1,-0.013106891968760914
TXN000049566,CUST062403,2019-06-14,05:59,Savings,RTGS,509062.55,Credit,35100.22,Education,Maharashtra,718,1,Home,5093.04,Success,POS_Terminal,Verified,1,5,-1,-0.026787096658425935
TXN000049613,CUST019225,2019-06-15,17:09,Salary,POS,795.1,Debit,71792.4,Salary,West Bengal,470,1,Personal,7292.29,Pending,Mobile_App,Verified,0,17,-1,-0.0074717452368242565
TXN000049626,CUST003662,2019-06-15,11:12,Salary,Auto_Debit,988.4,Debit,265018.32,Retail,UP,793,0,Unknown,0.0,Success,Mobile_App,Verified,0,11,-1,-0.01615908872447558
TXN000049669,CUST019818,2019-06-15,10:47,Savings,RTGS,1526327.92,Credit,31295.93,Investment,Karnataka,690,0,Unknown,0.0,Success,Mobile_App,Verified,0,10,-1,-0.02884584330087836
TXN000049673,CUST017744,2019-06-15,12:38,Savings,UPI,1008.46,Debit,13736.71,Salary,Punjab,406,0,Unknown,0.0,Success,ATM,Expired,0,12,-1,-0.01864417698371157
TXN000049700,CUST025774,2019-06-15,23:17,Savings,NEFT,12551.54,Debit,14160.99,Education,Delhi,762,1,Education,44052.35,Success,Mobile_App,Verified,0,23,-1,-0.05759480817281948
TXN000049743,CUST068596,2019-06-15,18:09,Salary,RTGS,517259.74,Debit,39149.59,Food & Dining,UP,649,1,Home,1869.33,Success,ATM,Verified,0,18,-1,-0.04205017487332385
TXN000049837,CUST015480,2019-06-15,08:58,Savings,NEFT,5565.11,Credit,98171.43,Retail,Delhi,676,0,Unknown,0.0,Success,Web,Verified,0,8,-1,-0.0019035527661921403
TXN000049989,CUST051247,2019-06-16,20:44,Savings,UPI,305.6,Credit,137094.09,Retail,West Bengal,385,1,Personal,48123.71,Success,Mobile_App,Verified,0,20,-1,-0.02651432863552694
TXN000050671,CUST050193,2019-06-18,16:54,Savings,RTGS,736652.33,Credit,38370.89,Travel,Delhi,318,0,Unknown,0.0,Success,Branch,Verified,0,16,-1,-0.004273577958894936
TXN000050836,CUST026962,2019-06-19,11:29,Current,RTGS,1003810.26,Credit,14549.66,E-Commerce,Karnataka,478,0,Unknown,0.0,Success,POS_Terminal,Verified,0,11,-1,-0.011187512380360198
TXN000050901,CUST044957,2019-06-19,01:50,NRI,RTGS,1354647.31,Debit,2143.75,Peer Transfer,Delhi,509,0,Unknown,0.0,Success,Web,Verified,0,1,-1,-0.027692484820522334
TXN000051086,CUST003672,2019-06-19,08:25,Current,RTGS,250063.79,Debit,49467.21,Entertainment,Karnataka,676,0,Unknown,0.0,Success,Branch,Verified,0,8,-1,-0.02700468013626134
TXN000051230,CUST060778,2019-06-20,03:08,Current,RTGS,327423.07,Credit,22717.38,Travel,Punjab,364,0,Unknown,0.0,Success,Mobile_App,Verified,0,3,-1,-0.007737632193176025
TXN000051479,CUST017311,2019-06-21,14:28,Current,RTGS,1781375.03,Debit,22814.32,Education,Tamil Nadu,407,0,Unknown,0.0,Success,Mobile_App,Verified,0,14,-1,-0.0635874349282457
TXN000051530,CUST063524,2019-06-21,02:14,Fixed Deposit,Cheque,2869699.68,Debit,136990.82,Retail,Delhi,880,0,Unknown,0.0,Success,Mobile_App,Verified,0,2,-1,-0.08933148897894427
TXN000051581,CUST017921,2019-06-21,00:51,Fixed Deposit,IMPS,499.59,Credit,99959.09,E-Commerce,West Bengal,640,0,Unknown,0.0,Success,Mobile_App,Verified,0,0,-1,-0.0100874390740181
TXN000051701,CUST039909,2019-06-21,06:55,Salary,NEFT,3019.63,Credit,18100.84,Real Estate,Telangana,574,0,Unknown,0.0,Success,Web,Verified,0,6,-1,-0.017106661020938607
TXN000051775,CUST007918,2019-06-22,00:35,Savings,RTGS,1239703.47,Debit,9378.55,Utilities,UP,703,0,Unknown,0.0,Success,Mobile_App,Verified,0,0,-1,-0.0032497413875897108
TXN000051866,CUST063744,2019-06-22,21:22,Current,IMPS,537.57,Debit,129775.17,E-Commerce,Tamil Nadu,782,0,Unknown,0.0,Reversed,Web,Verified,0,21,-1,-0.0011105537033890833
TXN000051931,CUST006851,2019-06-22,16:56,Current,NEFT,913923.86,Credit,4781.32,Utilities,Punjab,749,0,Unknown,0.0,Success,Mobile_App,Verified,0,16,-1,-0.0005899427095471532
TXN000052011,CUST022968,2019-06-23,22:31,Savings,RTGS,290271.4,Credit,67178.12,Food & Dining,Rajasthan,314,0,Unknown,0.0,Success,Web,Verified,0,22,-1,-0.07706328518245631
TXN000052043,CUST005845,2019-06-23,20:05,Savings,RTGS,676051.32,Debit,5359.55,Healthcare,Gujarat,640,0,Unknown,0.0,Success,Mobile_App,Verified,0,20,-1,-0.03825747871046237
TXN000052072,CUST054007,2019-06-23,03:59,Fixed Deposit,UPI,259.75,Debit,46191.52,Utilities,Delhi,542,1,Home,25607.86,Success,Mobile_App,Verified,0,3,-1,-0.008376032966168179
TXN000052183,CUST026882,2019-06-23,15:49,Savings,NEFT,19091.03,Debit,22631.67,Retail,Karnataka,641,1,Home,96319.89,Success,ATM,Verified,0,15,-1,-0.03216190976819422
TXN000052188,CUST032345,2019-06-23,02:30,Current,Auto_Debit,1056.58,Debit,3928329.05,Travel,West Bengal,549,0,Unknown,0.0,Success,Web,Verified,0,2,-1,-0.054687541321081
TXN000052240,CUST069740,2019-06-23,16:51,Salary,Cheque,2263571.96,Debit,51738.75,E-Commerce,Punjab,798,0,Unknown,0.0,Success,ATM,Verified,0,16,-1,-0.11721074958396116
TXN000052297,CUST079164,2019-06-23,05:52,Salary,RTGS,1550439.43,Credit,73504.28,Travel,Gujarat,501,0,Unknown,0.0,Success,Mobile_App,Verified,0,5,-1,-0.06450133851277806
TXN000052336,CUST067891,2019-06-24,16:57,Fixed Deposit,Cheque,2050099.07,Debit,19382.23,Entertainment,Maharashtra,742,0,Unknown,0.0,Success,Mobile_App,Pending,0,16,-1,-0.06972647124039677
TXN000052346,CUST071949,2019-06-24,04:38,Fixed Deposit,RTGS,155219.51,Debit,24232.84,Peer Transfer,Gujarat,392,0,Unknown,0.0,Success,POS_Terminal,Verified,0,4,-1,-0.022445223516101898
TXN000052408,CUST029765,2019-06-24,15:31,NRI,Net_Banking,17677.26,Credit,27569.7,Retail,Tamil Nadu,616,0,Unknown,0.0,Success,Mobile_App,Verified,0,15,-1,-0.05089093271094658
TXN000052648,CUST012272,2019-06-25,14:25,Savings,UPI,537.66,Credit,3632.34,Food & Dining,Delhi,882,1,Personal,15261.07,Success,Branch,Verified,0,14,-1,-0.0038854145704210197
TXN000052722,CUST004957,2019-06-25,16:47,Fixed Deposit,RTGS,466208.76,Credit,87342.43,Healthcare,Maharashtra,516,1,Education,1450.88,Success,Web,Verified,0,16,-1,-0.020559620352192387
TXN000052763,CUST022780,2019-06-25,08:29,Savings,RTGS,1204225.52,Debit,72661.96,E-Commerce,Tamil Nadu,727,0,Unknown,0.0,Success,ATM,Verified,1,8,-1,-0.021044470308518304
TXN000052841,CUST069424,2019-06-25,00:09,Salary,RTGS,770991.43,Debit,22987.86,Healthcare,Delhi,585,0,Unknown,0.0,Success,POS_Terminal,Verified,0,0,-1,-0.08468715473820132
TXN000052874,CUST000943,2019-06-25,14:14,Current,RTGS,2140799.44,Credit,444740.96,Investment,Maharashtra,499,0,Unknown,0.0,Success,Web,Verified,0,14,-1,-0.039948734061614144
TXN000052877,CUST036518,2019-06-25,14:25,Fixed Deposit,NEFT,2924.92,Credit,23266.11,Education,Gujarat,372,0,Unknown,0.0,Success,Mobile_App,Verified,0,14,-1,-0.0056223316795060985
TXN000052931,CUST049568,2019-06-26,15:58,Current,RTGS,1202179.58,Credit,26598.9,Salary,West Bengal,496,0,Unknown,0.0,Failed,Mobile_App,Verified,1,15,-1,-0.0018785413205970602
TXN000052935,CUST025238,2019-06-26,17:44,Savings,NEFT,12630.04,Credit,4944.63,Utilities,Maharashtra,803,0,Unknown,0.0,Success,Mobile_App,Verified,0,17,-1,-0.0169400209995183
TXN000052940,CUST031160,2019-06-26,01:35,Savings,Cheque,647276.9,Debit,26127.46,Fuel,Maharashtra,649,1,Auto,3543.92,Success,Web,Verified,0,1,-1,-0.04283612969374884
TXN000053152,CUST006999,2019-06-26,01:13,Current,IMPS,2878.68,Credit,69745.53,Investment,Tamil Nadu,372,0,Unknown,0.0,Success,Mobile_App,Verified,0,1,-1,-0.009033239813635574
TXN000053155,CUST016675,2019-06-26,06:54,Salary,NEFT,263244.96,Credit,55587.1,Food & Dining,Punjab,574,0,Unknown,0.0,Success,Web,Verified,0,6,-1,-0.032344709471807565
TXN000053381,CUST077362,2019-06-27,07:07,NRI,RTGS,901988.56,Credit,171364.53,Education,Gujarat,324,1,Personal,2895.09,Success,Web,Verified,0,7,-1,-0.03964102202171127
TXN000053397,CUST032578,2019-06-27,20:08,Current,Net_Banking,13536.01,Debit,5492.37,Utilities,Rajasthan,649,1,Personal,11138.45,Success,Mobile_App,Verified,0,20,-1,-0.0194993179797468
TXN000053402,CUST077496,2019-06-27,03:56,Salary,NEFT,207479.3,Credit,3577.74,Government,Gujarat,314,0,Unknown,0.0,Success,Web,Pending,0,3,-1,-0.04105203836171878
TXN000053473,CUST063961,2019-06-27,05:57,Current,IMPS,5331.74,Credit,8350.5,Travel,Tamil Nadu,505,0,Unknown,0.0,Success,Web,Expired,0,5,-1,-0.0027855792004903845
TXN000053557,CUST033264,2019-06-28,16:18,Salary,UPI,103.75,Debit,3161.62,Retail,Gujarat,368,1,Home,48056.91,Success,Branch,Verified,0,16,-1,-0.012238828720968487
TXN000053816,CUST044123,2019-06-28,02:38,Savings,Net_Banking,3285.04,Debit,95728.32,Fuel,Gujarat,406,0,Unknown,0.0,Success,Mobile_App,Verified,0,2,-1,-0.021043191243978576
TXN000054270,CUST018853,2019-06-30,03:23,Current,RTGS,316014.8,Credit,15576.66,Peer Transfer,Rajasthan,718,0,Unknown,0.0,Success,Mobile_App,Verified,0,3,-1,-0.01902095058526332
TXN000054363,CUST022141,2019-06-30,01:37,Savings,Cheque,1266940.43,Debit,37566.68,Food & Dining,Gujarat,684,0,Unknown,0.0,Success,API,Verified,0,1,-1,-0.014484293462670439
TXN000054623,CUST055872,2019-07-01,07:54,Savings,RTGS,1332226.4,Debit,20837.14,Travel,Punjab,613,1,Home,9904.26,Success,Mobile_App,Verified,0,7,-1,-0.06477276928042686
TXN000054720,CUST036453,2019-07-01,04:06,NRI,RTGS,344361.89,Debit,102647.17,Fuel,Tamil Nadu,654,0,Unknown,0.0,Success,Mobile_App,Verified,0,4,-1,-0.006844826055805275
TXN000054736,CUST044007,2019-07-02,18:51,Salary,RTGS,12370.07,Credit,18543.45,Retail,Gujarat,782,1,Personal,9968.96,Success,Web,Verified,0,18,-1,-0.005913157879619324
TXN000054859,CUST045327,2019-07-02,15:36,Current,POS,6063.81,Debit,138110.96,Salary,UP,753,1,Unknown,41318.47,Success,POS_Terminal,Verified,0,15,-1,-0.02869329623118899
TXN000054964,CUST017864,2019-07-02,12:53,Savings,Cheque,3363044.83,Debit,62846.58,Travel,Karnataka,697,0,Unknown,0.0,Success,POS_Terminal,Pending,0,12,-1,-0.08242908605334098
TXN000055079,CUST001976,2019-07-03,19:51,Savings,RTGS,1321261.71,Debit,31462.5,E-Commerce,Tamil Nadu,829,0,Unknown,0.0,Success,POS_Terminal,Verified,0,19,-1,-0.05920795789623856
TXN000055211,CUST060236,2019-07-03,19:00,Current,RTGS,432674.17,Credit,90486.05,Government,Maharashtra,729,0,Unknown,0.0,Success,Web,Verified,0,19,-1,-0.007191747934523707
TXN000055402,CUST079771,2019-07-04,02:37,Fixed Deposit,RTGS,571897.11,Credit,23511.76,Education,Delhi,445,1,Unknown,779.27,Success,Branch,Verified,0,2,-1,-0.023643070277494793
TXN000055494,CUST035431,2019-07-04,03:08,Savings,Net_Banking,14127.46,Debit,20922.33,Investment,Maharashtra,406,0,Unknown,0.0,Success,Mobile_App,Verified,0,3,-1,-0.012344991527218019
TXN000055554,CUST066406,2019-07-04,02:55,NRI,Credit_Card,879.47,Debit,10997.1,Real Estate,West Bengal,535,1,Unknown,11955.11,Success,POS_Terminal,Verified,0,2,-1,-0.013838285289497154
TXN000055759,CUST032368,2019-07-05,06:28,Salary,Net_Banking,4405.76,Debit,17349.99,Utilities,Rajasthan,782,0,Unknown,0.0,Success,Mobile_App,Verified,0,6,-1,-0.025046653332214897
TXN000055863,CUST051768,2019-07-05,15:15,Savings,RTGS,571614.26,Debit,7577.25,Real Estate,Gujarat,387,0,Unknown,0.0,Success,Mobile_App,Verified,0,15,-1,-0.00471662306127596
TXN000055992,CUST022592,2019-07-06,04:13,NRI,ATM_Withdrawal,5000.0,Debit,155153.55,Healthcare,Karnataka,498,1,Business,126816.9,Success,Web,Verified,0,4,-1,-0.03423423744542775
TXN000056056,CUST008361,2019-07-06,13:07,Current,RTGS,1227769.1,Credit,72387.17,Salary,Tamil Nadu,648,1,Education,5457.09,Success,Web,Verified,1,13,-1,-0.0473559650456431
TXN000056092,CUST056226,2019-07-06,19:20,Savings,IMPS,934.44,Credit,74483.54,E-Commerce,Rajasthan,864,0,Unknown,0.0,Success,Mobile_App,Verified,0,19,-1,-0.002160109520549014
TXN000056251,CUST019801,2019-07-07,12:28,Savings,RTGS,856319.77,Credit,25469.09,Entertainment,Gujarat,762,1,Business,12781.3,Success,Mobile_App,Verified,0,12,-1,-0.011609544439820985
TXN000056346,CUST054758,2019-07-07,07:41,Salary,UPI,294.69,Credit,201817.18,E-Commerce,West Bengal,792,0,Unknown,0.0,Success,Web,Pending,0,7,-1,-0.017985536612924125
TXN000056479,CUST079816,2019-07-07,04:19,Savings,UPI,1430.29,Debit,38561.48,Utilities,Telangana,782,1,Home,32815.15,Success,Web,Verified,0,4,-1,-0.05884927873714352
TXN000056572,CUST044503,2019-07-08,23:41,Savings,RTGS,1898681.76,Credit,129747.57,Healthcare,Gujarat,447,0,Unknown,0.0,Success,Web,Verified,0,23,-1,-0.04330386936250197
TXN000056574,CUST065962,2019-07-08,23:21,Savings,RTGS,1769917.09,Credit,167047.94,Entertainment,West Bengal,629,0,Unknown,0.0,Success,Mobile_App,Verified,0,23,-1,-0.07853175648828392
TXN000056829,CUST078741,2019-07-09,02:56,Savings,Auto_Debit,1833.35,Debit,29776.94,Insurance,Gujarat,535,1,Education,23168.88,Success,ATM,Pending,0,2,-1,-0.02308688166386552
TXN000057037,CUST045245,2019-07-09,07:47,Salary,RTGS,792057.21,Credit,17034.11,Salary,West Bengal,400,0,Unknown,0.0,Success,Branch,Verified,0,7,-1,-0.003343383070731787
TXN000057078,CUST007978,2019-07-09,21:58,Salary,IMPS,82119.46,Credit,31152.24,Travel,Rajasthan,782,0,Unknown,0.0,Success,API,Verified,0,21,-1,-0.017472619680061974
TXN000057080,CUST021805,2019-07-10,03:47,Current,RTGS,707742.53,Credit,17725.8,Real Estate,West Bengal,372,0,Unknown,0.0,Success,Mobile_App,Verified,0,3,-1,-0.04680028898048805
TXN000057167,CUST076877,2019-07-10,17:44,Savings,RTGS,1474725.43,Debit,147620.43,Utilities,West Bengal,440,0,Unknown,0.0,Success,API,Expired,0,17,-1,-0.021892806610439908
TXN000057325,CUST075649,2019-07-10,19:56,Salary,RTGS,868342.5,Credit,46304.17,Salary,Delhi,355,1,Business,14765.54,Success,Web,Verified,0,19,-1,-0.004817845950148669
TXN000057339,CUST016986,2019-07-10,01:38,Savings,Cheque,502090.97,Credit,84237.44,Retail,Delhi,792,1,Education,7034.46,Failed,API,Verified,0,1,-1,-0.017988732084019854
TXN000057585,CUST005957,2019-07-11,11:20,Current,RTGS,1835790.07,Debit,30599.32,Insurance,Karnataka,818,1,Home,20393.96,Success,Mobile_App,Verified,0,11,-1,-0.03731657975695113
TXN000057664,CUST061200,2019-07-11,03:15,Current,POS,1591.84,Debit,4671.67,Healthcare,Delhi,465,1,Home,121942.95,Success,Mobile_App,Verified,0,3,-1,-0.0047481087678651335
TXN000057669,CUST064667,2019-07-11,20:56,NRI,UPI,834.85,Credit,57163.25,Fuel,Rajasthan,406,1,Home,5343.27,Success,ATM,Verified,0,20,-1,-0.005721448684015473
TXN000057870,CUST050474,2019-07-12,10:29,Savings,RTGS,1388524.3,Debit,3088.48,Peer Transfer,Punjab,410,0,Unknown,0.0,Success,API,Pending,0,10,-1,-0.02801088654165851
TXN000057905,CUST041874,2019-07-12,06:20,Salary,UPI,2272.69,Debit,5985.1,Government,Gujarat,429,1,Education,13394.36,Success,Mobile_App,Pending,0,6,-1,-0.03229762089724908
TXN000058044,CUST061703,2019-07-13,07:02,Savings,RTGS,1141698.94,Credit,34378.6,Education,Gujarat,725,1,Auto,2632.33,Reversed,Mobile_App,Pending,0,7,-1,-0.005891934950274957
TXN000058237,CUST024316,2019-07-13,11:52,Savings,RTGS,1345380.9,Debit,98206.45,Food & Dining,Delhi,365,0,Unknown,0.0,Success,Web,Verified,0,11,-1,-0.023826153469092337
TXN000058243,CUST015184,2019-07-13,03:16,Current,ATM_Withdrawal,1000.0,Debit,25740.99,Insurance,UP,854,1,Personal,47551.04,Success,Mobile_App,Verified,0,3,-1,-0.031519930998541
TXN000058524,CUST039630,2019-07-14,06:24,Savings,UPI,1204.47,Credit,58103.26,Insurance,Maharashtra,782,0,Unknown,0.0,Success,Mobile_App,Verified,0,6,-1,-0.014613982818344251
TXN000059003,CUST005572,2019-07-16,15:27,Salary,Cheque,2267404.13,Debit,43809.29,Travel,Tamil Nadu,701,1,Education,5928.0,Success,API,Pending,0,15,-1,-0.04355820639664287
TXN000059120,CUST048296,2019-07-16,20:08,Savings,UPI,1910.78,Debit,20790.81,Fuel,Karnataka,325,1,Personal,25019.12,Success,Mobile_App,Verified,0,20,-1,-0.014211336216994108
TXN000059249,CUST019396,2019-07-17,17:34,Savings,RTGS,1596873.49,Debit,577994.19,Travel,Telangana,702,1,Unknown,2295.79,Success,Branch,Verified,0,17,-1,-0.01705484920949618
TXN000059481,CUST059430,2019-07-17,00:34,Savings,Cheque,806926.39,Credit,27733.56,Retail,Delhi,629,0,Unknown,0.0,Success,ATM,Verified,0,0,-1,-0.03199075701207066
TXN000059614,CUST011066,2019-07-18,23:07,Savings,RTGS,895466.8,Credit,9290.72,Government,Punjab,339,0,Unknown,0.0,Success,Mobile_App,Verified,1,23,-1,-0.005319521121199267
TXN000059633,CUST007457,2019-07-18,09:43,Savings,Auto_Debit,892.76,Debit,252527.54,Insurance,Tamil Nadu,483,1,Home,16188.46,Success,Mobile_App,Verified,0,9,-1,-0.008249062507434068
TXN000059733,CUST078268,2019-07-18,07:35,Savings,IMPS,26553.1,Credit,25397.99,Retail,Gujarat,782,1,Unknown,5459.19,Success,POS_Terminal,Verified,0,7,-1,-0.0006609890167570409
TXN000059931,CUST026067,2019-07-19,04:35,Savings,UPI,1345.78,Debit,30601.84,Retail,Delhi,584,1,Personal,28848.46,Success,Mobile_App,Verified,0,4,-1,-0.04598041325263913
TXN000060140,CUST021846,2019-07-20,12:37,Savings,RTGS,440749.96,Credit,8387.03,Retail,Rajasthan,799,1,Gold,20231.93,Failed,POS_Terminal,Verified,0,12,-1,-0.008147049891811697
TXN000060164,CUST055723,2019-07-20,00:55,Savings,Cheque,2373273.51,Credit,73793.99,Travel,Maharashtra,400,0,Unknown,0.0,Success,API,Verified,1,0,-1,-0.03312806506183341
TXN000060227,CUST019203,2019-07-20,02:12,Fixed Deposit,RTGS,334159.22,Credit,15574.91,Travel,Gujarat,542,0,Unknown,0.0,Success,Mobile_App,Verified,0,2,-1,-0.0072924908006472
TXN000060264,CUST066899,2019-07-20,17:40,Savings,RTGS,353705.83,Credit,24640.43,Insurance,Delhi,682,0,Unknown,0.0,Success,POS_Terminal,Verified,0,17,-1,-0.01782724733758234
TXN000060312,CUST065582,2019-07-20,00:58,NRI,POS,393.06,Debit,13430.6,Education,Karnataka,877,1,Auto,42560.42,Success,Mobile_App,Verified,0,0,-1,-0.027337624431355234
TXN000060355,CUST054828,2019-07-20,17:22,Savings,POS,8249.27,Debit,1701809.52,Healthcare,Gujarat,518,1,Education,6546.99,Success,Mobile_App,Verified,0,17,-1,-0.017841642070269614
TXN000060368,CUST054939,2019-07-20,13:25,NRI,RTGS,651593.17,Credit,63593.33,Food & Dining,West Bengal,535,0,Unknown,0.0,Success,Mobile_App,Verified,0,13,-1,-0.028431731594847576
TXN000060428,CUST037735,2019-07-21,09:31,NRI,UPI,631.54,Debit,30632.6,Retail,West Bengal,715,1,Personal,105473.72,Success,Mobile_App,Verified,0,9,-1,-0.03167246836417004
TXN000060440,CUST036605,2019-07-21,03:25,Savings,Auto_Debit,7872.69,Debit,93489.7,E-Commerce,Gujarat,488,0,Unknown,0.0,Success,Mobile_App,Verified,0,3,-1,-0.005301632793448641
TXN000060477,CUST038706,2019-07-21,19:12,Savings,RTGS,958288.95,Credit,5470.78,Education,Rajasthan,704,1,Education,6772.41,Failed,Mobile_App,Verified,0,19,-1,-0.021363085672385984
TXN000060630,CUST043503,2019-07-21,06:02,Savings,RTGS,1416060.57,Credit,14578.76,Peer Transfer,Karnataka,433,1,Education,2050.35,Success,API,Verified,1,6,-1,-0.0765015699768331
TXN000060738,CUST027783,2019-07-22,07:01,Salary,RTGS,584666.45,Credit,167116.5,E-Commerce,Maharashtra,662,0,Unknown,0.0,Success,Mobile_App,Pending,0,7,-1,-0.014489662761621891
TXN000060904,CUST076978,2019-07-22,01:28,Current,Net_Banking,6585.24,Credit,20505.03,E-Commerce,Karnataka,333,0,Unknown,0.0,Success,Web,Verified,0,1,-1,-0.01639817221996409
TXN000060913,CUST063640,2019-07-22,01:17,Savings,Cheque,1071281.09,Credit,209877.9,E-Commerce,Karnataka,860,1,Unknown,3709.79,Success,POS_Terminal,Verified,0,1,-1,-0.014276658242153184
TXN000060915,CUST007630,2019-07-22,07:39,Current,RTGS,331147.79,Credit,43898.16,Government,Maharashtra,880,0,Unknown,0.0,Reversed,ATM,Verified,0,7,-1,-0.014447371977895362
TXN000061114,CUST040611,2019-07-23,03:39,Savings,Credit_Card,625.29,Debit,5099.02,Utilities,Tamil Nadu,343,1,Home,44450.16,Success,Mobile_App,Verified,0,3,-1,-0.03339414879800373
TXN000061261,CUST030162,2019-07-23,07:45,Current,RTGS,1500878.63,Credit,25353.94,E-Commerce,Maharashtra,450,0,Unknown,0.0,Success,Mobile_App,Verified,0,7,-1,-0.03472973628535747
TXN000061348,CUST075277,2019-07-24,12:28,Current,RTGS,1136926.77,Credit,76503.58,Fuel,Delhi,810,0,Unknown,0.0,Success,Branch,Pending,0,12,-1,-0.03759164337684806
TXN000061421,CUST072086,2019-07-24,19:55,Salary,RTGS,368313.31,Credit,710896.62,Travel,Gujarat,763,1,Unknown,1174.34,Success,Mobile_App,Verified,0,19,-1,-0.0023944635136843306
TXN000061455,CUST066291,2019-07-24,01:30,Savings,RTGS,811510.53,Credit,23593.48,Utilities,Rajasthan,887,1,Personal,8269.34,Success,POS_Terminal,Verified,0,1,-1,-0.010315466166955445
TXN000061494,CUST071040,2019-07-24,22:17,NRI,RTGS,1145709.08,Credit,59680.32,Insurance,UP,804,0,Unknown,0.0,Success,Mobile_App,Verified,0,22,-1,-0.04863435084810108
TXN000061598,CUST075581,2019-07-24,12:46,Fixed Deposit,RTGS,343149.24,Credit,8143.08,Fuel,Rajasthan,555,0,Unknown,0.0,Reversed,POS_Terminal,Verified,0,12,-1,-0.015248750891797336
TXN000061724,CUST021556,2019-07-25,13:56,NRI,IMPS,488.07,Credit,2630262.24,Travel,Tamil Nadu,692,0,Unknown,0.0,Success,Mobile_App,Verified,0,13,-1,-0.0006177488318362956
TXN000061836,CUST008611,2019-07-25,07:37,NRI,RTGS,1167691.13,Debit,41500.24,Salary,Maharashtra,361,1,Personal,4746.52,Success,API,Verified,0,7,-1,-0.019366218951622827
TXN000061953,CUST017932,2019-07-26,05:44,NRI,IMPS,11596.47,Debit,3981.23,Salary,Delhi,505,0,Unknown,0.0,Success,Mobile_App,Verified,0,5,-1,-0.005183301693849285
TXN000061960,CUST072512,2019-07-26,23:36,Current,RTGS,1782893.12,Debit,42229.11,Retail,Delhi,777,0,Unknown,0.0,Failed,Web,Verified,0,23,-1,-0.03525155264327462
TXN000062234,CUST052409,2019-07-27,23:49,Salary,IMPS,11740.68,Debit,113900.31,Retail,Tamil Nadu,326,0,Unknown,0.0,Success,Mobile_App,Verified,0,23,-1,-0.00975396419853547
TXN000062285,CUST051876,2019-07-27,06:30,Savings,Net_Banking,1350.23,Credit,3839.85,Investment,West Bengal,645,0,Unknown,0.0,Success,Mobile_App,Verified,0,6,-1,-0.0014874245537488395
TXN000062327,CUST019632,2019-07-27,17:20,Savings,RTGS,86897.85,Debit,161143.3,Peer Transfer,Tamil Nadu,503,1,Education,31766.78,Success,POS_Terminal,Pending,0,17,-1,-0.012943254649543712
TXN000062546,CUST010285,2019-07-27,20:58,Savings,UPI,1480.7,Debit,66050.71,Travel,Maharashtra,645,1,Personal,28887.93,Success,API,Verified,0,20,-1,-0.05980837881305079
TXN000062554,CUST078882,2019-07-27,06:47,Savings,NEFT,4274.34,Debit,94485.09,Peer Transfer,Delhi,803,0,Unknown,0.0,Success,API,Verified,0,6,-1,-0.010628283953473816
TXN000062605,CUST013599,2019-07-28,15:04,Salary,RTGS,217765.81,Debit,17354.82,Retail,Karnataka,699,0,Unknown,0.0,Success,Mobile_App,Verified,0,15,-1,-0.008709529212530764
TXN000062906,CUST039470,2019-07-29,09:56,NRI,Net_Banking,18376.98,Debit,8299.1,Real Estate,Telangana,791,1,Home,36619.15,Success,Web,Pending,0,9,-1,-0.016171556231835527
TXN000063081,CUST044265,2019-07-29,02:19,Savings,RTGS,789828.33,Debit,2821.24,Healthcare,West Bengal,896,0,Unknown,0.0,Success,API,Verified,0,2,-1,-0.04185264540973277
TXN000063182,CUST045110,2019-07-29,23:40,Salary,Net_Banking,17546.55,Credit,38881.92,Insurance,Delhi,546,1,Personal,45164.39,Success,API,Verified,0,23,-1,-0.011841395304184266
TXN000063196,CUST002132,2019-07-29,07:31,NRI,Auto_Debit,3065.98,Debit,4336.68,Real Estate,UP,575,1,Education,35317.67,Success,Branch,Verified,0,7,-1,-0.007437483415148938
TXN000063315,CUST069276,2019-07-30,14:53,Current,UPI,202.28,Debit,47473.55,E-Commerce,West Bengal,707,1,Auto,47136.89,Success,Web,Verified,0,14,-1,-0.025394356436620025
TXN000063386,CUST068470,2019-07-30,04:12,Fixed Deposit,Cheque,3234362.68,Debit,8065.36,Salary,Gujarat,723,1,Business,25113.62,Success,ATM,Pending,0,4,-1,-0.0643232409787664
TXN000063465,CUST007932,2019-07-30,08:55,Salary,Net_Banking,5208.84,Credit,4307.66,Food & Dining,Tamil Nadu,429,1,Auto,11171.73,Success,Web,Verified,0,8,-1,-0.01394686978707893
TXN000063512,CUST057003,2019-07-30,22:30,Salary,RTGS,1310325.1,Credit,28014.55,Utilities,Karnataka,313,1,Personal,1302.98,Success,ATM,Verified,0,22,-1,-0.021952684572402292
TXN000063520,CUST004787,2019-07-30,03:04,Current,RTGS,1805216.41,Debit,59940.99,E-Commerce,Tamil Nadu,672,0,Unknown,0.0,Success,POS_Terminal,Verified,0,3,-1,-0.057042809348028856
TXN000063555,CUST043380,2019-07-31,03:27,Savings,RTGS,964005.46,Debit,26421.59,Salary,Telangana,765,0,Unknown,0.0,Success,Branch,Verified,0,3,-1,-0.013623580005045932
TXN000063557,CUST018441,2019-07-31,15:55,Savings,NEFT,2399219.49,Credit,45713.24,Food & Dining,West Bengal,875,1,Business,5973.73,Failed,ATM,Verified,0,15,-1,-0.05841016729941373
TXN000063805,CUST036862,2019-07-31,12:10,Fixed Deposit,RTGS,652338.59,Credit,21354.48,Education,Tamil Nadu,708,0,Unknown,0.0,Success,Mobile_App,Verified,0,12,-1,-0.05555226642428246
TXN000063828,CUST011456,2019-07-31,14:03,Salary,POS,546.2,Debit,40150.65,Investment,UP,488,1,Home,12313.76,Success,Branch,Verified,0,14,-1,-0.02283776044006791
TXN000063875,CUST015345,2019-08-01,19:09,Savings,Net_Banking,972.49,Debit,53978.09,E-Commerce,Telangana,782,1,Home,17671.01,Success,API,Verified,0,19,-1,-0.055706467831884265
TXN000063940,CUST017734,2019-08-01,14:23,Savings,UPI,211.72,Credit,4797.82,Food & Dining,UP,505,0,Unknown,0.0,Failed,POS_Terminal,Verified,0,14,-1,-0.010462790225708951
TXN000063943,CUST053440,2019-08-01,12:10,Current,RTGS,2306692.12,Debit,214561.57,Utilities,Rajasthan,612,0,Unknown,0.0,Success,Web,Verified,0,12,-1,-0.0728971053838855
TXN000063967,CUST060546,2019-08-01,18:57,Savings,RTGS,1697143.31,Debit,14960.91,E-Commerce,Telangana,357,1,Personal,10962.66,Success,ATM,Verified,0,18,-1,-0.08926771856199744
TXN000064253,CUST005988,2019-08-02,01:45,Current,RTGS,1843373.23,Credit,112061.64,E-Commerce,Karnataka,840,0,Unknown,0.0,Failed,Web,Verified,0,1,-1,-0.03570657523504195
TXN000064329,CUST029820,2019-08-02,03:08,Current,Auto_Debit,3356.66,Debit,14751.64,E-Commerce,Maharashtra,814,0,Unknown,0.0,Success,Web,Verified,0,3,-1,-0.01587374685825993
TXN000064384,CUST010499,2019-08-02,19:52,Savings,RTGS,923039.66,Debit,60567.32,Food & Dining,Maharashtra,396,1,Auto,4075.45,Success,Mobile_App,Pending,0,19,-1,-0.0023436194940623656
TXN000064495,CUST034209,2019-08-03,02:57,Salary,Net_Banking,4248.44,Credit,16504.52,Salary,Telangana,458,1,Business,46098.98,Success,Mobile_App,Verified,0,2,-1,-0.05304589475768107
TXN000064507,CUST006681,2019-08-03,15:01,Savings,RTGS,650776.18,Credit,4897.4,E-Commerce,Tamil Nadu,896,0,Unknown,0.0,Pending,Mobile_App,Pending,0,15,-1,-0.02132766587523538
TXN000064554,CUST037865,2019-08-03,08:35,Savings,NEFT,2624953.92,Debit,28804.0,Food & Dining,Karnataka,330,0,Unknown,0.0,Success,Mobile_App,Verified,1,8,-1,-0.07694767274028524
TXN000064602,CUST023161,2019-08-03,01:24,Savings,NEFT,29450.0,Credit,180403.46,Entertainment,Telangana,372,0,Unknown,0.0,Success,POS_Terminal,Verified,0,1,-1,-0.0021941653474154554
TXN000064635,CUST055309,2019-08-03,03:15,Current,Cheque,2328289.96,Debit,38837.2,Salary,Tamil Nadu,419,1,Gold,1258.67,Success,Mobile_App,Verified,0,3,-1,-0.08041340950070908
TXN000064715,CUST045515,2019-08-03,23:34,Salary,RTGS,1373269.27,Credit,18859.04,Real Estate,Karnataka,824,0,Unknown,0.0,Success,Web,Verified,1,23,-1,-0.03641819554950576
TXN000064830,CUST042054,2019-08-04,11:40,Current,Net_Banking,2580.42,Debit,115768.6,Retail,Karnataka,794,1,Business,37168.2,Success,Branch,Verified,0,11,-1,-0.002341951993715119
TXN000064885,CUST009357,2019-08-04,19:22,Salary,RTGS,4534200.93,Debit,51138.27,Entertainment,Gujarat,731,1,Personal,8842.43,Success,ATM,Verified,0,19,-1,-0.06890308420836211
TXN000064901,CUST036755,2019-08-04,15:50,Savings,Auto_Debit,1720.11,Debit,6768.5,Education,Telangana,326,0,Unknown,0.0,Success,ATM,Verified,0,15,-1,-0.020225927229881036
TXN000064910,CUST042287,2019-08-04,18:07,Salary,Cheque,554592.14,Debit,4213.15,Government,Tamil Nadu,649,0,Unknown,0.0,Success,POS_Terminal,Pending,0,18,-1,-0.014558439286415648
TXN000065449,CUST059092,2019-08-06,11:48,Savings,IMPS,16564.17,Credit,14824.23,Food & Dining,West Bengal,550,1,Personal,38843.29,Success,API,Verified,0,11,-1,-0.007959990113520665
TXN000065527,CUST040640,2019-08-06,22:07,Savings,RTGS,111414.54,Credit,62487.4,Education,Tamil Nadu,574,1,Personal,8273.62,Success,API,Verified,0,22,-1,-0.014285708797456609
TXN000065579,CUST032623,2019-08-06,10:36,Savings,Net_Banking,12510.78,Credit,103849.15,Food & Dining,Karnataka,648,0,Unknown,0.0,Success,Web,Expired,0,10,-1,-0.01373089220317858
TXN000065601,CUST051305,2019-08-06,15:36,Savings,IMPS,1243.98,Debit,75732.06,Retail,Gujarat,714,1,Personal,23158.07,Success,POS_Terminal,Verified,0,15,-1,-0.020113461501987673
TXN000065635,CUST075328,2019-08-06,14:29,Current,RTGS,1001028.95,Credit,139678.81,Food & Dining,Gujarat,891,0,Unknown,0.0,Success,ATM,Verified,0,14,-1,-0.025374337204589037
TXN000065769,CUST022798,2019-08-07,14:30,Current,UPI,990.24,Credit,22570.33,Food & Dining,Karnataka,372,0,Unknown,0.0,Success,Mobile_App,Verified,0,14,-1,-0.001384207924775449
TXN000066009,CUST053343,2019-08-07,15:53,Current,Cheque,595131.25,Credit,57569.56,E-Commerce,Karnataka,436,0,Unknown,0.0,Success,POS_Terminal,Verified,0,15,-1,-0.009231650219517329
TXN000066210,CUST070265,2019-08-08,06:45,Savings,UPI,32640.59,Credit,41395.82,Food & Dining,Rajasthan,552,1,Home,48941.41,Success,Mobile_App,Verified,0,6,-1,-0.018302491355698836
TXN000066232,CUST056935,2019-08-08,07:29,Salary,RTGS,547214.78,Credit,277682.08,Salary,Maharashtra,864,0,Unknown,0.0,Success,API,Pending,0,7,-1,-0.0017364513439251938
TXN000066245,CUST019116,2019-08-08,04:13,Savings,NEFT,30225.37,Debit,12330.12,Healthcare,UP,429,1,Personal,19054.92,Success,ATM,Expired,0,4,-1,-0.011166500849944527
TXN000066252,CUST028592,2019-08-08,17:26,Salary,RTGS,668917.6,Credit,116344.77,Peer Transfer,Telangana,718,1,Business,2775.41,Success,POS_Terminal,Pending,0,17,-1,-0.05922942806639586
TXN000066602,CUST004153,2019-08-09,21:41,Current,RTGS,850810.43,Credit,13073.47,Retail,Delhi,510,0,Unknown,0.0,Success,POS_Terminal,Pending,1,21,-1,-0.060779659133121555
TXN000066709,CUST018287,2019-08-10,06:42,Current,RTGS,276397.23,Credit,156128.68,Travel,Maharashtra,763,0,Unknown,0.0,Success,ATM,Verified,0,6,-1,-0.048503121640803504
TXN000066749,CUST010637,2019-08-10,22:06,Savings,POS,791.11,Debit,9713.4,Salary,Maharashtra,622,1,Business,15678.97,Success,Mobile_App,Verified,0,22,-1,-0.0014782206138486131
TXN000066789,CUST041383,2019-08-10,04:28,Current,RTGS,1809843.6,Credit,7262.25,Food & Dining,Karnataka,447,1,Personal,2891.46,Success,Web,Verified,0,4,-1,-0.04904734772289898
TXN000066857,CUST030783,2019-08-10,02:54,Current,RTGS,1320662.04,Debit,143048.58,Travel,Maharashtra,338,0,Unknown,0.0,Success,Web,Verified,0,2,-1,-0.04385817122899893
TXN000066908,CUST016282,2019-08-11,20:08,Savings,RTGS,1021003.65,Debit,21217.87,Insurance,West Bengal,584,1,Personal,7993.84,Success,Mobile_App,Verified,0,20,-1,-0.03709669590990805
TXN000067021,CUST079555,2019-08-11,15:01,Fixed Deposit,Cheque,692422.94,Credit,4961.55,Entertainment,Gujarat,607,1,Auto,3712.96,Success,Web,Verified,0,15,-1,-0.03872421027972295
TXN000067346,CUST038538,2019-08-12,18:57,Savings,RTGS,1562821.59,Credit,68793.4,Entertainment,Gujarat,570,1,Business,2764.17,Success,Mobile_App,Verified,0,18,-1,-0.04148297010638924
TXN000067375,CUST071322,2019-08-12,03:47,Savings,RTGS,564317.84,Debit,14714.48,Education,Telangana,392,0,Unknown,0.0,Success,POS_Terminal,Verified,0,3,-1,-0.039799190139347074
TXN000067676,CUST010088,2019-08-13,10:21,NRI,RTGS,1097206.76,Credit,10224.68,Travel,Maharashtra,888,0,Unknown,0.0,Success,Mobile_App,Verified,0,10,-1,-0.00866204353200195
TXN000067679,CUST075951,2019-08-13,14:31,Salary,UPI,598.56,Debit,41529.25,Education,Maharashtra,547,1,Personal,58160.3,Success,Web,Pending,0,14,-1,-0.015060939678981922
TXN000067748,CUST077394,2019-08-13,03:51,Current,UPI,6004.83,Debit,413572.63,Education,Gujarat,763,1,Education,33712.54,Success,Web,Verified,0,3,-1,-0.006980118762282106
TXN000067775,CUST043012,2019-08-13,18:43,Salary,Cheque,221913.35,Credit,18951.43,Food & Dining,West Bengal,821,1,Home,18146.34,Success,Mobile_App,Verified,0,18,-1,-0.005285508419552554
TXN000067802,CUST011096,2019-08-13,02:42,Salary,RTGS,976974.61,Credit,74537.6,Healthcare,Telangana,345,1,Education,3446.5,Success,Mobile_App,Verified,0,2,-1,-0.05476943295392678
TXN000067833,CUST058174,2019-08-13,20:04,Current,Cheque,1352436.84,Credit,18543.83,Utilities,Telangana,868,0,Unknown,0.0,Success,Web,Verified,0,20,-1,-0.0547922052137948
TXN000067924,CUST019020,2019-08-14,22:18,NRI,IMPS,1266.0,Debit,6494.85,Salary,Tamil Nadu,782,0,Unknown,0.0,Success,ATM,Verified,0,22,-1,-0.0026398261682819557
TXN000068102,CUST076519,2019-08-14,09:44,Salary,RTGS,353944.93,Credit,100779.81,Entertainment,Maharashtra,370,0,Unknown,0.0,Success,Mobile_App,Pending,0,9,-1,-0.030629854265934453
TXN000068124,CUST055910,2019-08-14,17:04,Current,Auto_Debit,1404.32,Debit,288144.28,Entertainment,Gujarat,793,1,Education,4462.07,Success,Mobile_App,Verified,0,17,-1,-0.003213570222931339
TXN000068140,CUST048972,2019-08-14,12:46,Salary,NEFT,4244.73,Debit,13036.26,Retail,Punjab,882,1,Personal,38001.68,Success,Mobile_App,Verified,0,12,-1,-0.018954477988309626
TXN000068201,CUST061091,2019-08-15,07:41,Fixed Deposit,POS,3895.92,Debit,99534.8,Real Estate,Maharashtra,622,1,Auto,25433.43,Success,Mobile_App,Verified,0,7,-1,-0.01547823619619293
TXN000068379,CUST066271,2019-08-15,15:02,Savings,RTGS,1113180.76,Debit,63063.21,Retail,UP,803,1,Personal,13438.11,Success,Mobile_App,Verified,0,15,-1,-0.03082877369368442
TXN000068470,CUST023478,2019-08-16,01:22,Current,RTGS,420937.95,Credit,14873.76,E-Commerce,West Bengal,358,0,Unknown,0.0,Success,API,Verified,0,1,-1,-0.033516992093840625
TXN000068564,CUST018375,2019-08-16,09:06,NRI,Auto_Debit,1365.91,Debit,12269.41,Utilities,Delhi,368,1,Personal,79902.37,Success,Web,Verified,0,9,-1,-0.05223941830195189
TXN000068692,CUST030988,2019-08-16,22:46,Current,NEFT,216833.55,Credit,13814.39,Real Estate,Karnataka,792,0,Unknown,0.0,Success,Branch,Verified,0,22,-1,-0.02401757998422227
TXN000068905,CUST064248,2019-08-17,06:22,Savings,RTGS,1669303.27,Credit,15028.14,Retail,Karnataka,307,0,Unknown,0.0,Success,Mobile_App,Verified,0,6,-1,-0.0393062967917952
TXN000069012,CUST036031,2019-08-17,21:43,Savings,UPI,471.74,Credit,173765.29,E-Commerce,Tamil Nadu,518,1,Home,31925.75,Success,POS_Terminal,Pending,0,21,-1,-0.014446933946790863
TXN000069019,CUST067538,2019-08-17,19:17,Current,ATM_Withdrawal,10000.0,Debit,56255.14,E-Commerce,Delhi,488,1,Unknown,13397.08,Success,Mobile_App,Expired,0,19,-1,-0.004695133742333435
TXN000069270,CUST016955,2019-08-18,08:12,Fixed Deposit,IMPS,392.12,Debit,18994.41,Fuel,Telangana,687,1,Home,14657.5,Success,POS_Terminal,Expired,0,8,-1,-0.004522889592990631
TXN000069274,CUST003896,2019-08-18,03:17,NRI,Cheque,1560806.61,Debit,32734.62,Insurance,Maharashtra,356,0,Unknown,0.0,Success,Branch,Verified,0,3,-1,-0.026685249599495142
TXN000069304,CUST030244,2019-08-18,10:57,Savings,POS,548.6,Debit,95179.03,Investment,Gujarat,857,1,Business,51383.25,Failed,API,Verified,0,10,-1,-0.012085047479330813
TXN000069369,CUST017983,2019-08-18,07:31,Current,RTGS,1705050.62,Credit,31002.88,Insurance,Karnataka,410,0,Unknown,0.0,Success,Mobile_App,Verified,0,7,-1,-0.05691390089227211
TXN000069837,CUST008692,2019-08-20,02:36,Savings,RTGS,4300192.54,Credit,124136.77,Investment,Maharashtra,336,1,Auto,7037.26,Success,Mobile_App,Verified,0,2,-1,-0.08406758579387497
TXN000069876,CUST015862,2019-08-20,11:01,NRI,Cheque,2574944.26,Credit,43244.21,Fuel,Maharashtra,774,0,Unknown,0.0,Success,Mobile_App,Verified,0,11,-1,-0.08867093436696838
TXN000069952,CUST049580,2019-08-20,16:59,Current,RTGS,1599120.83,Credit,29442.98,Fuel,Punjab,735,0,Unknown,0.0,Success,POS_Terminal,Verified,0,16,-1,-0.06727396601417801
TXN000070120,CUST040649,2019-08-21,11:17,Savings,RTGS,456760.03,Credit,5637.67,Utilities,Karnataka,332,0,Unknown,0.0,Success,Branch,Verified,0,11,-1,-0.006737358272819627
TXN000070152,CUST004463,2019-08-21,14:42,NRI,IMPS,2531.32,Debit,485699.52,Investment,Karnataka,793,0,Unknown,0.0,Success,POS_Terminal,Verified,0,14,-1,-0.009809083903097426
TXN000070281,CUST031014,2019-08-21,22:15,Current,NEFT,2169584.23,Debit,21808.12,Retail,Maharashtra,329,0,Unknown,0.0,Failed,ATM,Verified,0,22,-1,-0.05090742835109752
TXN000070305,CUST023621,2019-08-22,20:59,Current,RTGS,1287773.29,Credit,15004.87,Fuel,Tamil Nadu,336,0,Unknown,0.0,Success,Mobile_App,Verified,0,20,-1,-0.04325130257377596
TXN000070315,CUST041756,2019-08-22,20:46,Savings,RTGS,1480050.38,Debit,82476.94,E-Commerce,Tamil Nadu,592,1,Business,3976.94,Success,ATM,Verified,0,20,-1,-0.009481328645500664
TXN000070345,CUST012208,2019-08-22,05:25,Fixed Deposit,RTGS,1514228.43,Credit,39812.27,Travel,Gujarat,485,0,Unknown,0.0,Success,Branch,Verified,0,5,-1,-0.04839188125291205
TXN000070523,CUST070229,2019-08-22,17:35,Savings,RTGS,792905.97,Credit,10758.92,Travel,Maharashtra,750,0,Unknown,0.0,Success,Mobile_App,Verified,0,17,-1,-0.04132492665287835
TXN000070606,CUST024823,2019-08-22,15:11,Savings,NEFT,1985882.25,Debit,167952.58,Real Estate,Karnataka,702,0,Unknown,0.0,Success,Web,Verified,0,15,-1,-0.01817090660582843
TXN000070802,CUST008647,2019-08-23,20:58,Current,RTGS,1085015.27,Debit,5947.37,Entertainment,Maharashtra,768,0,Unknown,0.0,Failed,Mobile_App,Verified,0,20,-1,-0.08247617269006002
TXN000070828,CUST026082,2019-08-23,22:20,Current,RTGS,588027.71,Credit,36120.1,Entertainment,Rajasthan,303,0,Unknown,0.0,Success,Branch,Expired,0,22,-1,-0.009005607836539031
TXN000070953,CUST044104,2019-08-24,12:08,Savings,Cheque,1950947.71,Credit,4329.83,Peer Transfer,West Bengal,600,1,Personal,5224.05,Success,ATM,Verified,0,12,-1,-0.0689820882126011
TXN000071038,CUST049365,2019-08-24,16:12,Current,ATM_Withdrawal,3000.0,Debit,19728.77,Peer Transfer,Punjab,714,1,Business,2295.14,Pending,POS_Terminal,Verified,0,16,-1,-0.02535584330088181
TXN000071237,CUST012654,2019-08-25,12:24,Salary,RTGS,1705175.96,Credit,10077.33,Food & Dining,Rajasthan,442,0,Unknown,0.0,Success,ATM,Verified,0,12,-1,-0.006822028857745299
TXN000071268,CUST015870,2019-08-25,06:09,Savings,Cheque,888261.68,Credit,49027.97,Retail,Delhi,604,0,Unknown,0.0,Success,Mobile_App,Verified,1,6,-1,-0.00207981217729869
TXN000071269,CUST049248,2019-08-25,01:59,Savings,RTGS,1243429.97,Debit,5304.58,Travel,Delhi,680,0,Unknown,0.0,Success,Web,Verified,0,1,-1,-0.07393134196969198
TXN000071402,CUST050247,2019-08-25,23:40,Savings,IMPS,2216.14,Debit,187294.44,Government,Karnataka,326,1,Auto,1726.88,Success,Mobile_App,Verified,0,23,-1,-0.0037908687532320906
TXN000071404,CUST007867,2019-08-25,11:34,Savings,Cheque,38154.54,Credit,657214.86,Investment,Maharashtra,401,0,Unknown,0.0,Success,POS_Terminal,Pending,0,11,-1,-0.011532418049974513
TXN000071513,CUST053426,2019-08-25,17:01,Current,RTGS,496833.04,Credit,59166.75,Salary,Delhi,866,0,Unknown,0.0,Success,POS_Terminal,Verified,0,17,-1,-0.05262452309811705
TXN000071570,CUST029208,2019-08-26,11:46,Fixed Deposit,Cheque,40605.6,Credit,16842.02,Peer Transfer,Karnataka,699,0,Unknown,0.0,Success,ATM,Verified,0,11,-1,-0.02451929276835929
TXN000071585,CUST004677,2019-08-26,07:50,Savings,RTGS,2376644.5,Credit,2450.77,Real Estate,West Bengal,870,0,Unknown,0.0,Success,Web,Pending,0,7,-1,-0.10671303963957679
TXN000071610,CUST017975,2019-08-26,22:29,Current,ATM_Withdrawal,2000.0,Debit,10856.62,Entertainment,Karnataka,792,0,Unknown,0.0,Success,ATM,Verified,0,22,-1,-0.015099241489458848
TXN000071663,CUST004908,2019-08-26,15:08,Savings,RTGS,812018.18,Credit,43708.61,Peer Transfer,Punjab,400,1,Business,4331.94,Success,ATM,Verified,0,15,-1,-0.0017020667525712296
TXN000071720,CUST041487,2019-08-26,06:10,Savings,NEFT,17343.62,Debit,6096.45,Education,Tamil Nadu,822,1,Auto,57456.12,Success,Mobile_App,Verified,0,6,-1,-0.019863189590824892
TXN000071838,CUST038771,2019-08-27,00:52,Savings,RTGS,334108.04,Credit,8156.06,Salary,Telangana,389,0,Unknown,0.0,Success,Branch,Verified,0,0,-1,-0.0026817988183798214
TXN000071846,CUST003646,2019-08-27,22:25,Fixed Deposit,RTGS,936733.81,Debit,110103.62,Insurance,Karnataka,585,1,Home,1345.19,Success,POS_Terminal,Verified,0,22,-1,-0.09150031601563735
TXN000071904,CUST029221,2019-08-27,01:37,Current,RTGS,469459.75,Credit,228508.95,Utilities,Delhi,665,1,Business,5119.99,Success,Mobile_App,Verified,0,1,-1,-0.04279580881909806
TXN000071958,CUST001142,2019-08-27,08:00,Savings,RTGS,1012105.56,Debit,329299.17,Utilities,Delhi,518,1,Auto,5236.77,Success,Mobile_App,Verified,1,8,-1,-0.05691445710841547
TXN000072161,CUST065632,2019-08-28,07:02,Salary,UPI,824.04,Debit,4511.58,Utilities,Gujarat,792,0,Unknown,0.0,Success,Branch,Verified,0,7,-1,-0.0020714826041474677
TXN000072208,CUST069374,2019-08-28,15:24,Savings,NEFT,6011.86,Credit,172921.95,Food & Dining,Karnataka,406,1,Home,1510.49,Success,Mobile_App,Verified,0,15,-1,-0.007113062720457197
TXN000072264,CUST077021,2019-08-28,00:45,Salary,Cheque,547339.21,Debit,78497.54,Salary,UP,694,1,Gold,9982.52,Success,Branch,Verified,0,0,-1,-0.003968093097888148
TXN000072283,CUST076756,2019-08-28,08:41,Current,RTGS,96771.96,Debit,17178.36,Salary,Gujarat,640,1,Auto,8616.53,Success,Web,Verified,0,8,-1,-0.004294835225858273
TXN000072303,CUST077777,2019-08-28,17:50,Savings,IMPS,14686.16,Debit,52285.67,Retail,West Bengal,470,1,Home,5094.89,Success,POS_Terminal,Verified,0,17,-1,-0.0004072470315792387
TXN000072482,CUST026437,2019-08-29,04:16,Current,RTGS,1530440.21,Debit,18150.85,Utilities,Rajasthan,752,0,Unknown,0.0,Success,Branch,Verified,0,4,-1,-0.003535851150555769
TXN000072497,CUST072904,2019-08-29,11:07,Savings,RTGS,536141.83,Credit,31024.11,Healthcare,Rajasthan,590,0,Unknown,0.0,Failed,Branch,Verified,0,11,-1,-0.021872981456958596
TXN000072516,CUST004371,2019-08-29,02:46,Savings,RTGS,797344.25,Credit,353724.36,Utilities,Tamil Nadu,423,1,Business,4429.6,Success,Mobile_App,Verified,1,2,-1,-0.04118949744448219
TXN000072557,CUST054715,2019-08-29,00:14,Salary,RTGS,1092929.01,Credit,36767.36,Government,Karnataka,375,0,Unknown,0.0,Success,Branch,Verified,0,0,-1,-0.03156769338504162
TXN000072737,CUST011868,2019-08-29,22:08,Fixed Deposit,Auto_Debit,8549.45,Debit,43947.08,Travel,West Bengal,654,1,Personal,19571.11,Success,Mobile_App,Verified,0,22,-1,-0.0020825060166418385
TXN000072929,CUST007760,2019-08-30,05:07,Savings,RTGS,1722566.71,Debit,25292.09,Entertainment,Delhi,873,1,Gold,3964.72,Success,Mobile_App,Verified,0,5,-1,-0.06331385725795824
TXN000073048,CUST020075,2019-08-30,20:36,Savings,RTGS,2004814.95,Credit,27703.86,E-Commerce,Maharashtra,722,1,Home,7116.58,Success,Mobile_App,Verified,0,20,-1,-0.07359368183671688
TXN000073112,CUST022790,2019-08-31,02:18,Savings,IMPS,406.78,Credit,7803.87,Investment,Rajasthan,561,1,Business,27366.98,Success,Mobile_App,Verified,0,2,-1,-0.0022574182704830914
TXN000073154,CUST034500,2019-08-31,14:30,Salary,Cheque,2412643.2,Debit,83654.54,E-Commerce,Karnataka,401,0,Unknown,0.0,Success,Mobile_App,Verified,0,14,-1,-0.1071466837186612
TXN000073239,CUST014426,2019-08-31,20:08,Salary,NEFT,210993.74,Credit,20470.91,Food & Dining,Maharashtra,649,1,Unknown,2632.55,Success,POS_Terminal,Verified,0,20,-1,-0.01019080674868178
TXN000073260,CUST063480,2019-08-31,19:46,Savings,RTGS,1369753.94,Credit,57722.61,Fuel,Punjab,867,0,Unknown,0.0,Success,Mobile_App,Verified,0,19,-1,-0.012242232186432722
TXN000073368,CUST056634,2019-09-01,11:02,Savings,ATM_Withdrawal,500.0,Debit,37321.08,Food & Dining,Maharashtra,714,1,Personal,38090.33,Success,Web,Verified,0,11,-1,-0.04218128793146292
TXN000073460,CUST033788,2019-09-01,05:36,Current,Auto_Debit,994.55,Debit,59671.42,Retail,Karnataka,739,1,Auto,4731.3,Success,Branch,Pending,0,5,-1,-0.0025698662581610243
TXN000073513,CUST063200,2019-09-01,09:39,Salary,RTGS,2363721.08,Debit,104574.79,Salary,Karnataka,338,0,Unknown,0.0,Success,Web,Verified,0,9,-1,-0.06661009280985497
TXN000073520,CUST044395,2019-09-01,13:52,Savings,POS,1600.91,Debit,92633.38,Travel,UP,829,1,Business,23187.27,Success,Web,Verified,0,13,-1,-0.027593030115017347
TXN000073557,CUST041219,2019-09-01,20:41,Savings,UPI,1086.62,Debit,141470.14,Fuel,UP,823,1,Auto,66171.66,Success,Web,Verified,0,20,-1,-0.04166306114199225
TXN000073782,CUST050532,2019-09-02,07:05,NRI,RTGS,1493419.93,Credit,29322.14,Retail,Telangana,311,1,Auto,6192.51,Failed,ATM,Verified,0,7,-1,-0.015419130762535205
TXN000073982,CUST011292,2019-09-03,10:18,Salary,NEFT,691542.71,Credit,36365.42,Utilities,Karnataka,768,0,Unknown,0.0,Success,POS_Terminal,Verified,0,10,-1,-0.010112076521727409
TXN000074155,CUST034234,2019-09-03,06:34,Salary,RTGS,4529812.32,Debit,32079.01,Food & Dining,Rajasthan,550,0,Unknown,0.0,Success,Mobile_App,Verified,0,6,-1,-0.10507307518722597
TXN000074232,CUST078398,2019-09-04,03:46,Salary,RTGS,789838.58,Debit,2794.94,Travel,Tamil Nadu,325,1,Home,8576.72,Success,Web,Verified,0,3,-1,-0.03868693260804146
TXN000074699,CUST059893,2019-09-05,15:59,Savings,Cheque,1808213.23,Debit,10255.41,Investment,Karnataka,452,1,Gold,16452.28,Success,Branch,Verified,0,15,-1,-0.007962286302738542
TXN000074749,CUST033515,2019-09-05,15:31,Savings,Net_Banking,32174.53,Credit,69380.97,Salary,Maharashtra,406,0,Unknown,0.0,Success,Mobile_App,Verified,0,15,-1,-0.05277310151460024
TXN000074770,CUST053136,2019-09-05,06:53,Savings,RTGS,1679673.95,Credit,122025.63,Fuel,Delhi,723,0,Unknown,0.0,Failed,Web,Verified,1,6,-1,-0.028409724676516368
TXN000074823,CUST005000,2019-09-05,07:36,Savings,RTGS,646863.98,Credit,4649.97,Travel,Gujarat,896,0,Unknown,0.0,Success,POS_Terminal,Verified,0,7,-1,-0.04765306716517148
TXN000074824,CUST061035,2019-09-05,14:13,Savings,Cheque,53873.39,Credit,16453.46,Utilities,Tamil Nadu,654,1,Home,10795.87,Success,Mobile_App,Verified,0,14,-1,-0.0019168621283376375
TXN000074867,CUST004585,2019-09-06,06:42,Salary,POS,4736.61,Debit,4670.67,Real Estate,West Bengal,782,0,Unknown,0.0,Success,API,Verified,0,6,-1,-0.010188851603832538
TXN000074874,CUST011120,2019-09-06,14:18,Savings,Credit_Card,16272.86,Debit,47590.89,Peer Transfer,Tamil Nadu,326,1,Personal,10014.28,Success,Web,Verified,0,14,-1,-0.014449958281580022
TXN000074945,CUST040323,2019-09-06,06:48,Salary,NEFT,2483407.15,Debit,247579.67,Food & Dining,Rajasthan,889,0,Unknown,0.0,Success,Web,Verified,0,6,-1,-0.07217085295367376
TXN000075267,CUST012642,2019-09-07,16:21,Salary,ATM_Withdrawal,500.0,Debit,37737.5,Retail,Delhi,406,0,Unknown,0.0,Success,Web,Verified,0,16,-1,-0.008605981314022904
TXN000075432,CUST060885,2019-09-07,01:24,Current,UPI,167.62,Debit,5000000.0,Peer Transfer,Rajasthan,520,1,Auto,25295.53,Success,Mobile_App,Verified,0,1,-1,-0.1183996853173982
TXN000075443,CUST000126,2019-09-07,01:24,Current,RTGS,1379780.39,Credit,22141.2,Investment,Delhi,542,1,Gold,4650.55,Success,Web,Verified,1,1,-1,-0.07050461349381087
TXN000075463,CUST000137,2019-09-08,09:21,Salary,Cheque,158872.86,Debit,20994.18,Travel,Rajasthan,787,1,Personal,37381.57,Success,Web,Verified,0,9,-1,-0.01928573017521784
TXN000075509,CUST004166,2019-09-08,08:29,NRI,UPI,188.94,Debit,18284.71,E-Commerce,Karnataka,488,1,Personal,49416.09,Success,Mobile_App,Verified,0,8,-1,-0.0973210555569809
TXN000075530,CUST005022,2019-09-08,03:29,Current,RTGS,370604.53,Credit,6653.52,E-Commerce,Tamil Nadu,555,0,Unknown,0.0,Success,POS_Terminal,Verified,0,3,-1,-0.008143087739207577
TXN000075701,CUST001699,2019-09-08,04:54,Savings,NEFT,8050.5,Credit,47895.8,Retail,West Bengal,703,1,Home,72319.21,Success,Mobile_App,Verified,0,4,-1,-0.06209121953968244
TXN000075707,CUST061752,2019-09-08,04:57,Current,Cheque,4239548.81,Credit,99950.46,Travel,Maharashtra,490,0,Unknown,0.0,Success,Web,Verified,0,4,-1,-0.10538231611095694
TXN000075801,CUST001377,2019-09-09,10:03,Current,IMPS,858.24,Credit,30516.55,Insurance,West Bengal,750,1,Home,17572.71,Success,Mobile_App,Verified,0,10,-1,-0.008316687093342212
TXN000075810,CUST065733,2019-09-09,04:25,Fixed Deposit,RTGS,143679.77,Credit,30818.59,Healthcare,Telangana,401,0,Unknown,0.0,Success,ATM,Verified,0,4,-1,-0.014388249468795355
TXN000076115,CUST065724,2019-09-10,07:20,Savings,RTGS,916025.04,Debit,46901.6,E-Commerce,Karnataka,423,1,Home,8958.31,Success,POS_Terminal,Verified,0,7,-1,-0.029615084663697777
TXN000076135,CUST065165,2019-09-10,09:34,Current,IMPS,12347.87,Credit,101636.47,Peer Transfer,Karnataka,316,1,Business,58360.9,Success,Branch,Verified,0,9,-1,-0.0468854750275719
TXN000076174,CUST002739,2019-09-10,21:17,Salary,NEFT,18921.58,Credit,47837.05,Salary,Tamil Nadu,501,1,Business,29591.53,Success,Mobile_App,Verified,0,21,-1,-0.02143743846687607
TXN000076256,CUST042302,2019-09-10,12:58,Savings,Auto_Debit,213.52,Debit,119307.54,Food & Dining,West Bengal,640,1,Business,31910.9,Success,Branch,Verified,0,12,-1,-0.017987295160682093
TXN000076300,CUST077677,2019-09-10,04:56,Current,RTGS,987966.49,Credit,43646.68,Utilities,Rajasthan,346,0,Unknown,0.0,Success,Mobile_App,Verified,0,4,-1,-0.023570125807516495
TXN000076320,CUST028285,2019-09-10,10:34,Savings,Net_Banking,2963.97,Credit,10613.16,Retail,Delhi,792,1,Education,22706.66,Success,Mobile_App,Verified,0,10,-1,-0.007286053469890086
TXN000076419,CUST005406,2019-09-11,18:15,Current,RTGS,685109.75,Credit,16762.27,Retail,Maharashtra,662,0,Unknown,0.0,Success,ATM,Verified,1,18,-1,-0.018921166994896432
TXN000076502,CUST044704,2019-09-11,09:31,NRI,Credit_Card,6680.58,Debit,329641.73,Retail,Tamil Nadu,406,1,Unknown,1728.76,Success,Mobile_App,Verified,0,9,-1,-0.009078656609162405
TXN000076870,CUST062411,2019-09-12,01:57,Savings,Net_Banking,1169.77,Credit,28916.58,Healthcare,Maharashtra,676,0,Unknown,0.0,Success,Web,Verified,0,1,-1,-0.013783896070396429
TXN000076892,CUST077657,2019-09-12,11:20,Savings,RTGS,815044.62,Credit,9396.11,Utilities,Gujarat,715,0,Unknown,0.0,Success,Mobile_App,Verified,0,11,-1,-0.012016124844630882
TXN000077058,CUST061187,2019-09-13,03:50,Savings,Credit_Card,1374.45,Debit,20719.31,Utilities,Gujarat,792,0,Unknown,0.0,Success,ATM,Verified,0,3,-1,-0.015420916314938249
TXN000077182,CUST070116,2019-09-13,15:05,Salary,UPI,599.35,Debit,238198.85,Government,Tamil Nadu,406,0,Unknown,0.0,Success,Mobile_App,Verified,0,15,-1,-0.027051181013579062
TXN000077306,CUST053703,2019-09-14,05:16,Current,UPI,567.7,Debit,140809.32,Travel,Maharashtra,406,0,Unknown,0.0,Success,Mobile_App,Verified,0,5,-1,-0.005071903257435895
TXN000077354,CUST024602,2019-09-14,22:07,Salary,RTGS,1017169.12,Credit,8608.01,Salary,Telangana,866,1,Auto,1698.18,Failed,API,Verified,0,22,-1,-0.008146838438043535
TXN000077536,CUST003858,2019-09-15,12:03,Salary,RTGS,2438993.9,Debit,26874.58,Insurance,Maharashtra,741,1,Unknown,12490.3,Success,Branch,Verified,0,12,-1,-0.0526098102524577
TXN000077721,CUST016666,2019-09-15,01:54,Savings,RTGS,623217.97,Debit,55239.58,Retail,Rajasthan,849,0,Unknown,0.0,Success,Web,Verified,0,1,-1,-0.023599010246388885
TXN000077748,CUST038692,2019-09-15,21:21,NRI,RTGS,950120.42,Credit,229310.3,Travel,Tamil Nadu,773,0,Unknown,0.0,Success,Web,Verified,0,21,-1,-0.02552541412816378
TXN000077928,CUST046627,2019-09-16,08:37,Current,Cheque,151914.81,Debit,31207.35,Retail,West Bengal,575,1,Education,43313.13,Success,ATM,Expired,0,8,-1,-0.011429212054333449
TXN000077952,CUST065289,2019-09-16,02:57,Salary,POS,2579.24,Debit,198701.35,Retail,Rajasthan,803,0,Unknown,0.0,Success,Mobile_App,Verified,0,2,-1,-0.03094400476590209
TXN000078165,CUST021984,2019-09-17,07:25,Current,Auto_Debit,2207.85,Debit,113132.93,Food & Dining,Tamil Nadu,441,1,Personal,42271.48,Reversed,Web,Verified,0,7,-1,-0.030231944036995806
TXN000078200,CUST053573,2019-09-17,01:47,Savings,RTGS,864227.28,Debit,2405.78,Education,Maharashtra,590,0,Unknown,0.0,Success,Mobile_App,Pending,0,1,-1,-0.05159990042806295
TXN000078412,CUST007839,2019-09-17,22:20,Current,IMPS,6103.87,Credit,5996.19,Government,West Bengal,792,0,Unknown,0.0,Pending,Web,Verified,0,22,-1,-0.015365112417683346
TXN000078534,CUST043751,2019-09-18,01:05,Salary,RTGS,430520.19,Credit,28966.99,Peer Transfer,Maharashtra,657,0,Unknown,0.0,Success,Web,Verified,0,1,-1,-0.00679648935647148
TXN000078644,CUST044554,2019-09-18,14:35,Savings,RTGS,2220245.19,Debit,150372.71,E-Commerce,Maharashtra,300,1,Auto,2654.11,Success,Branch,Verified,0,14,-1,-0.02549016727714004
TXN000078744,CUST063436,2019-09-19,11:29,Savings,NEFT,1023333.22,Credit,26443.44,E-Commerce,Karnataka,657,0,Unknown,0.0,Success,Web,Verified,0,11,-1,-0.03440526349301798
TXN000078777,CUST044521,2019-09-19,09:23,Savings,Cheque,937340.72,Debit,5147.98,Entertainment,Rajasthan,474,1,Home,16642.76,Success,Mobile_App,Verified,0,9,-1,-0.00846372445081156
TXN000078933,CUST020241,2019-09-19,10:47,Salary,RTGS,1007715.42,Credit,73476.72,Healthcare,Maharashtra,399,0,Unknown,0.0,Success,Mobile_App,Pending,0,10,-1,-0.011651171818889638
TXN000078963,CUST034932,2019-09-19,22:56,Savings,Net_Banking,9480.32,Debit,138190.89,Education,West Bengal,792,1,Business,1582.39,Failed,Mobile_App,Verified,0,22,-1,-0.003925800613063357
TXN000079022,CUST022428,2019-09-20,22:14,Current,POS,608.7,Debit,21105.07,Salary,Delhi,792,0,Unknown,0.0,Success,Web,Verified,0,22,-1,-0.02509769569795306
TXN000079124,CUST044944,2019-09-20,15:21,Savings,Credit_Card,1797.06,Debit,32062.36,E-Commerce,Punjab,406,0,Unknown,0.0,Success,Mobile_App,Verified,0,15,-1,-0.030490412293021296
TXN000079125,CUST061702,2019-09-20,20:14,Current,RTGS,742115.17,Credit,399754.86,Retail,Tamil Nadu,868,0,Unknown,0.0,Success,Web,Verified,0,20,-1,-0.021201462584025665
TXN000079182,CUST058513,2019-09-20,06:39,Savings,RTGS,185384.51,Credit,13908.18,Salary,Delhi,792,0,Unknown,0.0,Success,Web,Verified,0,6,-1,-0.07344252969973519
TXN000079299,CUST020297,2019-09-20,02:42,Savings,NEFT,2573.19,Credit,21365.14,Peer Transfer,Gujarat,803,1,Personal,2349.11,Success,Web,Verified,0,2,-1,-0.006712149742738038
TXN000079308,CUST078911,2019-09-21,16:03,Current,Cheque,2507217.96,Debit,226437.74,Real Estate,Telangana,592,1,Personal,678.25,Success,POS_Terminal,Verified,0,16,-1,-0.037647806445555654
TXN000079329,CUST067381,2019-09-21,21:50,Savings,RTGS,329994.99,Credit,37294.14,Food & Dining,Maharashtra,699,0,Unknown,0.0,Pending,Branch,Verified,0,21,-1,-0.013319492547920309
TXN000079465,CUST072683,2019-09-21,00:28,Savings,RTGS,544037.39,Credit,27120.22,E-Commerce,Delhi,357,0,Unknown,0.0,Success,Mobile_App,Verified,0,0,-1,-0.004045674927799059
TXN000079467,CUST039281,2019-09-21,17:42,Current,Cheque,793975.38,Debit,255600.27,Salary,West Bengal,798,0,Unknown,0.0,Success,Mobile_App,Pending,0,17,-1,-0.012558989674720022
TXN000079606,CUST027494,2019-09-22,05:23,Current,Cheque,755000.65,Credit,83349.53,Travel,Tamil Nadu,839,0,Unknown,0.0,Success,POS_Terminal,Verified,0,5,-1,-0.005114415011028051
TXN000079790,CUST006536,2019-09-22,00:02,NRI,NEFT,46122.88,Credit,18698.93,Food & Dining,Rajasthan,508,1,Home,88327.76,Success,Mobile_App,Pending,0,0,-1,-0.03605482613691635
TXN000079830,CUST073157,2019-09-22,18:38,Savings,POS,4459.7,Debit,132298.61,Fuel,Tamil Nadu,649,1,Education,2950.94,Success,ATM,Verified,0,18,-1,-0.0018327265485964528
TXN000079843,CUST003387,2019-09-22,03:49,Current,POS,2338.38,Debit,38824.4,Insurance,Karnataka,687,1,Auto,28213.77,Success,Web,Verified,0,3,-1,-0.018520552002222468
TXN000080042,CUST052344,2019-09-23,05:45,NRI,RTGS,436716.11,Credit,13172.45,Utilities,UP,640,0,Unknown,0.0,Success,ATM,Verified,0,5,-1,-0.04764356481896148
TXN000080133,CUST023576,2019-09-23,19:16,Savings,RTGS,1410855.02,Credit,13187.83,Entertainment,Maharashtra,486,1,Gold,9061.23,Pending,Mobile_App,Verified,0,19,-1,-0.017829606029116207
TXN000080179,CUST042895,2019-09-24,17:46,Fixed Deposit,IMPS,3561.05,Credit,21504.22,Peer Transfer,Maharashtra,503,1,Personal,37224.47,Success,Branch,Verified,0,17,-1,-0.03387668656034104
TXN000080293,CUST023924,2019-09-24,02:13,Salary,UPI,836.47,Credit,15133.81,Government,Telangana,645,1,Education,23464.99,Success,API,Verified,0,2,-1,-0.04620333392862508
TXN000080320,CUST065706,2019-09-24,14:40,Current,Auto_Debit,926.17,Debit,57328.68,Retail,Tamil Nadu,326,0,Unknown,0.0,Success,Mobile_App,Verified,0,14,-1,-0.010577119226236387
TXN000080386,CUST029076,2019-09-24,17:50,Salary,NEFT,31905.82,Credit,21279.89,Investment,Tamil Nadu,782,1,Home,27116.08,Success,Mobile_App,Expired,0,17,-1,-0.03078064418888249
TXN000080538,CUST018091,2019-09-25,21:22,Current,IMPS,15259.19,Debit,2892.92,Salary,Maharashtra,782,0,Unknown,0.0,Success,Web,Verified,0,21,-1,-0.0005304404093614545
TXN000080606,CUST057265,2019-09-25,01:22,Current,RTGS,689853.64,Credit,2062.15,Entertainment,Delhi,517,0,Unknown,0.0,Success,Mobile_App,Verified,0,1,-1,-0.04174169948779993
TXN000080800,CUST051955,2019-09-26,00:22,Savings,RTGS,1929348.78,Credit,192524.1,Real Estate,Maharashtra,569,0,Unknown,0.0,Success,API,Verified,0,0,-1,-0.029697634949906515
TXN000080868,CUST002413,2019-09-26,21:14,Salary,RTGS,499878.08,Credit,51814.3,E-Commerce,Karnataka,688,0,Unknown,0.0,Success,POS_Terminal,Verified,0,21,-1,-0.0023629800393225597
TXN000080894,CUST045342,2019-09-26,04:03,Savings,UPI,571.39,Credit,47645.73,Retail,West Bengal,616,1,Auto,6460.76,Success,Mobile_App,Verified,0,4,-1,-0.006210279857694734
TXN000081076,CUST054891,2019-09-26,14:50,Savings,RTGS,1806199.41,Debit,22033.88,Retail,Maharashtra,596,1,Business,3444.18,Success,Web,Verified,1,14,-1,-0.06321071659655964
TXN000081183,CUST029002,2019-09-27,17:42,NRI,ATM_Withdrawal,500.0,Debit,60027.41,Education,Gujarat,818,1,Home,88041.08,Success,Web,Verified,0,17,-1,-0.010858745243084611
TXN000081245,CUST023001,2019-09-27,04:05,Savings,UPI,90.49,Debit,377944.9,Salary,Tamil Nadu,649,1,Home,26270.45,Success,POS_Terminal,Verified,1,4,-1,-0.03076089317063402
TXN000081499,CUST067769,2019-09-28,05:02,Fixed Deposit,Cheque,1685059.74,Debit,35216.43,Food & Dining,Delhi,573,0,Unknown,0.0,Success,Mobile_App,Verified,0,5,-1,-0.0947166458445311
TXN000081518,CUST078324,2019-09-28,06:24,Salary,NEFT,1764972.45,Debit,102510.14,Insurance,Gujarat,309,1,Auto,1590.11,Success,Branch,Verified,0,6,-1,-0.04351755039808736
TXN000081706,CUST070530,2019-09-29,00:53,Savings,Cheque,1062435.64,Debit,28372.36,Retail,Delhi,332,1,Personal,5113.58,Success,POS_Terminal,Verified,0,0,-1,-0.021354971899101294
TXN000081751,CUST014275,2019-09-29,18:07,Current,UPI,405.49,Credit,234556.54,Utilities,UP,505,0,Unknown,0.0,Success,POS_Terminal,Verified,0,18,-1,-0.0052724108600560315
TXN000081789,CUST068892,2019-09-29,20:36,Savings,Auto_Debit,3623.65,Debit,39796.23,Salary,Tamil Nadu,406,0,Unknown,0.0,Success,POS_Terminal,Verified,0,20,-1,-0.004486273960428222
TXN000081873,CUST019941,2019-09-29,22:25,Salary,RTGS,1000366.26,Debit,69914.28,Food & Dining,Karnataka,821,1,Home,7869.31,Success,Mobile_App,Verified,0,22,-1,-0.0690005969731966
TXN000082004,CUST024124,2019-09-30,13:05,Current,RTGS,1249211.56,Debit,14652.26,Entertainment,Rajasthan,392,0,Unknown,0.0,Success,Mobile_App,Verified,0,13,-1,-0.07771796530828823
TXN000082076,CUST049523,2019-09-30,06:36,Savings,UPI,51.39,Credit,19902.41,Insurance,Karnataka,332,1,Unknown,15000.59,Success,Mobile_App,Pending,0,6,-1,-0.0023875292012013327
TXN000082121,CUST053616,2019-09-30,20:09,Savings,IMPS,2782.52,Credit,203473.66,Salary,Maharashtra,406,1,Auto,7558.44,Success,Mobile_App,Verified,0,20,-1,-0.0048714875656501455
TXN000082425,CUST058433,2019-10-01,19:14,Salary,UPI,680.94,Debit,57034.43,Fuel,Gujarat,645,1,Home,16458.82,Success,ATM,Pending,0,19,-1,-0.0020171134241040445
TXN000082665,CUST044585,2019-10-02,07:50,Current,IMPS,465.97,Credit,35734.62,Utilities,Maharashtra,623,1,Personal,43684.53,Success,Mobile_App,Verified,0,7,-1,-0.01850043882882446
TXN000083028,CUST070522,2019-10-03,13:08,Savings,RTGS,612691.43,Credit,36968.5,Entertainment,Delhi,518,0,Unknown,0.0,Success,ATM,Expired,0,13,-1,-0.034492565570847344
TXN000083051,CUST049075,2019-10-03,15:50,Savings,RTGS,837633.77,Credit,138562.76,Peer Transfer,Telangana,324,1,Personal,11786.88,Success,Mobile_App,Verified,0,15,-1,-0.021416438789544245
TXN000083103,CUST034090,2019-10-03,19:08,Fixed Deposit,RTGS,621713.19,Debit,126743.56,Utilities,Rajasthan,553,0,Unknown,0.0,Success,POS_Terminal,Verified,0,19,-1,-0.06006855797328703
TXN000083187,CUST052086,2019-10-04,16:51,NRI,Auto_Debit,406.75,Debit,12788.12,Salary,Delhi,616,0,Unknown,0.0,Success,Mobile_App,Verified,0,16,-1,-0.005577924419972957
TXN000083309,CUST030282,2019-10-04,10:10,Savings,RTGS,472449.99,Debit,62413.04,Utilities,Telangana,488,1,Business,14075.48,Success,Branch,Verified,0,10,-1,-0.004469499877061689
TXN000083325,CUST026612,2019-10-04,08:53,Savings,NEFT,1559.26,Debit,74980.85,Food & Dining,Delhi,829,1,Auto,66018.25,Success,Web,Verified,0,8,-1,-0.0829300960167928
TXN000083519,CUST038580,2019-10-05,11:30,Current,Cheque,1428341.78,Credit,82049.3,Peer Transfer,West Bengal,894,1,Business,2999.2,Success,Mobile_App,Verified,0,11,-1,-0.015654272205281705
TXN000083680,CUST020291,2019-10-05,12:47,Salary,Net_Banking,1920.36,Debit,310267.33,Peer Transfer,Telangana,406,0,Unknown,0.0,Success,Mobile_App,Pending,0,12,-1,-0.023658327364210474
TXN000083920,CUST023949,2019-10-06,21:16,Savings,RTGS,2415372.06,Debit,302954.18,Peer Transfer,Tamil Nadu,871,0,Unknown,0.0,Success,Mobile_App,Verified,1,21,-1,-0.03790868630793032
TXN000083984,CUST023202,2019-10-06,06:20,Salary,Cheque,1245651.57,Credit,100623.17,Travel,Gujarat,312,1,Personal,4976.15,Success,Mobile_App,Verified,0,6,-1,-0.07315464833010954
TXN000084025,CUST002518,2019-10-06,10:52,Current,RTGS,781347.67,Credit,36430.72,Entertainment,Maharashtra,688,1,Home,1143.48,Success,Web,Verified,1,10,-1,-0.02192921857353325
TXN000084029,CUST043334,2019-10-06,01:25,Salary,NEFT,3438058.73,Debit,59806.74,Utilities,Telangana,786,0,Unknown,0.0,Success,ATM,Verified,0,1,-1,-0.11664919523096706
TXN000084046,CUST054866,2019-10-06,04:25,Salary,Net_Banking,486.92,Debit,23432.54,Education,Tamil Nadu,429,1,Unknown,16295.03,Success,Web,Verified,0,4,-1,-0.06514786077435963
TXN000084333,CUST018305,2019-10-07,15:10,Current,IMPS,3027.15,Credit,2032226.13,Insurance,Maharashtra,518,1,Unknown,3992.96,Success,Mobile_App,Verified,0,15,-1,-0.01824975685662178
TXN000084414,CUST061826,2019-10-08,22:48,Savings,Cheque,5169985.01,Credit,61401.02,Healthcare,Rajasthan,406,0,Unknown,0.0,Success,Mobile_App,Verified,0,22,-1,-0.10111233428932598
TXN000084719,CUST075320,2019-10-09,04:15,Fixed Deposit,Auto_Debit,4961.76,Debit,60015.72,Retail,Tamil Nadu,616,0,Unknown,0.0,Success,Mobile_App,Verified,0,4,-1,-0.005298187494396367
TXN000084885,CUST070948,2019-10-09,22:41,Savings,Cheque,955038.96,Debit,28143.28,Peer Transfer,Karnataka,590,0,Unknown,0.0,Success,Web,Verified,0,22,-1,-0.012312233113970561
TXN000084954,CUST015455,2019-10-09,19:40,NRI,ATM_Withdrawal,2000.0,Debit,94242.49,Insurance,Delhi,406,0,Unknown,0.0,Success,Web,Verified,0,19,-1,-0.012285855071631269
TXN000085155,CUST055933,2019-10-10,19:11,Salary,RTGS,931547.93,Debit,367558.63,Salary,UP,518,1,Home,2407.34,Success,Web,Pending,0,19,-1,-0.007409129805679204
TXN000085316,CUST039155,2019-10-11,02:05,Fixed Deposit,UPI,555.87,Credit,108438.96,E-Commerce,Rajasthan,372,0,Unknown,0.0,Success,POS_Terminal,Verified,0,2,-1,-0.005513803337348522
TXN000085462,CUST058802,2019-10-11,06:42,Salary,RTGS,291697.68,Credit,2451.72,E-Commerce,Maharashtra,332,0,Unknown,0.0,Success,Web,Verified,0,6,-1,-0.05479225896188045
TXN000085538,CUST074586,2019-10-11,02:54,Savings,RTGS,62401.92,Credit,3861.89,Education,West Bengal,590,0,Unknown,0.0,Reversed,Branch,Verified,0,2,-1,-0.0031887791863079995
TXN000085899,CUST050179,2019-10-12,10:57,Fixed Deposit,UPI,1921.55,Credit,12898.91,Salary,Gujarat,406,0,Unknown,0.0,Success,Mobile_App,Verified,0,10,-1,-0.014318144735254723
TXN000086186,CUST019993,2019-10-13,00:04,Current,POS,50.24,Debit,93225.06,Investment,Delhi,411,1,Business,46773.03,Success,Mobile_App,Verified,0,0,-1,-0.014195437645263986
TXN000086190,CUST023329,2019-10-13,16:30,Current,NEFT,1155316.38,Credit,50401.33,Entertainment,Delhi,828,1,Unknown,2454.57,Success,ATM,Verified,0,16,-1,-0.006829091662402309
TXN000086214,CUST002189,2019-10-13,14:28,Current,RTGS,64374.82,Debit,102131.69,Investment,Maharashtra,841,1,Unknown,72588.0,Success,Mobile_App,Pending,0,14,-1,-0.07399340986455483
TXN000086316,CUST022406,2019-10-14,15:45,Savings,ATM_Withdrawal,500.0,Debit,88338.81,Food & Dining,Telangana,762,1,Home,21960.36,Success,Branch,Verified,0,15,-1,-0.010749067170595983
TXN000086317,CUST048758,2019-10-14,07:03,Savings,RTGS,3124722.36,Credit,120784.28,Fuel,UP,636,0,Unknown,0.0,Success,ATM,Verified,0,7,-1,-0.08344417530861026
TXN000086433,CUST002925,2019-10-14,03:02,Current,UPI,613.32,Credit,62922.37,Peer Transfer,Rajasthan,409,1,Home,40170.86,Success,Web,Verified,0,3,-1,-0.009965884268886671
TXN000086471,CUST027977,2019-10-14,05:25,Savings,Auto_Debit,1674.28,Debit,10411.07,Food & Dining,UP,739,0,Unknown,0.0,Success,POS_Terminal,Verified,0,5,-1,-0.004212311522826417
TXN000086480,CUST072313,2019-10-14,04:59,Savings,NEFT,7579.88,Credit,7096.46,Travel,Delhi,622,1,Personal,39746.01,Success,ATM,Verified,0,4,-1,-0.031764649379014354
TXN000086721,CUST065203,2019-10-15,16:42,Savings,Cheque,3863399.37,Debit,44405.98,Fuel,Punjab,695,0,Unknown,0.0,Success,Mobile_App,Expired,0,16,-1,-0.07926157712514315
TXN000086818,CUST039264,2019-10-15,17:26,Current,Auto_Debit,14325.63,Debit,56715.09,Food & Dining,West Bengal,793,0,Unknown,0.0,Success,POS_Terminal,Pending,0,17,-1,-0.038257309444852616
TXN000086855,CUST077554,2019-10-15,03:23,Current,Auto_Debit,564.34,Debit,31148.97,Salary,Punjab,793,0,Unknown,0.0,Success,ATM,Verified,0,3,-1,-0.01035369160880939
TXN000086863,CUST000954,2019-10-15,04:02,Savings,UPI,144.43,Credit,15661.84,Insurance,Karnataka,803,0,Unknown,0.0,Success,POS_Terminal,Verified,0,4,-1,-0.0006207824888919689
TXN000086978,CUST024699,2019-10-16,09:06,Savings,RTGS,2751736.69,Debit,365217.51,Food & Dining,Delhi,854,0,Unknown,0.0,Success,Branch,Verified,0,9,-1,-0.07613902263920358
TXN000087122,CUST018604,2019-10-16,22:42,Salary,Cheque,2922270.13,Debit,15451.97,Fuel,West Bengal,432,1,Business,8383.53,Success,Mobile_App,Verified,1,22,-1,-0.11099384650204702
TXN000087355,CUST020594,2019-10-17,04:45,NRI,Cheque,4045.95,Debit,111189.18,Entertainment,Maharashtra,797,1,Personal,37166.35,Success,Mobile_App,Verified,0,4,-1,-0.025183664367061986
TXN000087475,CUST060206,2019-10-17,15:19,Salary,RTGS,978709.83,Debit,116791.32,Food & Dining,UP,370,1,Business,7484.57,Success,Mobile_App,Verified,0,15,-1,-0.04405790066642612
TXN000087599,CUST067441,2019-10-18,15:23,Savings,IMPS,2258.76,Debit,9037.71,Travel,Gujarat,406,0,Unknown,0.0,Success,Branch,Pending,0,15,-1,-0.027150945263863524
TXN000087739,CUST009651,2019-10-18,04:03,Savings,Cheque,908229.05,Debit,501909.52,Entertainment,West Bengal,796,1,Business,11230.43,Success,Web,Verified,0,4,-1,-0.06454499393973256
TXN000087817,CUST027554,2019-10-18,15:51,NRI,UPI,3448.31,Credit,3117.06,Retail,Maharashtra,411,1,Home,31640.93,Success,POS_Terminal,Pending,0,15,-1,-0.0015490086965607164
TXN000087913,CUST047469,2019-10-19,11:22,Savings,RTGS,674683.9,Credit,47064.72,Retail,Karnataka,819,0,Unknown,0.0,Success,Web,Verified,0,11,-1,-0.00399428112568756
TXN000087951,CUST016543,2019-10-19,07:10,NRI,Cheque,1211962.94,Debit,2591.25,Investment,Karnataka,880,0,Unknown,0.0,Success,Mobile_App,Verified,0,7,-1,-0.05833859789144691
TXN000087984,CUST038131,2019-10-19,04:36,Savings,POS,7125.52,Debit,9228.93,Government,Telangana,430,1,Business,57668.92,Success,Web,Verified,0,4,-1,-0.061015780787337937
TXN000088312,CUST061307,2019-10-20,16:02,Current,IMPS,1495.32,Credit,54380.8,Utilities,Tamil Nadu,604,1,Personal,48661.76,Success,POS_Terminal,Verified,0,16,-1,-0.020394336894271503
TXN000088542,CUST031005,2019-10-21,23:00,Savings,RTGS,173495.95,Debit,53122.57,Insurance,West Bengal,676,0,Unknown,0.0,Success,ATM,Verified,0,23,-1,-0.001339593156940988
TXN000088694,CUST047250,2019-10-21,20:06,Current,RTGS,779038.19,Credit,120855.66,Entertainment,UP,718,0,Unknown,0.0,Success,Mobile_App,Expired,0,20,-1,-0.020099954967498057
TXN000089002,CUST045956,2019-10-22,06:46,NRI,RTGS,559048.25,Debit,44476.83,Government,West Bengal,657,1,Personal,11769.62,Success,POS_Terminal,Verified,0,6,-1,-0.002252850582194821
TXN000089148,CUST019326,2019-10-23,18:34,Savings,RTGS,3172332.33,Credit,116908.29,Retail,Tamil Nadu,882,0,Unknown,0.0,Success,Mobile_App,Verified,0,18,-1,-0.0443017580335221
TXN000089256,CUST003181,2019-10-23,19:35,Savings,POS,441.1,Debit,19479.06,Insurance,Delhi,505,0,Unknown,0.0,Success,API,Verified,0,19,-1,-0.0024351230311258076
TXN000089294,CUST012511,2019-10-23,12:16,Salary,RTGS,1567327.79,Debit,70782.13,Travel,Gujarat,421,1,Unknown,1068.78,Success,Web,Verified,0,12,-1,-0.010048111268836646
TXN000089371,CUST050441,2019-10-23,08:44,Fixed Deposit,UPI,322.42,Debit,153512.33,Government,Maharashtra,470,1,Home,10357.74,Success,POS_Terminal,Verified,0,8,-1,-0.020293525446339
TXN000089726,CUST053095,2019-10-25,12:27,Salary,RTGS,536355.5,Debit,56298.92,Fuel,Maharashtra,640,1,Unknown,2995.8,Success,Mobile_App,Verified,0,12,-1,-0.027339907557441312
TXN000089762,CUST007898,2019-10-25,18:43,Savings,NEFT,2529.64,Credit,43026.78,Government,Delhi,572,1,Home,36614.8,Success,Mobile_App,Verified,0,18,-1,-0.009026163566761891
TXN000089773,CUST040386,2019-10-25,01:40,Savings,UPI,3943.42,Credit,74440.57,Travel,Punjab,373,1,Home,66860.34,Success,Web,Verified,0,1,-1,-0.02566058672852889
TXN000089801,CUST014839,2019-10-25,09:34,Fixed Deposit,RTGS,1236186.54,Credit,13409.17,Food & Dining,Maharashtra,612,0,Unknown,0.0,Success,Web,Verified,0,9,-1,-0.013901388539658055
TXN000089837,CUST031461,2019-10-25,16:39,Fixed Deposit,RTGS,485399.3,Debit,32861.7,Real Estate,Telangana,757,0,Unknown,0.0,Success,Mobile_App,Verified,0,16,-1,-0.00038978239015241556
TXN000090024,CUST067409,2019-10-26,21:25,NRI,Cheque,691750.72,Credit,87967.55,Food & Dining,Gujarat,821,0,Unknown,0.0,Success,Web,Verified,0,21,-1,-0.038836839716520966
TXN000090305,CUST076540,2019-10-26,19:07,NRI,IMPS,12601.23,Credit,62498.78,Food & Dining,Maharashtra,692,1,Business,57505.05,Success,Mobile_App,Pending,0,19,-1,-0.0974559089999475
TXN000090380,CUST072854,2019-10-27,07:45,Salary,IMPS,14882.0,Credit,188981.86,Peer Transfer,Punjab,314,0,Unknown,0.0,Success,ATM,Verified,0,7,-1,-0.0005555869185850382
TXN000090461,CUST021336,2019-10-27,12:48,Salary,RTGS,939557.68,Credit,16273.79,Insurance,Maharashtra,349,0,Unknown,0.0,Success,Web,Verified,0,12,-1,-0.0402055070680184
TXN000090631,CUST000866,2019-10-28,04:50,Current,UPI,1084.52,Credit,548738.83,Peer Transfer,Rajasthan,488,1,Home,1781.3,Success,Branch,Verified,0,4,-1,-0.017480220911186173
TXN000090740,CUST020963,2019-10-28,22:49,Savings,Cheque,453728.39,Credit,54743.2,Travel,Tamil Nadu,389,0,Unknown,0.0,Success,Web,Verified,0,22,-1,-0.014209404585624585
TXN000090806,CUST013296,2019-10-28,04:14,Current,Net_Banking,48483.14,Debit,7513.87,Food & Dining,Delhi,445,1,Business,80985.53,Success,Branch,Verified,0,4,-1,-0.04837758428783523
TXN000091016,CUST038865,2019-10-29,03:34,Savings,Auto_Debit,825.88,Debit,86126.92,Salary,Telangana,326,0,Unknown,0.0,Success,Branch,Verified,0,3,-1,-0.048875148019790315
TXN000091058,CUST014721,2019-10-29,06:25,Salary,Net_Banking,26844.29,Debit,12045.58,Salary,Maharashtra,501,0,Unknown,0.0,Success,API,Verified,0,6,-1,-0.00821007965054188
TXN000091147,CUST045243,2019-10-29,16:22,Savings,IMPS,5821.67,Debit,5302.29,E-Commerce,Karnataka,326,0,Unknown,0.0,Reversed,Web,Verified,0,16,-1,-0.010214154367115258
TXN000091154,CUST037684,2019-10-29,08:40,Fixed Deposit,UPI,116.2,Debit,16906.67,Investment,Karnataka,406,0,Unknown,0.0,Success,Web,Verified,0,8,-1,-0.010078992607221449
TXN000091163,CUST074012,2019-10-29,00:28,Savings,RTGS,1283950.16,Debit,404094.74,Retail,Karnataka,888,0,Unknown,0.0,Success,Mobile_App,Verified,0,0,-1,-0.00722722630010475
TXN000091166,CUST022998,2019-10-29,01:25,Savings,RTGS,743179.69,Debit,13010.26,E-Commerce,West Bengal,415,0,Unknown,0.0,Success,Mobile_App,Pending,1,1,-1,-0.0008562193881962443
TXN000091198,CUST014182,2019-10-29,10:03,NRI,RTGS,640129.5,Credit,589.16,Retail,Delhi,518,0,Unknown,0.0,Success,Mobile_App,Verified,0,10,-1,-0.024030024372738934
TXN000091439,CUST032711,2019-10-30,23:43,Salary,Cheque,692126.84,Credit,9706.27,Education,West Bengal,750,0,Unknown,0.0,Success,Mobile_App,Verified,0,23,-1,-0.019557573211231527
TXN000091570,CUST023630,2019-10-31,06:49,Salary,Cheque,139562.71,Debit,30595.79,E-Commerce,Telangana,391,1,Home,50428.71,Success,Web,Verified,0,6,-1,-0.019102843984268425
TXN000091576,CUST012200,2019-10-31,00:06,Savings,RTGS,618567.56,Credit,22060.13,Real Estate,Telangana,755,1,Personal,2420.18,Success,Mobile_App,Verified,0,0,-1,-0.029699116585863994
TXN000091584,CUST076534,2019-10-31,00:32,Salary,RTGS,1057472.2,Debit,30926.16,Peer Transfer,Tamil Nadu,302,0,Unknown,0.0,Success,Mobile_App,Verified,0,0,-1,-0.012412105949018315
TXN000091725,CUST014023,2019-10-31,11:19,Current,Cheque,12479.53,Debit,134835.31,Utilities,Maharashtra,425,1,Personal,10848.41,Success,Web,Verified,0,11,-1,-0.004456998736999784
TXN000091728,CUST071282,2019-10-31,16:12,Current,Credit_Card,4696.33,Debit,13951.53,Travel,Punjab,649,1,Home,10620.49,Success,Web,Verified,0,16,-1,-0.016213473538732592
TXN000091816,CUST038479,2019-11-01,05:41,Savings,RTGS,1123015.57,Credit,34860.84,Healthcare,Karnataka,856,1,Business,12148.31,Success,Web,Verified,0,5,-1,-0.029254576556608014
TXN000091833,CUST006224,2019-11-01,15:20,Savings,UPI,1266.86,Debit,19152.29,Investment,Maharashtra,372,0,Unknown,0.0,Success,ATM,Verified,0,15,-1,-0.002149247467883031
TXN000091945,CUST056742,2019-11-01,23:51,NRI,Cheque,1441555.38,Credit,29921.1,Education,Tamil Nadu,643,0,Unknown,0.0,Success,Mobile_App,Verified,0,23,-1,-0.05106673113847271
TXN000092120,CUST025971,2019-11-02,13:13,Current,RTGS,1342888.32,Credit,3332.24,Travel,Maharashtra,551,0,Unknown,0.0,Success,Mobile_App,Verified,0,13,-1,-0.005855909364414269
TXN000092152,CUST004430,2019-11-02,15:37,Salary,UPI,219.48,Debit,20096.18,E-Commerce,West Bengal,488,0,Unknown,0.0,Success,Mobile_App,Verified,0,15,-1,-0.012257073557955578
TXN000092182,CUST063665,2019-11-02,22:33,Fixed Deposit,NEFT,3672.42,Credit,90125.02,Retail,Tamil Nadu,839,1,Auto,20006.95,Success,API,Verified,0,22,-1,-0.0227423824588181
TXN000092221,CUST014509,2019-11-02,11:01,Current,NEFT,468.73,Debit,5154.75,Salary,Delhi,864,0,Unknown,0.0,Success,Web,Verified,0,11,-1,-0.009324389383396414
TXN000092232,CUST025160,2019-11-02,12:29,Current,RTGS,533076.32,Credit,53850.54,Peer Transfer,UP,645,0,Unknown,0.0,Success,API,Verified,0,12,-1,-0.009668654038034297
TXN000092264,CUST037313,2019-11-02,03:11,Current,POS,764.06,Debit,131697.15,Investment,Telangana,326,1,Auto,1385.98,Success,Web,Verified,0,3,-1,-0.007225679653054429
TXN000092389,CUST011127,2019-11-02,10:50,Savings,POS,704.24,Debit,115107.09,Food & Dining,Tamil Nadu,584,1,Personal,12652.9,Success,Mobile_App,Verified,0,10,-1,-0.004957474544332374
TXN000092629,CUST035784,2019-11-03,01:56,Salary,Net_Banking,28780.73,Credit,6569.88,Food & Dining,Tamil Nadu,406,0,Unknown,0.0,Success,POS_Terminal,Verified,0,1,-1,-0.018718458712992492
TXN000092674,CUST059839,2019-11-03,11:03,Fixed Deposit,RTGS,661964.9,Credit,9934.73,Travel,Gujarat,741,0,Unknown,0.0,Success,Web,Verified,0,11,-1,-0.00041767383907242994
TXN000092875,CUST052698,2019-11-04,05:03,NRI,UPI,9059.62,Debit,20350.95,Government,Telangana,535,1,Personal,26181.88,Success,Mobile_App,Verified,0,5,-1,-0.011340288497533768
TXN000092943,CUST056654,2019-11-04,07:10,Savings,RTGS,235101.95,Credit,14933.35,Entertainment,West Bengal,358,0,Unknown,0.0,Success,ATM,Verified,0,7,-1,-0.005784490780898599
TXN000092944,CUST016889,2019-11-04,13:41,Savings,Auto_Debit,1173.0,Debit,40691.67,Government,Tamil Nadu,864,0,Unknown,0.0,Failed,Mobile_App,Verified,0,13,-1,-0.005404113291380019
TXN000092972,CUST066466,2019-11-04,21:37,NRI,RTGS,2729272.45,Debit,27990.83,Utilities,Telangana,598,0,Unknown,0.0,Success,Web,Verified,0,21,-1,-0.08104430524438633
TXN000093223,CUST039213,2019-11-05,00:52,Salary,RTGS,383574.47,Debit,111746.41,Utilities,West Bengal,585,0,Unknown,0.0,Success,Branch,Verified,0,0,-1,-0.03980226155852795
TXN000093331,CUST030730,2019-11-06,04:27,Current,Credit_Card,3739.78,Debit,5445.42,Real Estate,Tamil Nadu,535,1,Personal,15495.86,Success,POS_Terminal,Verified,0,4,-1,-0.012705635723788244
TXN000093363,CUST039565,2019-11-06,14:59,Savings,RTGS,439787.07,Credit,143772.95,Travel,Telangana,753,1,Business,5575.41,Success,Web,Verified,0,14,-1,-0.04174706234984138
TXN000093430,CUST021104,2019-11-06,13:27,Salary,RTGS,2049058.94,Credit,194073.24,Investment,UP,712,0,Unknown,0.0,Success,API,Verified,0,13,-1,-0.05590359049731408
TXN000093450,CUST047034,2019-11-06,02:46,Fixed Deposit,RTGS,1373624.1,Debit,89958.55,Retail,Delhi,503,1,Home,7745.9,Success,Web,Verified,0,2,-1,-0.05168410048820893
TXN000093463,CUST037890,2019-11-06,07:43,Salary,NEFT,6774.11,Credit,49524.23,Food & Dining,Maharashtra,749,1,Gold,9862.34,Success,API,Verified,0,7,-1,-0.0028590028221379127
TXN000093517,CUST054306,2019-11-06,02:56,Salary,ATM_Withdrawal,2000.0,Debit,193897.05,Education,UP,665,1,Auto,26489.4,Success,Branch,Verified,0,2,-1,-0.025042246255228773
TXN000093814,CUST030216,2019-11-07,09:16,Current,Net_Banking,8852.62,Debit,94312.7,Investment,Delhi,776,1,Auto,58871.43,Success,Mobile_App,Verified,0,9,-1,-0.01231861653987476
TXN000093903,CUST059104,2019-11-07,01:00,Current,IMPS,563.35,Credit,7277.53,Fuel,UP,406,0,Unknown,0.0,Success,Web,Verified,0,1,-1,-0.014553885028302016
TXN000093929,CUST056919,2019-11-08,15:16,Savings,RTGS,1731701.7,Credit,41606.47,Travel,Gujarat,793,1,Auto,6088.06,Success,Mobile_App,Verified,0,15,-1,-0.08059654042792319
TXN000093974,CUST005716,2019-11-08,08:54,Salary,RTGS,1649720.56,Credit,43993.2,Food & Dining,Delhi,765,0,Unknown,0.0,Success,Mobile_App,Verified,0,8,-1,-0.03709778983221623
TXN000094177,CUST062336,2019-11-08,02:35,Savings,RTGS,899505.7,Credit,6124.54,Education,West Bengal,603,1,Auto,3768.95,Success,Branch,Verified,0,2,-1,-0.04020915043953499
TXN000094233,CUST060410,2019-11-09,08:37,NRI,RTGS,406820.3,Debit,9611.63,Food & Dining,West Bengal,699,0,Unknown,0.0,Failed,Web,Verified,0,8,-1,-0.017928448146204645
TXN000094276,CUST020713,2019-11-09,04:14,Current,Auto_Debit,3820.11,Debit,32381.12,Travel,UP,750,1,Business,57458.08,Success,Mobile_App,Verified,0,4,-1,-0.045341243249682917
TXN000094421,CUST075195,2019-11-09,03:30,Current,ATM_Withdrawal,3000.0,Debit,39431.49,E-Commerce,Rajasthan,649,1,Education,12985.38,Success,Mobile_App,Verified,0,3,-1,-0.00020528254638207954
TXN000094445,CUST018562,2019-11-09,07:36,Current,RTGS,267181.66,Credit,9588.46,E-Commerce,West Bengal,474,0,Unknown,0.0,Success,POS_Terminal,Expired,0,7,-1,-0.016425123863017865
TXN000094487,CUST003636,2019-11-09,16:06,Salary,Cheque,1489602.63,Credit,25344.79,Entertainment,Delhi,387,1,Auto,5675.29,Success,Mobile_App,Verified,0,16,-1,-0.07017557713673073
TXN000094784,CUST004937,2019-11-11,20:27,Savings,Cheque,1450500.15,Credit,17700.07,E-Commerce,Gujarat,437,0,Unknown,0.0,Success,Mobile_App,Verified,0,20,-1,-0.01313476654165291
TXN000094891,CUST012089,2019-11-11,05:23,Savings,UPI,1284.65,Credit,108622.77,Investment,Rajasthan,372,0,Unknown,0.0,Success,Web,Verified,0,5,-1,-0.0008751350426869919
TXN000094974,CUST073073,2019-11-11,04:12,Savings,IMPS,6468.67,Credit,29701.16,Healthcare,Telangana,616,1,Unknown,13929.41,Success,Mobile_App,Verified,0,4,-1,-0.022251310312402017
TXN000095028,CUST046752,2019-11-11,04:58,Savings,RTGS,1154804.36,Debit,35836.9,Peer Transfer,Karnataka,331,0,Unknown,0.0,Success,Mobile_App,Verified,1,4,-1,-0.019907349297446086
TXN000095054,CUST043798,2019-11-11,17:38,Savings,POS,1792.41,Debit,8655.49,Insurance,Telangana,896,1,Education,31349.42,Success,Mobile_App,Verified,0,17,-1,-0.04042111756462807
TXN000095062,CUST017763,2019-11-11,21:00,Current,NEFT,4117.74,Credit,95495.6,Retail,Maharashtra,803,0,Unknown,0.0,Success,Mobile_App,Verified,0,21,-1,-0.006715869157118082
TXN000095123,CUST046109,2019-11-12,15:12,Current,RTGS,1105469.13,Credit,13049.49,Real Estate,Punjab,860,1,Gold,4715.17,Success,Mobile_App,Verified,0,15,-1,-0.0077350239649534025
TXN000095185,CUST066727,2019-11-12,07:52,Savings,POS,541.93,Debit,126933.48,Entertainment,Maharashtra,441,1,Auto,27807.04,Success,Mobile_App,Verified,0,7,-1,-0.009652018353828451
TXN000095241,CUST006315,2019-11-12,07:23,Savings,RTGS,896846.36,Credit,81809.56,Food & Dining,West Bengal,521,0,Unknown,0.0,Success,Web,Verified,0,7,-1,-0.013971762294673562
TXN000095454,CUST054424,2019-11-13,19:19,Savings,UPI,280.91,Credit,55974.99,Food & Dining,Tamil Nadu,406,0,Unknown,0.0,Success,Mobile_App,Expired,0,19,-1,-0.019466203142029737
TXN000095505,CUST060846,2019-11-13,23:24,Fixed Deposit,RTGS,552455.14,Credit,102425.36,Salary,Tamil Nadu,501,0,Unknown,0.0,Success,Branch,Verified,0,23,-1,-0.002246916465589832
TXN000095535,CUST061599,2019-11-13,05:53,Salary,Cheque,6510670.17,Credit,29941.66,Salary,Maharashtra,521,0,Unknown,0.0,Success,Web,Verified,0,5,-1,-0.09349751476577939
TXN000095576,CUST048183,2019-11-13,08:24,Savings,ATM_Withdrawal,3000.0,Debit,79421.01,Entertainment,Delhi,714,0,Unknown,0.0,Pending,Mobile_App,Verified,0,8,-1,-0.004485554987685769
TXN000095759,CUST058351,2019-11-14,11:02,Fixed Deposit,UPI,146.51,Credit,24287.66,E-Commerce,Karnataka,640,1,Business,4708.02,Success,POS_Terminal,Pending,0,11,-1,-0.018410632975081276
TXN000095912,CUST044693,2019-11-14,13:50,Savings,POS,1680.46,Debit,107140.11,E-Commerce,Tamil Nadu,645,1,Unknown,25391.11,Success,ATM,Verified,0,13,-1,-0.014543902654494567
TXN000096001,CUST018133,2019-11-15,18:17,Current,NEFT,204439.36,Debit,34994.5,Retail,West Bengal,649,1,Unknown,3043.58,Failed,Web,Verified,0,18,-1,-0.00642986456265171
TXN000096121,CUST077077,2019-11-15,02:12,Savings,RTGS,910317.96,Credit,56957.34,Food & Dining,Karnataka,607,1,Unknown,13762.04,Success,Branch,Verified,0,2,-1,-0.0007296301899865076
TXN000096265,CUST074591,2019-11-15,05:20,Current,POS,1881.86,Debit,13276.13,Utilities,UP,396,1,Personal,51901.24,Success,POS_Terminal,Verified,0,5,-1,-0.005074765957933769
TXN000096504,CUST007125,2019-11-16,09:02,Savings,RTGS,1088315.26,Credit,82219.4,Insurance,Karnataka,393,0,Unknown,0.0,Success,POS_Terminal,Verified,0,9,-1,-0.0005560967878666112
TXN000096546,CUST058842,2019-11-16,06:00,Savings,RTGS,1820147.8,Debit,27751.14,Food & Dining,Tamil Nadu,598,0,Unknown,0.0,Success,Mobile_App,Verified,0,6,-1,-0.0714505361200688
TXN000096812,CUST027604,2019-11-17,06:01,Fixed Deposit,RTGS,706807.41,Debit,5158.82,Retail,Maharashtra,483,0,Unknown,0.0,Success,Web,Verified,0,6,-1,-0.004564102581161467
TXN000096831,CUST038342,2019-11-17,17:16,NRI,RTGS,867696.0,Credit,71705.95,Salary,Gujarat,876,1,Education,6157.03,Success,Branch,Verified,0,17,-1,-0.004430112989043833
TXN000096890,CUST029491,2019-11-18,22:22,Current,RTGS,657773.89,Credit,10235.45,E-Commerce,Rajasthan,718,1,Business,2670.73,Success,Mobile_App,Verified,0,22,-1,-0.006430961157016579
TXN000097281,CUST039719,2019-11-19,17:27,Salary,ATM_Withdrawal,1000.0,Debit,49744.43,Healthcare,Telangana,483,1,Gold,28918.56,Success,Mobile_App,Verified,0,17,-1,-0.06205704749910523
TXN000097302,CUST077145,2019-11-19,03:37,Savings,Cheque,1496525.89,Debit,35663.38,Real Estate,Maharashtra,478,0,Unknown,0.0,Success,POS_Terminal,Verified,0,3,-1,-0.015798479150895828
TXN000097325,CUST016938,2019-11-19,15:15,Current,RTGS,1377336.29,Debit,6863.27,Entertainment,Rajasthan,880,1,Personal,3878.54,Success,POS_Terminal,Verified,0,15,-1,-0.030280966208728555
TXN000097379,CUST009118,2019-11-19,06:52,Savings,Auto_Debit,5832.82,Debit,432183.93,Utilities,Gujarat,869,1,Gold,67369.2,Success,Web,Verified,0,6,-1,-0.017752944779942825
TXN000097437,CUST061854,2019-11-19,11:33,Current,IMPS,2011.54,Credit,40750.84,Food & Dining,Rajasthan,505,0,Unknown,0.0,Success,POS_Terminal,Verified,0,11,-1,-0.03683066653522793
TXN000097462,CUST004902,2019-11-19,06:18,Savings,NEFT,35459.21,Credit,430504.16,Food & Dining,Gujarat,574,0,Unknown,0.0,Reversed,POS_Terminal,Verified,0,6,-1,-0.010984232061192922
TXN000097854,CUST061333,2019-11-21,08:11,NRI,NEFT,1473587.32,Debit,32629.1,Salary,Delhi,866,0,Unknown,0.0,Success,API,Verified,0,8,-1,-0.04599859357499525
TXN000097869,CUST042816,2019-11-21,20:24,Fixed Deposit,RTGS,48072.89,Credit,5877.35,Entertainment,Tamil Nadu,346,1,Personal,54675.97,Success,ATM,Verified,0,20,-1,-0.004024266241664409
TXN000097983,CUST063348,2019-11-21,06:04,Current,RTGS,1538651.38,Credit,14225.71,Food & Dining,Telangana,831,0,Unknown,0.0,Success,Mobile_App,Verified,0,6,-1,-0.06392470527374605
TXN000098203,CUST021764,2019-11-22,12:20,Current,RTGS,164205.99,Credit,8695.18,Salary,Delhi,792,0,Unknown,0.0,Success,Web,Verified,0,12,-1,-0.021595278831820885
TXN000098249,CUST009418,2019-11-22,05:35,Savings,RTGS,4426078.95,Credit,12567.53,Peer Transfer,Rajasthan,672,0,Unknown,0.0,Success,Web,Verified,0,5,-1,-0.08457110525482492
TXN000098460,CUST067308,2019-11-23,02:13,Current,RTGS,504453.63,Credit,20475.49,E-Commerce,Tamil Nadu,627,0,Unknown,0.0,Success,Mobile_App,Verified,0,2,-1,-0.011609527246652873
TXN000098499,CUST033868,2019-11-23,14:23,Savings,Auto_Debit,7386.62,Debit,6843.95,Fuel,Telangana,782,1,Personal,9280.96,Success,Branch,Verified,0,14,-1,-0.007252474032063527
TXN000098538,CUST032564,2019-11-23,17:02,Fixed Deposit,POS,1104.2,Debit,106886.37,Fuel,Maharashtra,470,1,Auto,10591.21,Success,Mobile_App,Pending,0,17,-1,-0.022351054909551138
TXN000098767,CUST069410,2019-11-24,14:27,NRI,RTGS,294930.51,Credit,83577.21,Real Estate,Karnataka,640,1,Home,4480.81,Success,Web,Pending,0,14,-1,-0.0483924880654939
TXN000098938,CUST021619,2019-11-24,10:03,Salary,RTGS,867748.78,Credit,59593.35,Travel,Maharashtra,898,1,Business,8727.3,Failed,API,Verified,0,10,-1,-0.01077736018205544
TXN000099055,CUST022129,2019-11-25,03:02,Savings,POS,440.6,Debit,7769.54,Fuel,Maharashtra,782,0,Unknown,0.0,Success,ATM,Verified,0,3,-1,-0.006219712288909385
TXN000099106,CUST062946,2019-11-25,06:54,NRI,RTGS,1305779.97,Credit,8101.6,Entertainment,Maharashtra,739,0,Unknown,0.0,Success,Web,Verified,0,6,-1,-0.07266754077068438
TXN000099113,CUST011589,2019-11-25,03:46,Savings,Auto_Debit,612.2,Debit,20922.09,E-Commerce,UP,814,0,Unknown,0.0,Success,Mobile_App,Verified,0,3,-1,-0.005506612607137695
TXN000099522,CUST042882,2019-11-26,14:22,NRI,RTGS,2619480.34,Debit,43093.96,Salary,Punjab,861,1,Home,7179.43,Success,Mobile_App,Verified,0,14,-1,-0.07536244480195342
TXN000099561,CUST011972,2019-11-27,15:23,Current,RTGS,571023.62,Credit,8617.34,Utilities,Maharashtra,699,0,Unknown,0.0,Success,Mobile_App,Pending,0,15,-1,-0.07745313555153333
TXN000099643,CUST000412,2019-11-27,16:57,Current,RTGS,1931627.59,Debit,172476.86,Food & Dining,Maharashtra,564,1,Unknown,1694.18,Success,Mobile_App,Verified,0,16,-1,-0.0409451934782229
TXN000099661,CUST000817,2019-11-27,03:46,Savings,IMPS,988.29,Debit,103042.2,Peer Transfer,Rajasthan,488,1,Auto,10207.61,Success,Mobile_App,Verified,0,3,-1,-0.007169480772531545
TXN000099722,CUST030435,2019-11-27,02:38,Savings,RTGS,116344.76,Credit,96550.09,Retail,Telangana,380,0,Unknown,0.0,Success,API,Verified,0,2,-1,-0.010305153149743007
TXN000100013,CUST036687,2019-11-28,21:41,Fixed Deposit,Auto_Debit,4628.37,Debit,7898.97,Food & Dining,Telangana,406,0,Unknown,0.0,Success,Mobile_App,Verified,0,21,-1,-0.003755556720812181
TXN000100079,CUST025926,2019-11-28,17:01,Current,UPI,1129.12,Debit,92175.6,Food & Dining,Rajasthan,548,1,Auto,30884.04,Success,ATM,Verified,0,17,-1,-0.0016869171166391528
TXN000100312,CUST066276,2019-11-29,20:02,Savings,RTGS,4120430.87,Credit,175176.61,Healthcare,West Bengal,597,1,Business,2362.59,Success,API,Verified,0,20,-1,-0.12338812388028564
TXN000100323,CUST053438,2019-11-29,08:01,Savings,IMPS,463.2,Debit,72391.49,Salary,Karnataka,406,1,Home,21080.05,Success,API,Pending,0,8,-1,-0.010922251913184855
TXN000100348,CUST072415,2019-11-29,13:51,Savings,UPI,7685.89,Credit,22270.86,Retail,UP,864,0,Unknown,0.0,Success,Mobile_App,Verified,0,13,-1,-0.006125903243957009
TXN000100426,CUST063372,2019-11-29,02:14,Savings,POS,771.56,Debit,136829.97,Peer Transfer,Karnataka,584,1,Education,6117.59,Success,API,Verified,0,2,-1,-0.0011984860113717355
TXN000100710,CUST057825,2019-11-30,05:31,Savings,RTGS,2167742.23,Debit,41479.16,Salary,Tamil Nadu,643,1,Education,8393.49,Success,POS_Terminal,Verified,0,5,-1,-0.05324640211458043
TXN000100771,CUST052017,2019-12-01,20:38,Current,NEFT,263934.56,Credit,250935.65,Utilities,Delhi,505,0,Unknown,0.0,Success,Mobile_App,Verified,0,20,-1,-0.009724807170641059
TXN000100891,CUST038877,2019-12-01,09:41,Savings,POS,3479.04,Debit,38341.67,Education,Gujarat,649,1,Unknown,1991.6,Success,Mobile_App,Verified,0,9,-1,-0.0031583065856757297
TXN000101022,CUST019234,2019-12-01,13:50,Salary,RTGS,2083676.96,Debit,22161.17,Education,Tamil Nadu,782,0,Unknown,0.0,Success,Web,Verified,0,13,-1,-0.13863015751866214
TXN000101145,CUST076967,2019-12-02,08:26,Savings,NEFT,21446.7,Debit,1663.24,Insurance,West Bengal,649,0,Unknown,0.0,Success,Branch,Verified,0,8,-1,-0.0003197126819799445
TXN000101175,CUST040743,2019-12-02,04:16,Current,RTGS,1968492.2,Credit,35586.9,Food & Dining,Maharashtra,449,0,Unknown,0.0,Success,ATM,Verified,0,4,-1,-0.08038036958291372
TXN000101325,CUST011672,2019-12-03,09:57,Savings,IMPS,32773.6,Debit,98170.53,Food & Dining,Punjab,782,1,Education,6987.64,Failed,Branch,Verified,0,9,-1,-0.013471303108065102
TXN000101421,CUST071607,2019-12-03,14:51,Salary,RTGS,1288457.43,Credit,61298.95,Investment,Karnataka,601,0,Unknown,0.0,Success,Mobile_App,Verified,0,14,-1,-0.01563279529953754
TXN000101423,CUST040269,2019-12-03,18:20,Savings,RTGS,144053.85,Credit,12735.59,E-Commerce,Karnataka,364,0,Unknown,0.0,Success,POS_Terminal,Verified,0,18,-1,-0.002956492906908359
TXN000101541,CUST042652,2019-12-03,07:57,Salary,RTGS,520569.07,Credit,22663.41,Education,Rajasthan,585,0,Unknown,0.0,Reversed,Branch,Verified,1,7,-1,-0.06036786198661759
TXN000101571,CUST074573,2019-12-03,11:53,Savings,Cheque,188736.1,Credit,2740.59,Utilities,Karnataka,401,1,Gold,8576.58,Success,Mobile_App,Verified,0,11,-1,-0.005537849499626435
TXN000101748,CUST029802,2019-12-04,21:39,Salary,RTGS,1323303.83,Credit,2176.65,Retail,Karnataka,386,0,Unknown,0.0,Success,API,Verified,1,21,-1,-0.01935497778171713
TXN000101815,CUST077117,2019-12-04,15:08,Salary,UPI,401.99,Credit,72700.48,Retail,Gujarat,406,1,Unknown,3838.39,Success,ATM,Verified,0,15,-1,-0.019763880322025695
TXN000101822,CUST051119,2019-12-04,14:05,Current,RTGS,385549.2,Credit,27060.02,Government,Karnataka,866,0,Unknown,0.0,Success,POS_Terminal,Verified,0,14,-1,-0.010540794195168957
TXN000101942,CUST001905,2019-12-05,06:17,Current,RTGS,454999.15,Credit,106079.74,Utilities,Delhi,799,0,Unknown,0.0,Success,ATM,Verified,0,6,-1,-0.012112106082909024
TXN000102100,CUST048386,2019-12-05,02:17,Savings,NEFT,2554110.38,Credit,80328.57,E-Commerce,Rajasthan,437,0,Unknown,0.0,Success,Mobile_App,Pending,0,2,-1,-0.037088865549472216
TXN000102164,CUST075351,2019-12-05,13:26,Current,Cheque,1766625.87,Credit,151602.97,Food & Dining,Tamil Nadu,350,0,Unknown,0.0,Success,Mobile_App,Verified,0,13,-1,-0.03863322130077773
TXN000102202,CUST079851,2019-12-05,19:01,Current,RTGS,452262.9,Credit,11497.85,Salary,Tamil Nadu,628,0,Unknown,0.0,Success,Web,Verified,0,19,-1,-0.025893338714124026
TXN000102299,CUST005215,2019-12-06,04:08,Savings,UPI,563.38,Credit,222364.77,Education,UP,406,0,Unknown,0.0,Success,Web,Verified,0,4,-1,-0.024002285592912287
TXN000102310,CUST031698,2019-12-06,08:11,Salary,Cheque,1970007.95,Credit,261518.93,Salary,Karnataka,706,0,Unknown,0.0,Success,ATM,Verified,0,8,-1,-0.0879714823249731
TXN000102347,CUST056849,2019-12-06,16:45,Savings,ATM_Withdrawal,5000.0,Debit,24759.14,E-Commerce,Gujarat,406,0,Unknown,0.0,Success,Mobile_App,Verified,0,16,-1,-0.018401501273640153
TXN000102495,CUST061901,2019-12-06,22:20,Savings,UPI,83.89,Credit,792071.19,Retail,Delhi,813,1,Home,57457.23,Success,ATM,Verified,0,22,-1,-0.002064145764436698
TXN000102515,CUST018790,2019-12-06,03:53,Savings,ATM_Withdrawal,2000.0,Debit,10846.69,Education,Maharashtra,839,1,Unknown,18144.67,Success,POS_Terminal,Verified,0,3,-1,-0.027089517823099762
TXN000102547,CUST009113,2019-12-07,05:50,Current,UPI,15408.75,Debit,60165.23,Healthcare,Karnataka,505,0,Unknown,0.0,Success,API,Verified,0,5,-1,-0.03479793260986097
TXN000102572,CUST079890,2019-12-07,08:59,Current,ATM_Withdrawal,3000.0,Debit,17994.72,Insurance,UP,471,1,Unknown,28969.35,Success,Mobile_App,Verified,0,8,-1,-0.00984371958344632
TXN000102574,CUST012150,2019-12-07,20:09,Savings,IMPS,7892.96,Debit,63544.11,E-Commerce,Maharashtra,406,1,Auto,8422.98,Success,Mobile_App,Pending,0,20,-1,-0.006150346803258544
TXN000102578,CUST064916,2019-12-07,06:27,Savings,UPI,1637.59,Debit,83564.66,Education,Tamil Nadu,877,1,Education,22568.98,Success,Web,Verified,0,6,-1,-0.011041497183820748
TXN000102588,CUST008726,2019-12-07,05:29,Current,NEFT,45390.34,Credit,1682.94,Peer Transfer,Punjab,453,1,Auto,109682.04,Success,Mobile_App,Verified,0,5,-1,-0.03878275195522307
TXN000102599,CUST026559,2019-12-07,10:35,Current,RTGS,680379.14,Credit,82759.68,Insurance,Tamil Nadu,370,0,Unknown,0.0,Success,Branch,Verified,0,10,-1,-0.049596109723934134
TXN000102897,CUST073485,2019-12-08,05:44,Salary,POS,977.98,Debit,10370.28,Peer Transfer,Maharashtra,505,1,Personal,4397.82,Success,POS_Terminal,Verified,0,5,-1,-0.011579411403939144
TXN000102903,CUST065825,2019-12-08,11:47,Savings,RTGS,720681.67,Credit,197404.36,Peer Transfer,Karnataka,831,0,Unknown,0.0,Success,Mobile_App,Verified,0,11,-1,-0.03331508958581053
TXN000102927,CUST004237,2019-12-08,07:06,Current,RTGS,351797.24,Credit,6157.57,Fuel,Delhi,676,1,Unknown,5562.83,Success,Mobile_App,Verified,0,7,-1,-0.04117353923153144
TXN000102952,CUST056090,2019-12-08,03:59,Salary,UPI,12359.94,Debit,9334.58,Food & Dining,Karnataka,615,1,Personal,32797.66,Success,Web,Expired,0,3,-1,-0.0418082794318998
TXN000102958,CUST042166,2019-12-08,14:38,Current,Cheque,1446460.6,Debit,373643.68,Real Estate,Karnataka,778,0,Unknown,0.0,Success,ATM,Verified,1,14,-1,-0.03110350001315454
TXN000102988,CUST070369,2019-12-08,03:53,Savings,RTGS,702868.78,Credit,152411.14,Fuel,Maharashtra,369,0,Unknown,0.0,Success,Mobile_App,Verified,0,3,-1,-0.02108399952432627
TXN000103004,CUST046190,2019-12-08,02:15,NRI,POS,2576.1,Debit,228587.65,Salary,Karnataka,445,1,Home,40704.01,Success,Mobile_App,Verified,0,2,-1,-0.07427224066996041
TXN000103073,CUST074127,2019-12-08,10:25,Current,POS,2529.42,Debit,52448.66,E-Commerce,Gujarat,649,1,Auto,2743.58,Success,Mobile_App,Verified,0,10,-1,-0.011177291906918296
TXN000103176,CUST026513,2019-12-09,07:47,Fixed Deposit,RTGS,539457.73,Debit,25991.02,Entertainment,Maharashtra,864,0,Unknown,0.0,Success,ATM,Verified,1,7,-1,-0.0029974340684439937
TXN000103275,CUST005531,2019-12-09,21:10,Savings,RTGS,284981.63,Debit,9974.53,Peer Transfer,Karnataka,505,0,Unknown,0.0,Reversed,Mobile_App,Verified,0,21,-1,-0.04197151239975572
TXN000103312,CUST032003,2019-12-09,15:14,Savings,RTGS,1245406.31,Debit,9340.66,Retail,Karnataka,380,0,Unknown,0.0,Success,Mobile_App,Verified,0,15,-1,-0.030501894265508422
TXN000103378,CUST007410,2019-12-09,21:37,Savings,IMPS,553.88,Credit,10197.95,Peer Transfer,Maharashtra,505,0,Unknown,0.0,Success,Web,Verified,0,21,-1,-0.04805554641964449
TXN000103388,CUST076660,2019-12-09,09:00,Savings,RTGS,1861236.53,Debit,35811.72,Government,Delhi,674,1,Gold,19748.1,Success,API,Pending,0,9,-1,-0.03421017563765172
TXN000103456,CUST054639,2019-12-10,20:25,Current,ATM_Withdrawal,2000.0,Debit,4965.22,Entertainment,Maharashtra,535,1,Business,10630.06,Pending,Branch,Verified,0,20,-1,-0.02153803917815844
TXN000103610,CUST035701,2019-12-10,10:36,Savings,RTGS,1518314.61,Credit,6213.98,Insurance,Telangana,845,0,Unknown,0.0,Success,POS_Terminal,Verified,0,10,-1,-0.02201007250194853
TXN000103701,CUST032984,2019-12-10,03:58,Fixed Deposit,RTGS,1031229.15,Credit,6121.01,Healthcare,West Bengal,456,0,Unknown,0.0,Success,Web,Verified,0,3,-1,-0.019817178240514877
TXN000103850,CUST046223,2019-12-11,07:58,Salary,UPI,1120.91,Credit,41900.03,Peer Transfer,West Bengal,792,0,Unknown,0.0,Success,POS_Terminal,Verified,0,7,-1,-0.0069776063537436706
TXN000103868,CUST044933,2019-12-11,19:05,Fixed Deposit,UPI,1159.65,Debit,9445.22,Retail,Telangana,406,0,Unknown,0.0,Success,ATM,Verified,0,19,-1,-0.010654327111133455
TXN000103966,CUST038604,2019-12-11,11:34,Savings,NEFT,25156.73,Debit,101635.51,Salary,Gujarat,896,1,Gold,15684.89,Success,POS_Terminal,Verified,0,11,-1,-0.03310781450817979
TXN000103976,CUST002438,2019-12-11,09:44,Current,NEFT,14210.0,Credit,2652.61,Education,Delhi,803,0,Unknown,0.0,Success,Mobile_App,Verified,0,9,-1,-0.0039414436541456155
TXN000104078,CUST019773,2019-12-12,22:02,Salary,ATM_Withdrawal,10000.0,Debit,132187.73,Utilities,West Bengal,792,1,Auto,8944.22,Failed,POS_Terminal,Verified,0,22,-1,-0.010636963124778354
TXN000104134,CUST014278,2019-12-12,22:39,Savings,UPI,931.06,Credit,66894.87,Salary,Maharashtra,505,0,Unknown,0.0,Success,ATM,Verified,0,22,-1,-0.015436900591129898
TXN000104214,CUST011247,2019-12-12,10:11,Savings,NEFT,64357.01,Credit,21862.26,Food & Dining,Rajasthan,649,1,Business,7186.59,Success,Mobile_App,Verified,0,10,-1,-0.00995091812499671
TXN000104459,CUST007844,2019-12-13,16:34,Salary,UPI,1295.06,Debit,37520.11,Travel,Telangana,829,1,Home,79995.87,Success,POS_Terminal,Verified,0,16,-1,-0.04348359033080773
TXN000104776,CUST046822,2019-12-14,01:16,Current,RTGS,1827651.87,Debit,110052.01,Travel,Rajasthan,309,0,Unknown,0.0,Success,Mobile_App,Verified,0,1,-1,-0.0363183101988136
TXN000104875,CUST050979,2019-12-14,16:20,Savings,RTGS,827344.94,Credit,24236.85,Insurance,Delhi,361,0,Unknown,0.0,Success,Web,Verified,0,16,-1,-0.022445066318050433
TXN000104891,CUST070787,2019-12-14,13:39,Savings,NEFT,46583.08,Credit,218234.66,Utilities,Maharashtra,501,1,Home,3234.41,Success,Mobile_App,Verified,0,13,-1,-0.010666664153553218
TXN000105081,CUST019944,2019-12-15,21:54,Savings,RTGS,1266022.88,Credit,32512.35,Investment,Maharashtra,607,0,Unknown,0.0,Success,Web,Verified,0,21,-1,-0.038089964551770605
TXN000105243,CUST027149,2019-12-16,02:08,Savings,IMPS,838.53,Credit,106364.14,Real Estate,Delhi,505,1,Personal,17967.49,Success,Mobile_App,Verified,0,2,-1,-0.0040614628104219674
TXN000105274,CUST067139,2019-12-16,00:52,Savings,Cheque,2016771.67,Debit,36925.17,Government,Tamil Nadu,851,1,Personal,692.23,Success,POS_Terminal,Verified,0,0,-1,-0.06565725631113939
TXN000105379,CUST030388,2019-12-16,01:10,Fixed Deposit,IMPS,3298.96,Credit,7420.07,Government,Karnataka,470,1,Gold,11960.7,Success,POS_Terminal,Verified,0,1,-1,-0.006563341576716675
TXN000105381,CUST028455,2019-12-16,01:29,Current,RTGS,1392120.63,Credit,13604.19,Retail,Delhi,563,0,Unknown,0.0,Success,Mobile_App,Verified,0,1,-1,-0.039094814529957334
TXN000105418,CUST007749,2019-12-16,09:45,Current,UPI,157.62,Credit,251285.68,Travel,Tamil Nadu,792,0,Unknown,0.0,Success,Web,Pending,0,9,-1,-0.000905153338478959
TXN000105440,CUST002963,2019-12-16,11:08,Current,RTGS,254624.74,Credit,177786.34,Peer Transfer,Maharashtra,814,0,Unknown,0.0,Success,Mobile_App,Verified,0,11,-1,-0.03824462679867491
TXN000105461,CUST063006,2019-12-16,23:41,Savings,RTGS,1166482.78,Debit,13677.86,Government,Karnataka,688,1,Personal,4729.38,Success,Mobile_App,Verified,0,23,-1,-0.06204762478038317
TXN000105645,CUST063985,2019-12-17,08:23,Current,RTGS,1256499.11,Credit,12658.43,E-Commerce,Maharashtra,833,0,Unknown,0.0,Success,Mobile_App,Verified,0,8,-1,-0.03879136680716766
TXN000105673,CUST050067,2019-12-17,18:47,Current,RTGS,2063732.01,Credit,703275.8,Entertainment,West Bengal,524,0,Unknown,0.0,Success,API,Verified,0,18,-1,-0.05887253331270692
TXN000105679,CUST029628,2019-12-17,11:07,Salary,UPI,88.66,Credit,10975.19,Entertainment,Tamil Nadu,505,0,Unknown,0.0,Success,ATM,Verified,0,11,-1,-0.0445308452942762
TXN000105681,CUST070372,2019-12-17,22:27,Savings,NEFT,17136.66,Credit,24778.24,Entertainment,Delhi,314,0,Unknown,0.0,Success,Mobile_App,Verified,0,22,-1,-0.008870982113660775
TXN000105705,CUST045291,2019-12-17,12:27,Savings,NEFT,7390.18,Credit,24191.15,Government,Delhi,505,0,Unknown,0.0,Success,ATM,Expired,0,12,-1,-0.057822538038896476
TXN000105813,CUST040170,2019-12-17,09:59,Salary,Net_Banking,589.04,Credit,72539.14,Retail,Tamil Nadu,782,1,Unknown,4891.94,Success,Mobile_App,Verified,0,9,-1,-0.007675878587171114
TXN000105962,CUST019929,2019-12-18,01:33,Savings,UPI,3768.55,Credit,27871.0,Insurance,Tamil Nadu,406,1,Auto,1458.45,Success,Mobile_App,Verified,0,1,-1,-0.04690875712766984
TXN000105983,CUST052406,2019-12-18,12:22,Savings,Net_Banking,13487.72,Credit,39313.23,E-Commerce,Delhi,803,0,Unknown,0.0,Success,Branch,Verified,0,12,-1,-0.0067948016770771336
TXN000105995,CUST042463,2019-12-18,16:11,Salary,RTGS,111454.11,Debit,11841.78,Fuel,Delhi,824,1,Personal,56409.1,Success,Mobile_App,Verified,0,16,-1,-0.03075415108019819
TXN000106090,CUST025154,2019-12-18,16:55,Fixed Deposit,RTGS,516505.91,Debit,20810.49,Food & Dining,Gujarat,699,1,Home,14012.83,Pending,Mobile_App,Expired,0,16,-1,-0.04993694280965699
TXN000106176,CUST016484,2019-12-19,11:30,NRI,RTGS,1074150.54,Credit,9173.36,Entertainment,Karnataka,749,0,Unknown,0.0,Success,Mobile_App,Verified,0,11,-1,-0.0667888129853248
TXN000106361,CUST066524,2019-12-19,19:25,Current,IMPS,1677.89,Debit,30973.78,Retail,Delhi,549,1,Home,11464.28,Success,Mobile_App,Verified,0,19,-1,-0.00011862380208982337
TXN000106404,CUST073258,2019-12-19,07:28,Savings,RTGS,2626666.5,Debit,22054.67,Salary,Rajasthan,573,0,Unknown,0.0,Success,API,Verified,0,7,-1,-0.0894299821715796
TXN000106483,CUST009546,2019-12-20,17:51,Salary,Cheque,1195802.07,Debit,16442.08,Retail,Telangana,750,0,Unknown,0.0,Success,API,Expired,0,17,-1,-0.03230498814610949
TXN000106611,CUST052749,2019-12-20,00:30,Current,Cheque,671222.82,Credit,10669.39,Education,Karnataka,357,0,Unknown,0.0,Success,Mobile_App,Pending,0,0,-1,-0.016567578786613857
TXN000106615,CUST008218,2019-12-20,08:19,Fixed Deposit,Cheque,3801832.39,Debit,20091.98,Salary,Karnataka,525,0,Unknown,0.0,Success,Mobile_App,Verified,1,8,-1,-0.08017780513517292
TXN000106754,CUST063986,2019-12-21,02:59,Savings,Net_Banking,892351.84,Credit,41259.6,Healthcare,Maharashtra,817,1,Auto,1315.85,Success,Web,Verified,0,2,-1,-0.012304587158294855
TXN000106866,CUST074926,2019-12-21,10:05,Savings,UPI,512.24,Credit,53015.04,Retail,Maharashtra,625,1,Home,33440.1,Success,Mobile_App,Verified,0,10,-1,-0.008324607380749915
TXN000106869,CUST069587,2019-12-21,19:35,Savings,ATM_Withdrawal,10000.0,Debit,103507.6,Peer Transfer,West Bengal,505,0,Unknown,0.0,Success,Mobile_App,Verified,0,19,-1,-0.026501912526243787
TXN000106873,CUST026983,2019-12-21,13:07,Current,NEFT,69850.63,Credit,9828.66,E-Commerce,Rajasthan,645,1,Auto,22505.97,Success,Mobile_App,Verified,0,13,-1,-0.005867666868039523
TXN000107111,CUST014646,2019-12-22,21:42,Savings,RTGS,391617.11,Credit,305769.41,Healthcare,West Bengal,645,1,Personal,3266.0,Success,Mobile_App,Verified,0,21,-1,-0.02440316617778826
TXN000107195,CUST062137,2019-12-22,14:22,Savings,RTGS,459665.25,Debit,9422.95,E-Commerce,Tamil Nadu,676,1,Business,18143.66,Failed,POS_Terminal,Verified,0,14,-1,-0.004078165114812626
TXN000107224,CUST072139,2019-12-22,13:07,Savings,RTGS,627511.16,Credit,61952.4,E-Commerce,Telangana,814,0,Unknown,0.0,Success,Branch,Verified,0,13,-1,-0.04452436502293444
TXN000107289,CUST047363,2019-12-22,01:10,Current,Net_Banking,11705.81,Credit,500.0,E-Commerce,Gujarat,406,1,Business,7694.63,Reversed,Mobile_App,Verified,0,1,-1,-0.028616009518716345
TXN000107296,CUST049451,2019-12-22,20:32,Savings,UPI,2434.55,Credit,2269.92,Travel,Karnataka,501,0,Unknown,0.0,Success,API,Verified,0,20,-1,-0.03192625511855629
TXN000107538,CUST051716,2019-12-23,16:18,Salary,POS,1284.79,Debit,33086.99,Investment,Delhi,803,0,Unknown,0.0,Success,API,Verified,0,16,-1,-0.011747868027656816
TXN000107596,CUST048412,2019-12-23,05:30,Salary,NEFT,3869.44,Debit,48450.79,Healthcare,Karnataka,803,0,Unknown,0.0,Success,Mobile_App,Verified,0,5,-1,-0.0171100637556012
TXN000107606,CUST015084,2019-12-23,09:20,Savings,NEFT,1465048.48,Credit,63985.2,Peer Transfer,Karnataka,314,0,Unknown,0.0,Success,Web,Verified,0,9,-1,-0.10226054331297063
TXN000107647,CUST046168,2019-12-23,02:20,Savings,POS,5542.46,Debit,44839.21,Salary,Rajasthan,520,1,Home,23005.26,Success,Mobile_App,Pending,0,2,-1,-0.03215898555722507
TXN000107930,CUST028046,2019-12-24,16:47,Current,RTGS,1455104.06,Debit,487384.82,Travel,Gujarat,794,1,Personal,16894.06,Failed,Web,Pending,0,16,-1,-0.01175462927910298
TXN000107987,CUST001680,2019-12-25,06:09,Salary,RTGS,94260.31,Credit,42334.02,Investment,Maharashtra,585,0,Unknown,0.0,Success,ATM,Verified,0,6,-1,-0.002892396663749408
TXN000108008,CUST039841,2019-12-25,17:14,Savings,RTGS,392817.46,Credit,87478.81,Insurance,Karnataka,372,0,Unknown,0.0,Success,Mobile_App,Verified,0,17,-1,-0.023305762400082086
TXN000108064,CUST013647,2019-12-25,03:46,NRI,RTGS,372780.01,Credit,301350.75,Food & Dining,Gujarat,785,0,Unknown,0.0,Success,API,Verified,0,3,-1,-0.0056172033298564905
TXN000108079,CUST053669,2019-12-25,01:11,Savings,RTGS,829804.66,Debit,59448.1,E-Commerce,Maharashtra,314,0,Unknown,0.0,Success,Web,Verified,0,1,-1,-0.08809780372088305
TXN000108232,CUST017262,2019-12-25,11:03,Salary,IMPS,2467.32,Credit,55744.28,Education,Delhi,511,1,Personal,90598.01,Success,Mobile_App,Verified,0,11,-1,-0.020366910548471395
TXN000108248,CUST049877,2019-12-25,04:31,Fixed Deposit,UPI,842.05,Credit,27602.05,Utilities,Tamil Nadu,616,0,Unknown,0.0,Success,Mobile_App,Verified,0,4,-1,-0.015160746377483214
TXN000108323,CUST023667,2019-12-26,22:41,NRI,IMPS,8648.15,Credit,30867.88,Entertainment,Tamil Nadu,839,1,Business,16345.16,Success,Mobile_App,Verified,0,22,-1,-0.007390559377073447
TXN000108438,CUST078336,2019-12-26,02:59,Savings,UPI,583.19,Debit,50801.51,Food & Dining,Punjab,786,1,Unknown,51904.21,Success,API,Expired,0,2,-1,-0.02508840540939683
TXN000108454,CUST024055,2019-12-26,09:55,Savings,UPI,426.14,Credit,52519.75,Retail,West Bengal,505,0,Unknown,0.0,Success,Mobile_App,Verified,0,9,-1,-0.011696282096661292
TXN000108462,CUST008026,2019-12-26,06:38,Savings,POS,1126.55,Debit,22532.83,Fuel,Karnataka,336,1,Home,44225.08,Success,ATM,Verified,0,6,-1,-0.001507972883537656
TXN000108480,CUST039448,2019-12-26,10:18,Savings,Cheque,2461351.97,Debit,10706.71,Entertainment,Maharashtra,685,0,Unknown,0.0,Success,Branch,Verified,0,10,-1,-0.0874899178884867
TXN000108491,CUST027096,2019-12-26,01:19,Salary,RTGS,211394.12,Debit,6742.92,Food & Dining,Maharashtra,518,1,Home,13959.55,Success,Mobile_App,Verified,0,1,-1,-0.0061072371765878986
TXN000109079,CUST031433,2019-12-28,00:16,Current,Cheque,406028.16,Debit,21834.07,E-Commerce,UP,814,1,Auto,3140.98,Success,POS_Terminal,Verified,0,0,-1,-0.009429842995951065
TXN000109095,CUST063215,2019-12-28,13:26,Salary,RTGS,537557.13,Debit,89487.05,E-Commerce,Tamil Nadu,628,1,Personal,8594.8,Success,Mobile_App,Verified,0,13,-1,-0.013686274774119211
TXN000109144,CUST047917,2019-12-28,00:33,Fixed Deposit,UPI,123.75,Credit,28109.35,Retail,Telangana,333,0,Unknown,0.0,Success,Web,Verified,0,0,-1,-0.00773068992687076
TXN000109248,CUST079356,2019-12-29,10:56,Salary,RTGS,762106.02,Credit,4737.68,Travel,Maharashtra,515,0,Unknown,0.0,Success,Mobile_App,Verified,0,10,-1,-0.017728212786581765
TXN000109549,CUST019183,2019-12-30,00:31,Salary,RTGS,288075.55,Credit,8471.04,Utilities,Delhi,768,0,Unknown,0.0,Success,Mobile_App,Verified,0,0,-1,-0.027810860326600295
TXN000109615,CUST024027,2019-12-30,15:33,Salary,NEFT,2617.33,Credit,39167.16,Entertainment,Tamil Nadu,803,0,Unknown,0.0,Success,Mobile_App,Verified,0,15,-1,-0.011450542876711545
TXN000109805,CUST047022,2019-12-31,12:16,Savings,ATM_Withdrawal,2000.0,Debit,2575167.53,Investment,Maharashtra,411,1,Personal,32159.86,Success,ATM,Verified,0,12,-1,-0.027324605061454843
TXN000109819,CUST078885,2019-12-31,23:01,Savings,UPI,306.65,Debit,25462.57,Salary,Karnataka,782,1,Auto,7750.66,Success,Mobile_App,Verified,0,23,-1,-0.0027526945532849734
TXN000110296,CUST077223,2020-01-01,08:58,Current,RTGS,100262.21,Credit,21404.16,Utilities,Tamil Nadu,708,1,Personal,2721.88,Success,POS_Terminal,Verified,0,8,-1,-0.003057635814500137
TXN000110367,CUST014273,2020-01-02,08:32,Fixed Deposit,RTGS,201815.73,Credit,7698.08,Peer Transfer,Maharashtra,654,1,Gold,2518.24,Success,Mobile_App,Verified,0,8,-1,-0.03736767934936802
TXN000110602,CUST013652,2020-01-02,14:40,Savings,RTGS,4231962.5,Credit,7601.98,Real Estate,Tamil Nadu,786,1,Education,19635.49,Success,ATM,Verified,0,14,-1,-0.09968153294380011
TXN000110657,CUST041761,2020-01-03,16:29,Current,UPI,271.79,Credit,59180.91,Retail,Tamil Nadu,739,1,Personal,29663.12,Success,Mobile_App,Verified,0,16,-1,-0.009695454033312068
TXN000110681,CUST016323,2020-01-03,14:02,Savings,POS,5643.98,Debit,15638.77,E-Commerce,Karnataka,505,1,Auto,2748.23,Success,Mobile_App,Verified,0,14,-1,-0.004018556121256678
TXN000110789,CUST044662,2020-01-03,14:33,Savings,ATM_Withdrawal,3000.0,Debit,32690.34,Retail,UP,470,1,Home,7047.18,Success,API,Pending,0,14,-1,-0.01771738147757762
TXN000110850,CUST076577,2020-01-03,14:01,Fixed Deposit,ATM_Withdrawal,1000.0,Debit,139535.3,Entertainment,Maharashtra,687,1,Gold,2432.9,Success,POS_Terminal,Verified,0,14,-1,-0.011128884939403227
TXN000110948,CUST017236,2020-01-04,05:25,Current,RTGS,1540470.62,Debit,4286.77,Peer Transfer,Karnataka,608,0,Unknown,0.0,Success,Web,Verified,0,5,-1,-0.0562581410554277
TXN000110959,CUST065765,2020-01-04,03:19,Savings,IMPS,4250.33,Debit,62519.63,Travel,Telangana,392,1,Personal,17379.55,Success,Branch,Pending,0,3,-1,-0.002403936057653433
TXN000111290,CUST033236,2020-01-05,11:58,Savings,Net_Banking,15852.79,Debit,131706.29,Entertainment,Rajasthan,829,1,Home,46525.74,Success,Mobile_App,Pending,0,11,-1,-0.031240260473690662
TXN000111340,CUST040358,2020-01-05,15:37,Salary,NEFT,44303.41,Credit,19477.35,Travel,UP,803,0,Unknown,0.0,Success,Branch,Verified,0,15,-1,-0.007019406206786205
TXN000111456,CUST071431,2020-01-05,12:02,Savings,UPI,160.1,Debit,35544.31,Investment,Tamil Nadu,803,0,Unknown,0.0,Success,Mobile_App,Verified,0,12,-1,-0.014774519257459096
TXN000111510,CUST048156,2020-01-05,22:41,Current,NEFT,757263.51,Credit,107603.86,Food & Dining,Punjab,629,0,Unknown,0.0,Success,Mobile_App,Verified,0,22,-1,-0.0024676547126056825
TXN000111516,CUST010628,2020-01-05,04:18,Fixed Deposit,IMPS,5348.91,Credit,7123.22,Retail,Gujarat,438,1,Auto,38147.64,Success,Mobile_App,Verified,0,4,-1,-0.007800344870694698
TXN000111520,CUST005243,2020-01-05,21:26,Savings,POS,1067.33,Debit,6774.94,E-Commerce,West Bengal,782,0,Unknown,0.0,Success,Web,Verified,1,21,-1,-0.0017972236454906199
TXN000111594,CUST017950,2020-01-06,22:23,Salary,RTGS,839479.59,Credit,70927.97,Government,Maharashtra,654,0,Unknown,0.0,Failed,Web,Pending,0,22,-1,-0.046630861224804976
TXN000111663,CUST048466,2020-01-06,18:17,NRI,Cheque,3267438.59,Debit,89268.48,Retail,Tamil Nadu,328,0,Unknown,0.0,Failed,API,Verified,0,18,-1,-0.08112805686284275
TXN000111952,CUST034754,2020-01-07,00:01,NRI,Net_Banking,1807.69,Debit,29400.6,Government,Gujarat,406,1,Auto,1858.72,Success,Mobile_App,Verified,0,0,-1,-0.002907328737862702
TXN000112153,CUST001112,2020-01-07,20:15,Current,ATM_Withdrawal,3000.0,Debit,104054.71,Peer Transfer,Telangana,548,0,Unknown,0.0,Success,ATM,Verified,0,20,-1,-0.016888973442044874
TXN000112155,CUST021920,2020-01-07,21:32,Salary,RTGS,1050035.82,Credit,41004.88,Insurance,Gujarat,686,1,Unknown,5570.08,Success,Mobile_App,Verified,0,21,-1,-0.0021611988461497367
TXN000112192,CUST073782,2020-01-07,22:59,Current,RTGS,529972.26,Debit,56519.09,E-Commerce,Rajasthan,619,0,Unknown,0.0,Success,API,Pending,0,22,-1,-0.008598655568207936
TXN000112312,CUST072289,2020-01-08,07:19,Savings,Cheque,1558643.31,Credit,20985.26,Entertainment,UP,860,0,Unknown,0.0,Failed,Mobile_App,Verified,0,7,-1,-0.08076354454588242
TXN000112327,CUST053985,2020-01-08,20:58,Savings,NEFT,6616.28,Debit,24355.39,Education,Rajasthan,505,0,Unknown,0.0,Success,Mobile_App,Verified,0,20,-1,-0.0037503906420123245
TXN000112564,CUST009496,2020-01-09,23:27,Savings,RTGS,365006.48,Debit,41937.1,Education,Gujarat,821,0,Unknown,0.0,Success,ATM,Verified,0,23,-1,-0.0031580851055894588
TXN000112645,CUST023084,2020-01-09,06:54,Salary,IMPS,16557.19,Credit,105968.15,E-Commerce,Maharashtra,864,0,Unknown,0.0,Reversed,ATM,Verified,0,6,-1,-0.019086292303819086
TXN000112718,CUST035598,2020-01-09,11:10,Savings,Auto_Debit,2655.03,Debit,111190.07,Fuel,Delhi,793,1,Education,8800.12,Success,Branch,Verified,0,11,-1,-0.009915588124468133
TXN000112908,CUST044745,2020-01-10,22:10,Savings,NEFT,26316.68,Debit,12234.2,Utilities,Karnataka,896,1,Home,16336.05,Success,POS_Terminal,Verified,0,22,-1,-0.0025705576472182523
TXN000113087,CUST018380,2020-01-10,01:45,Savings,ATM_Withdrawal,1000.0,Debit,28126.51,Salary,Maharashtra,676,0,Unknown,0.0,Success,ATM,Verified,0,1,-1,-0.009861802194506275
TXN000113127,CUST022901,2020-01-11,10:19,Salary,RTGS,1033228.24,Credit,2196.86,Salary,Delhi,445,0,Unknown,0.0,Reversed,Branch,Verified,0,10,-1,-0.032614837666629315
TXN000113281,CUST025937,2020-01-11,21:49,Savings,RTGS,1955820.95,Credit,76693.64,Peer Transfer,Punjab,446,0,Unknown,0.0,Success,ATM,Verified,0,21,-1,-0.05116396630937248
TXN000113334,CUST050831,2020-01-11,03:11,Fixed Deposit,IMPS,5015.76,Debit,69569.12,Salary,Karnataka,459,1,Personal,27672.61,Success,Branch,Verified,0,3,-1,-0.007907768371817281
TXN000113527,CUST077506,2020-01-12,10:10,Savings,UPI,520.16,Debit,13267.92,Travel,Telangana,406,0,Unknown,0.0,Success,Mobile_App,Verified,0,10,-1,-0.01520800929426347
TXN000113543,CUST069964,2020-01-12,06:31,Savings,UPI,1165.57,Debit,21529.62,Food & Dining,Punjab,501,0,Unknown,0.0,Success,Web,Verified,0,6,-1,-0.01411137320103717
TXN000113685,CUST062147,2020-01-12,08:44,NRI,RTGS,2726379.06,Credit,33981.77,Government,Maharashtra,852,0,Unknown,0.0,Success,API,Expired,0,8,-1,-0.06250548278790247
TXN000113749,CUST026344,2020-01-13,01:32,Savings,UPI,528.84,Debit,99754.07,E-Commerce,Gujarat,406,0,Unknown,0.0,Success,Web,Verified,0,1,-1,-0.03155996583245246
TXN000114053,CUST065156,2020-01-14,17:20,Current,RTGS,298190.51,Debit,125623.38,Salary,Delhi,401,0,Unknown,0.0,Success,Web,Verified,0,17,-1,-0.046478670573008696
TXN000114080,CUST068396,2020-01-14,13:07,Current,UPI,177.78,Debit,194246.32,Education,Karnataka,505,1,Home,1149.53,Success,Mobile_App,Verified,0,13,-1,-0.01260942377531471
TXN000114129,CUST011233,2020-01-14,08:50,Fixed Deposit,Cheque,1313179.81,Debit,48028.83,Government,Delhi,442,1,Personal,3504.48,Success,Branch,Verified,0,8,-1,-0.02453183323325525
TXN000114204,CUST077077,2020-01-14,04:41,Current,RTGS,208161.75,Debit,30875.97,E-Commerce,Karnataka,325,0,Unknown,0.0,Pending,API,Verified,0,4,-1,-0.007748445706449947
TXN000114210,CUST064445,2020-01-14,11:44,Savings,Cheque,1162191.55,Credit,36128.66,Utilities,Delhi,659,1,Unknown,11958.48,Success,Mobile_App,Verified,1,11,-1,-0.007146901394867511
TXN000114620,CUST068244,2020-01-16,14:14,NRI,IMPS,3080.38,Debit,20105.69,Utilities,Maharashtra,326,0,Unknown,0.0,Success,Mobile_App,Pending,0,14,-1,-0.012137488669168084
TXN000115050,CUST031680,2020-01-17,22:25,Savings,NEFT,2277.73,Debit,51383.16,Peer Transfer,Maharashtra,864,0,Unknown,0.0,Success,ATM,Verified,0,22,-1,-0.009877837680565271
TXN000115143,CUST029893,2020-01-17,15:56,Current,RTGS,368959.95,Credit,95715.72,E-Commerce,West Bengal,654,0,Unknown,0.0,Failed,Mobile_App,Verified,0,15,-1,-0.04709102403369059
TXN000115189,CUST047458,2020-01-17,07:07,Current,RTGS,1482924.32,Debit,6901.84,E-Commerce,UP,753,0,Unknown,0.0,Success,Mobile_App,Verified,0,7,-1,-0.06656590452597078
TXN000115418,CUST063449,2020-01-18,00:49,Savings,Cheque,809930.61,Debit,21554.92,Government,Tamil Nadu,829,0,Unknown,0.0,Success,Web,Verified,0,0,-1,-0.022972409886900746
TXN000115502,CUST062107,2020-01-18,08:12,Current,POS,880.73,Debit,189871.81,Real Estate,Gujarat,714,0,Unknown,0.0,Success,Mobile_App,Pending,0,8,-1,-0.0037549859847909595
TXN000115572,CUST076490,2020-01-18,07:23,Salary,Cheque,792846.96,Credit,50941.17,Food & Dining,West Bengal,584,0,Unknown,0.0,Success,Web,Verified,0,7,-1,-0.01428174727290532
TXN000115797,CUST068471,2020-01-19,15:30,Savings,NEFT,32339.64,Credit,299806.91,Retail,Tamil Nadu,406,1,Personal,1903.21,Success,Mobile_App,Verified,0,15,-1,-0.006724695632705946
TXN000115817,CUST026038,2020-01-19,08:10,Current,RTGS,495963.33,Credit,72611.84,E-Commerce,Karnataka,662,1,Home,3952.49,Success,ATM,Verified,0,8,-1,-0.016708799532081597
TXN000116015,CUST018187,2020-01-20,11:45,NRI,RTGS,2062615.08,Credit,7258.62,Retail,Punjab,417,0,Unknown,0.0,Success,Web,Verified,0,11,-1,-0.1037284131950208
TXN000116241,CUST007400,2020-01-21,06:43,Savings,RTGS,43181.99,Credit,11464.13,Healthcare,Maharashtra,585,0,Unknown,0.0,Success,Mobile_App,Verified,0,6,-1,-0.0005237222978585754
TXN000116303,CUST066058,2020-01-21,11:05,Current,RTGS,1970729.42,Debit,66276.06,Travel,Gujarat,746,1,Business,11017.94,Success,ATM,Verified,0,11,-1,-0.06833917166323611
TXN000116416,CUST037848,2020-01-21,07:00,Salary,RTGS,3077794.55,Credit,13105.01,Retail,Karnataka,697,0,Unknown,0.0,Success,Branch,Verified,0,7,-1,-0.06314470070889688
TXN000116530,CUST067330,2020-01-22,11:42,Savings,RTGS,18691.79,Credit,138499.61,Travel,Rajasthan,763,0,Unknown,0.0,Failed,Web,Pending,0,11,-1,-0.006181751954085435
TXN000116662,CUST052561,2020-01-22,09:12,Savings,Auto_Debit,1064.78,Debit,35294.13,E-Commerce,West Bengal,792,0,Unknown,0.0,Reversed,Web,Expired,0,9,-1,-0.022080661968300497
TXN000116707,CUST032816,2020-01-22,19:44,Savings,UPI,183.05,Credit,7885.55,E-Commerce,Maharashtra,645,1,Education,6420.61,Success,Branch,Verified,0,19,-1,-0.010585620930274153
TXN000116757,CUST002600,2020-01-22,04:38,Current,RTGS,312171.24,Credit,11657.81,Education,Delhi,687,1,Personal,40338.8,Success,Mobile_App,Verified,0,4,-1,-0.023980964070704602
TXN000116825,CUST037995,2020-01-23,12:22,Current,NEFT,50514.17,Credit,27575.03,Food & Dining,Karnataka,505,1,Personal,3133.3,Success,Mobile_App,Verified,0,12,-1,-0.0030774137030430415
TXN000116978,CUST075855,2020-01-23,00:44,Savings,RTGS,1855665.29,Debit,13525.2,Insurance,Gujarat,436,1,Home,11169.84,Reversed,Branch,Verified,0,0,-1,-0.0397660469895742
TXN000117011,CUST026144,2020-01-23,07:21,Salary,RTGS,532041.87,Credit,19421.65,Education,Tamil Nadu,518,0,Unknown,0.0,Success,POS_Terminal,Verified,0,7,-1,-0.04227209503703011
TXN000117083,CUST026822,2020-01-23,04:38,Savings,RTGS,1110696.04,Credit,71854.64,Travel,Gujarat,765,0,Unknown,0.0,Success,Web,Verified,0,4,-1,-0.043525254729871565
TXN000117247,CUST079119,2020-01-24,17:27,Current,Auto_Debit,796.5,Debit,22201.13,Healthcare,West Bengal,326,0,Unknown,0.0,Success,ATM,Verified,0,17,-1,-0.024841693023753164
TXN000117345,CUST029952,2020-01-24,05:01,NRI,UPI,2357.44,Debit,7770.74,Peer Transfer,West Bengal,505,0,Unknown,0.0,Success,API,Verified,0,5,-1,-0.026816604447289283
TXN000117391,CUST039447,2020-01-24,12:53,Salary,Credit_Card,3530.09,Debit,40560.07,E-Commerce,Maharashtra,839,1,Unknown,93440.16,Success,Mobile_App,Verified,0,12,-1,-0.07699472249893535
TXN000117412,CUST035178,2020-01-24,22:05,Salary,RTGS,60775.1,Credit,41384.96,Entertainment,Maharashtra,839,1,Gold,2646.17,Success,Mobile_App,Verified,0,22,-1,-0.010919095140644486
TXN000117487,CUST024522,2020-01-25,06:01,Current,NEFT,743544.29,Credit,66272.68,Retail,UP,325,1,Auto,3984.57,Success,Web,Verified,0,6,-1,-0.005335330889721379
TXN000117572,CUST019480,2020-01-25,13:46,Savings,RTGS,558925.48,Credit,11090.35,Retail,Maharashtra,505,0,Unknown,0.0,Success,POS_Terminal,Verified,0,13,-1,-0.09603294597307954
TXN000117637,CUST065937,2020-01-25,06:04,Savings,RTGS,328421.88,Debit,34142.34,Food & Dining,Gujarat,763,1,Education,6115.79,Success,POS_Terminal,Verified,0,6,-1,-0.021528849911606973
TXN000117715,CUST066306,2020-01-25,00:16,Salary,UPI,1148.27,Credit,30592.94,Peer Transfer,Maharashtra,505,0,Unknown,0.0,Pending,POS_Terminal,Verified,0,0,-1,-0.04940352442400142
TXN000117929,CUST043972,2020-01-26,02:12,Savings,POS,1380.35,Debit,24005.99,Retail,Delhi,501,1,Auto,3277.94,Success,ATM,Verified,0,2,-1,-0.017501431373237786
TXN000117939,CUST033121,2020-01-26,18:34,Savings,RTGS,718756.3,Credit,77248.83,Education,Delhi,711,1,Home,2200.21,Success,API,Verified,0,18,-1,-0.04772059058158595
TXN000118071,CUST036254,2020-01-27,12:19,Savings,RTGS,1406431.16,Credit,23101.04,Retail,Maharashtra,486,0,Unknown,0.0,Success,Mobile_App,Verified,0,12,-1,-0.004422565082518148
TXN000118444,CUST061764,2020-01-28,05:23,Savings,UPI,723.76,Credit,59296.64,Retail,Tamil Nadu,406,1,Home,3651.09,Success,Mobile_App,Verified,0,5,-1,-0.007336042064654769
TXN000118456,CUST076741,2020-01-28,20:12,Salary,RTGS,589502.27,Credit,1312.61,Food & Dining,Karnataka,877,0,Unknown,0.0,Success,Web,Verified,0,20,-1,-0.0008332729648971027
TXN000118468,CUST079984,2020-01-28,10:53,Savings,UPI,4231.92,Credit,15929.19,Education,Telangana,501,0,Unknown,0.0,Success,Branch,Verified,0,10,-1,-0.004634917044232356
TXN000118501,CUST017250,2020-01-28,17:39,Savings,Auto_Debit,3360.66,Debit,18218.46,E-Commerce,Karnataka,326,0,Unknown,0.0,Success,POS_Terminal,Verified,0,17,-1,-0.005655028055505107
TXN000118618,CUST050573,2020-01-29,07:12,Savings,UPI,358.49,Debit,176738.43,Entertainment,Gujarat,792,0,Unknown,0.0,Success,Branch,Verified,0,7,-1,-0.008456166719425062
TXN000118667,CUST044103,2020-01-29,01:16,Savings,RTGS,889119.22,Credit,58269.63,Travel,UP,351,0,Unknown,0.0,Success,ATM,Verified,0,1,-1,-0.023053040775747546
TXN000118925,CUST071715,2020-01-30,14:55,Current,Cheque,2931391.72,Credit,23522.61,Food & Dining,Telangana,780,0,Unknown,0.0,Success,Web,Verified,0,14,-1,-0.07682170739057048
TXN000118978,CUST020217,2020-01-30,03:19,Salary,NEFT,2510.84,Debit,98379.04,Salary,Delhi,505,0,Unknown,0.0,Success,Mobile_App,Verified,0,3,-1,-0.011802033091499409
TXN000118995,CUST059655,2020-01-30,21:24,NRI,RTGS,1921304.09,Credit,48492.41,Healthcare,Telangana,313,0,Unknown,0.0,Success,POS_Terminal,Verified,0,21,-1,-0.0267183263160935
TXN000119030,CUST025837,2020-01-30,14:32,Current,IMPS,667.19,Credit,207338.25,Peer Transfer,Maharashtra,505,0,Unknown,0.0,Success,ATM,Verified,0,14,-1,-0.04321333815376649
TXN000119155,CUST017263,2020-01-30,23:57,Savings,RTGS,1356445.07,Debit,70817.6,E-Commerce,West Bengal,448,0,Unknown,0.0,Success,POS_Terminal,Verified,0,23,-1,-0.04426505276498183
TXN000119232,CUST035361,2020-01-31,13:07,Current,POS,75.18,Debit,9627.81,Education,Karnataka,896,1,Auto,2155.41,Success,API,Verified,0,13,-1,-0.006218792290479613
TXN000119242,CUST023855,2020-01-31,23:26,Current,RTGS,526117.82,Credit,116000.64,Government,Maharashtra,803,0,Unknown,0.0,Success,POS_Terminal,Verified,0,23,-1,-0.0012520837748238867
TXN000119605,CUST030154,2020-02-01,06:40,Savings,IMPS,5548.27,Debit,80577.59,Education,Tamil Nadu,389,1,Gold,26044.06,Success,Mobile_App,Verified,0,6,-1,-0.00033094050704529643
TXN000119710,CUST043837,2020-02-01,16:21,Fixed Deposit,RTGS,521898.77,Credit,268349.32,Peer Transfer,Gujarat,555,1,Auto,15269.42,Success,Mobile_App,Verified,0,16,-1,-0.010130345741186764
TXN000119761,CUST023436,2020-02-01,14:10,Savings,NEFT,85010.97,Credit,69294.45,Peer Transfer,Gujarat,782,1,Auto,43428.15,Success,Mobile_App,Verified,0,14,-1,-0.11144652627514295
TXN000119880,CUST076696,2020-02-02,04:37,Savings,RTGS,891976.14,Debit,14611.94,Retail,Rajasthan,362,0,Unknown,0.0,Success,ATM,Verified,0,4,-1,-0.011957121862628206
TXN000119942,CUST027222,2020-02-02,18:22,NRI,RTGS,351960.24,Credit,36531.09,E-Commerce,Rajasthan,380,0,Unknown,0.0,Success,ATM,Verified,0,18,-1,-0.015693723749246713
TXN000120061,CUST067639,2020-02-02,01:01,Savings,NEFT,1213406.19,Credit,5218.81,Investment,West Bengal,407,1,Education,7131.95,Success,ATM,Verified,0,1,-1,-0.034423605329004126
TXN000120149,CUST063037,2020-02-02,23:47,Savings,RTGS,2595224.03,Debit,26011.7,Peer Transfer,Telangana,763,0,Unknown,0.0,Success,Web,Verified,0,23,-1,-0.14363330790279738
TXN000120239,CUST030485,2020-02-03,06:22,Fixed Deposit,RTGS,1055088.24,Credit,22000.26,E-Commerce,Karnataka,488,0,Unknown,0.0,Success,ATM,Verified,0,6,-1,-0.03452467719888963
TXN000120420,CUST043452,2020-02-03,04:27,Savings,UPI,213.96,Debit,36017.05,Food & Dining,Gujarat,406,1,Auto,4596.41,Success,Mobile_App,Verified,0,4,-1,-0.023603762362627623
TXN000120497,CUST004786,2020-02-04,20:11,Salary,ATM_Withdrawal,1000.0,Debit,3164.44,Entertainment,Rajasthan,433,1,Business,44590.73,Success,API,Verified,0,20,-1,-0.030888598229911635
TXN000120921,CUST040008,2020-02-05,01:42,Salary,Cheque,4153.51,Credit,410185.98,Travel,Maharashtra,676,0,Unknown,0.0,Success,Mobile_App,Verified,0,1,-1,-0.02296147922756475
TXN000121124,CUST019555,2020-02-06,12:07,Savings,NEFT,2875.36,Credit,2214068.32,Investment,Maharashtra,649,1,Unknown,10426.18,Success,Mobile_App,Verified,0,12,-1,-0.015691794560075856
TXN000121139,CUST061411,2020-02-06,14:46,Savings,RTGS,1124735.51,Debit,20975.64,Food & Dining,Delhi,538,0,Unknown,0.0,Success,Mobile_App,Verified,0,14,-1,-0.02612586428284258
TXN000121224,CUST017138,2020-02-06,03:28,Salary,POS,756.19,Debit,105085.79,Utilities,Maharashtra,505,0,Unknown,0.0,Success,Mobile_App,Pending,0,3,-1,-0.019087698700716138
TXN000121244,CUST036712,2020-02-06,02:40,Salary,RTGS,884789.04,Debit,88107.1,E-Commerce,Karnataka,799,0,Unknown,0.0,Success,Branch,Verified,1,2,-1,-0.052940054043308704
TXN000121256,CUST032845,2020-02-06,17:23,Salary,NEFT,5060.73,Credit,193694.03,E-Commerce,Punjab,505,0,Unknown,0.0,Success,Mobile_App,Verified,0,17,-1,-0.06329803695728187
TXN000121291,CUST074474,2020-02-06,07:45,Savings,RTGS,635760.79,Credit,171737.25,Utilities,West Bengal,814,1,Home,8649.73,Success,Web,Verified,0,7,-1,-0.0007749520562208012
TXN000121313,CUST027160,2020-02-06,11:55,Current,IMPS,2259.25,Debit,130013.09,Food & Dining,Telangana,326,0,Unknown,0.0,Success,Mobile_App,Verified,0,11,-1,-0.0011586482210219629
TXN000121387,CUST046459,2020-02-07,02:15,Current,IMPS,2043.04,Credit,10764.9,Insurance,Delhi,662,1,Auto,55151.91,Success,POS_Terminal,Expired,0,2,-1,-0.005461248707491206
TXN000121417,CUST074673,2020-02-07,13:22,Savings,RTGS,1356213.17,Debit,17369.69,Travel,West Bengal,622,1,Home,7896.25,Success,Mobile_App,Verified,0,13,-1,-0.07031096716378893
TXN000121478,CUST059952,2020-02-07,13:30,Current,RTGS,88662.62,Credit,155372.31,Entertainment,Rajasthan,729,1,Personal,5808.64,Success,Mobile_App,Verified,0,13,-1,-0.00916886165643871
TXN000121602,CUST077887,2020-02-07,16:24,Savings,RTGS,363245.28,Debit,290377.72,Healthcare,Maharashtra,763,0,Unknown,0.0,Success,Web,Verified,0,16,-1,-0.007192246139612446
TXN000121710,CUST041997,2020-02-08,20:26,Savings,RTGS,1338000.93,Credit,4775.32,Government,Rajasthan,411,1,Auto,2700.4,Success,API,Verified,0,20,-1,-0.028260198500483558
TXN000121751,CUST003544,2020-02-08,07:16,Current,RTGS,1978661.87,Credit,8937.14,Healthcare,Karnataka,384,1,Personal,6662.11,Success,Mobile_App,Verified,0,7,-1,-0.03991632337488893
TXN000121789,CUST075111,2020-02-08,20:26,Savings,ATM_Withdrawal,5000.0,Debit,114687.16,Entertainment,Maharashtra,333,1,Education,40160.82,Success,Mobile_App,Pending,0,20,-1,-0.018346936590359242
TXN000121845,CUST037441,2020-02-08,16:35,Current,UPI,458.55,Debit,1106389.57,Investment,Delhi,853,1,Business,3180.48,Success,Mobile_App,Verified,0,16,-1,-0.010749152680721297
TXN000121872,CUST014807,2020-02-08,13:04,Fixed Deposit,RTGS,2057039.01,Credit,22955.3,Peer Transfer,Gujarat,455,1,Unknown,4300.45,Pending,Branch,Verified,0,13,-1,-0.06601327038916927
TXN000121975,CUST031913,2020-02-09,19:51,Savings,POS,1548.85,Debit,16637.84,Investment,Tamil Nadu,535,1,Education,38657.87,Success,Mobile_App,Pending,0,19,-1,-0.043865999420686363
TXN000122057,CUST073752,2020-02-09,17:02,Savings,NEFT,7954.63,Credit,29686.1,Investment,Rajasthan,401,0,Unknown,0.0,Success,POS_Terminal,Verified,0,17,-1,-0.0286618626487547
TXN000122095,CUST002098,2020-02-09,21:36,Salary,RTGS,1113432.38,Credit,4185.62,Insurance,UP,528,0,Unknown,0.0,Success,Branch,Verified,0,21,-1,-0.02276764854627733
TXN000122100,CUST007063,2020-02-09,12:14,Savings,NEFT,1662123.79,Debit,23549.38,Retail,West Bengal,590,0,Unknown,0.0,Success,Web,Verified,0,12,-1,-0.08165534882072178
TXN000122268,CUST068394,2020-02-10,06:34,Savings,NEFT,11776.7,Credit,34421.5,Food & Dining,Tamil Nadu,792,1,Personal,6675.05,Success,ATM,Verified,0,6,-1,-0.013722555678936321
TXN000122292,CUST000707,2020-02-10,22:10,Salary,RTGS,1388952.41,Debit,151414.83,Government,Maharashtra,531,1,Home,3156.99,Success,API,Verified,0,22,-1,-0.028367033331314184
TXN000122338,CUST068152,2020-02-10,20:18,Current,Auto_Debit,575.13,Debit,29884.19,Retail,Gujarat,505,0,Unknown,0.0,Success,Mobile_App,Pending,0,20,-1,-0.0014840683057134596
TXN000122422,CUST016842,2020-02-10,05:26,Savings,Net_Banking,665.73,Credit,25189.47,Healthcare,Maharashtra,782,1,Personal,24950.75,Success,API,Verified,0,5,-1,-0.05837888056774332
TXN000122438,CUST020168,2020-02-10,01:05,Current,RTGS,177504.79,Credit,6376.5,Travel,Tamil Nadu,817,0,Unknown,0.0,Success,API,Verified,0,1,-1,-0.0031350276142584343
TXN000122656,CUST063447,2020-02-11,08:03,Current,POS,1263.6,Debit,57893.83,Investment,Maharashtra,314,1,Auto,48793.75,Success,ATM,Verified,0,8,-1,-0.02768599822439133
TXN000122721,CUST015008,2020-02-11,20:35,Savings,RTGS,741205.59,Credit,2668.54,Retail,West Bengal,310,1,Personal,2075.22,Success,Web,Verified,1,20,-1,-0.015505750365194748
TXN000122827,CUST031650,2020-02-11,01:05,Savings,Auto_Debit,3693.75,Debit,2797.0,Salary,Tamil Nadu,470,1,Auto,10738.32,Success,POS_Terminal,Verified,0,1,-1,-0.008971345677523113
TXN000122899,CUST018970,2020-02-12,12:13,Savings,UPI,73.9,Credit,31712.07,Retail,Telangana,803,0,Unknown,0.0,Success,Web,Verified,0,12,-1,-0.013168565306307833
TXN000122937,CUST060009,2020-02-12,14:16,Savings,ATM_Withdrawal,5000.0,Debit,66368.77,Retail,Karnataka,810,1,Home,71241.21,Success,Web,Verified,0,14,-1,-0.027301399130850168
TXN000123055,CUST037149,2020-02-12,02:50,Current,UPI,6760.32,Credit,7350.84,Retail,Rajasthan,592,1,Education,32298.38,Success,Mobile_App,Verified,0,2,-1,-0.014248276454184916
TXN000123117,CUST047744,2020-02-12,02:20,Savings,NEFT,15723.46,Debit,96539.83,Salary,Gujarat,803,0,Unknown,0.0,Success,ATM,Verified,0,2,-1,-0.03487121680262106
TXN000123133,CUST041711,2020-02-13,19:18,Savings,UPI,614.77,Credit,121826.31,Entertainment,Rajasthan,505,0,Unknown,0.0,Success,Branch,Verified,0,19,-1,-0.020475290184093553
TXN000123172,CUST007203,2020-02-13,17:12,Savings,IMPS,4953.44,Credit,1710.74,Food & Dining,Gujarat,505,0,Unknown,0.0,Success,Mobile_App,Verified,0,17,-1,-0.05512883395889823
TXN000123212,CUST055187,2020-02-13,01:04,Current,Net_Banking,10129.24,Credit,97341.58,Salary,Tamil Nadu,425,1,Personal,31449.0,Success,Mobile_App,Verified,0,1,-1,-0.03505944144801543
TXN000123240,CUST023256,2020-02-13,07:31,Savings,IMPS,3736.34,Debit,14500.81,Utilities,Rajasthan,649,1,Unknown,40713.44,Success,Web,Verified,0,7,-1,-0.06427627671328373
TXN000123336,CUST005582,2020-02-13,11:23,Savings,RTGS,895864.23,Credit,45868.9,Salary,Gujarat,379,0,Unknown,0.0,Success,POS_Terminal,Verified,0,11,-1,-0.025090980456860867
TXN000123400,CUST030903,2020-02-13,21:19,Fixed Deposit,IMPS,906.68,Credit,821709.31,Retail,Karnataka,799,1,Personal,2435.32,Success,Mobile_App,Verified,0,21,-1,-0.0030280769344792624
TXN000123635,CUST043588,2020-02-14,11:33,Current,RTGS,16407.04,Debit,63233.35,Peer Transfer,Delhi,708,0,Unknown,0.0,Success,POS_Terminal,Verified,0,11,-1,-0.01150083246424094
TXN000123718,CUST044971,2020-02-15,23:04,Fixed Deposit,RTGS,484649.85,Credit,36356.92,Peer Transfer,West Bengal,400,0,Unknown,0.0,Success,POS_Terminal,Verified,0,23,-1,-0.007245565987061275
TXN000123770,CUST067962,2020-02-15,06:10,NRI,RTGS,2917683.9,Debit,162629.53,E-Commerce,Punjab,765,1,Education,705.64,Success,Web,Verified,0,6,-1,-0.07920080477321001
TXN000123852,CUST002705,2020-02-15,04:22,NRI,Cheque,1930048.87,Debit,17443.33,Fuel,Maharashtra,372,0,Unknown,0.0,Success,Branch,Verified,0,4,-1,-0.06783042257364436
TXN000123892,CUST050881,2020-02-15,20:27,Salary,Cheque,2852029.96,Debit,77210.72,Healthcare,Delhi,492,0,Unknown,0.0,Success,Web,Verified,0,20,-1,-0.12468456398948458
TXN000123991,CUST053662,2020-02-16,16:15,Fixed Deposit,UPI,185.83,Credit,20505.03,Healthcare,Gujarat,640,0,Unknown,0.0,Success,POS_Terminal,Verified,0,16,-1,-0.03696630606187967
TXN000124172,CUST052367,2020-02-16,05:58,Savings,RTGS,222222.81,Credit,42156.68,Retail,Punjab,628,1,Home,3631.19,Success,POS_Terminal,Verified,0,5,-1,-0.0255897361150329
TXN000124230,CUST053299,2020-02-16,14:40,Savings,RTGS,278302.8,Debit,5255.78,Utilities,Tamil Nadu,640,0,Unknown,0.0,Pending,Web,Verified,0,14,-1,-0.02273985464425876
TXN000124406,CUST066658,2020-02-17,21:42,NRI,IMPS,339.34,Credit,107761.74,Insurance,Gujarat,839,1,Personal,17155.7,Failed,Mobile_App,Verified,0,21,-1,-0.0034371330781235443
TXN000124419,CUST001987,2020-02-17,14:18,Current,RTGS,282622.39,Credit,8884.29,Healthcare,Rajasthan,332,1,Auto,5245.42,Failed,ATM,Verified,0,14,-1,-0.006566054759641671
TXN000124491,CUST029094,2020-02-17,15:37,Savings,RTGS,104161.51,Credit,19597.88,Investment,UP,699,0,Unknown,0.0,Success,POS_Terminal,Verified,1,15,-1,-0.03117937822752792
TXN000124578,CUST056811,2020-02-18,23:07,Salary,RTGS,1296268.46,Debit,23946.04,Travel,Maharashtra,833,0,Unknown,0.0,Success,POS_Terminal,Verified,0,23,-1,-0.04788870801041478
TXN000124585,CUST037418,2020-02-18,00:01,Current,RTGS,192974.71,Credit,141883.76,Insurance,Telangana,792,1,Home,10389.31,Success,Web,Verified,0,0,-1,-0.04984390920603343
TXN000124590,CUST001093,2020-02-18,16:10,Fixed Deposit,ATM_Withdrawal,3000.0,Debit,23760.21,Fuel,Gujarat,488,1,Personal,11418.95,Success,API,Verified,0,16,-1,-0.009950718552001914
TXN000124663,CUST070609,2020-02-18,07:53,Savings,RTGS,1069753.52,Credit,79349.5,E-Commerce,UP,503,0,Unknown,0.0,Success,ATM,Verified,0,7,-1,-0.03244225906144971
TXN000124771,CUST005725,2020-02-18,02:01,Salary,UPI,669.45,Credit,219243.88,Retail,Gujarat,501,1,Business,8632.77,Success,Mobile_App,Verified,0,2,-1,-0.015791931473671972
TXN000124782,CUST062132,2020-02-18,10:18,Savings,RTGS,245402.47,Debit,47104.96,Travel,Maharashtra,699,0,Unknown,0.0,Failed,POS_Terminal,Verified,0,10,-1,-0.003222283620750832
TXN000124910,CUST030344,2020-02-19,17:06,Savings,UPI,244.36,Debit,22068.24,Healthcare,Maharashtra,505,0,Unknown,0.0,Success,Web,Verified,0,17,-1,-0.022220383797361132
TXN000125079,CUST041280,2020-02-19,01:15,NRI,UPI,2170.48,Credit,31789.9,Investment,Delhi,676,0,Unknown,0.0,Success,Web,Verified,0,1,-1,-0.020559499594234643
TXN000125086,CUST001724,2020-02-19,02:33,Savings,RTGS,906279.96,Credit,54528.31,Education,Telangana,589,0,Unknown,0.0,Success,Mobile_App,Verified,0,2,-1,-0.011660988300199238
TXN000125134,CUST044020,2020-02-19,21:05,Current,UPI,2294.68,Debit,5532.93,Peer Transfer,Delhi,803,0,Unknown,0.0,Success,Mobile_App,Expired,0,21,-1,-0.00648553351940151
TXN000125175,CUST044280,2020-02-20,02:53,NRI,NEFT,10808.59,Credit,830376.92,Salary,Rajasthan,737,1,Personal,25333.71,Success,Mobile_App,Verified,0,2,-1,-0.008329053558212673
TXN000125235,CUST013524,2020-02-20,13:13,Current,POS,166.12,Debit,86727.49,Retail,UP,505,1,Auto,4737.39,Success,Mobile_App,Verified,0,13,-1,-0.014547089682756753
TXN000125244,CUST069143,2020-02-20,07:33,Savings,RTGS,1211553.57,Credit,9759.53,Retail,UP,604,0,Unknown,0.0,Success,Web,Verified,0,7,-1,-0.04756276850458152
TXN000125306,CUST077269,2020-02-20,02:56,Savings,RTGS,2247757.65,Credit,53771.86,Healthcare,Maharashtra,757,0,Unknown,0.0,Success,Web,Verified,0,2,-1,-0.09186717850832915
TXN000125335,CUST060900,2020-02-20,23:00,Savings,Auto_Debit,1353.04,Debit,25667.55,Retail,Rajasthan,406,0,Unknown,0.0,Success,Web,Verified,0,23,-1,-0.01594130940318339
TXN000125338,CUST012091,2020-02-20,18:20,NRI,NEFT,1781990.65,Debit,49997.92,Food & Dining,Tamil Nadu,776,1,Home,2995.54,Success,Web,Verified,0,18,-1,-0.0048487997284241136
TXN000125366,CUST062960,2020-02-20,12:29,Savings,RTGS,192874.25,Debit,26493.61,Fuel,Maharashtra,759,0,Unknown,0.0,Success,ATM,Verified,0,12,-1,-0.011328118381912722
TXN000125367,CUST071736,2020-02-20,05:36,Savings,RTGS,191662.08,Debit,25126.68,Government,Maharashtra,864,0,Unknown,0.0,Success,Mobile_App,Verified,0,5,-1,-0.0015690519127380398
TXN000125482,CUST052104,2020-02-21,20:22,Current,RTGS,294087.2,Credit,117261.38,Healthcare,Gujarat,640,1,Business,2258.01,Success,Mobile_App,Verified,0,20,-1,-0.02191848816330244
TXN000125487,CUST067323,2020-02-21,11:07,Salary,RTGS,419636.73,Credit,12235.42,E-Commerce,Karnataka,782,1,Home,2771.85,Success,Web,Verified,0,11,-1,-0.01915856843297803
TXN000125681,CUST035940,2020-02-21,14:21,Fixed Deposit,Auto_Debit,832.04,Debit,149216.39,Retail,Maharashtra,654,1,Personal,4721.12,Success,Mobile_App,Verified,0,14,-1,-0.003323245614905601
TXN000125738,CUST016632,2020-02-21,12:16,Savings,Cheque,8455419.74,Credit,20124.61,Food & Dining,UP,595,0,Unknown,0.0,Success,Web,Verified,0,12,-1,-0.11188151134763857
TXN000125776,CUST064736,2020-02-22,06:23,Fixed Deposit,RTGS,750481.5,Debit,17265.32,Education,Karnataka,676,1,Personal,4152.77,Success,Mobile_App,Verified,0,6,-1,-0.06752950603529462
TXN000125883,CUST056984,2020-02-22,05:29,Savings,RTGS,831902.35,Credit,5513.23,Entertainment,Delhi,896,1,Home,4014.08,Success,API,Verified,1,5,-1,-0.051482584840270906
TXN000125955,CUST048246,2020-02-22,00:24,Savings,Cheque,1791068.88,Credit,20453.06,Utilities,Maharashtra,325,0,Unknown,0.0,Success,Web,Verified,0,0,-1,-0.12490255085848101
TXN000125979,CUST047767,2020-02-22,14:50,NRI,Auto_Debit,575.65,Debit,56806.43,Government,Maharashtra,326,0,Unknown,0.0,Success,Web,Verified,0,14,-1,-0.04205993252634732
TXN000126110,CUST026625,2020-02-23,20:56,Savings,UPI,20273.17,Debit,59157.96,Utilities,Rajasthan,406,0,Unknown,0.0,Success,Mobile_App,Verified,0,20,-1,-0.009136848791891472
TXN000126259,CUST035607,2020-02-23,13:41,Savings,UPI,9631.97,Credit,311190.72,Education,Tamil Nadu,645,1,Home,1650.7,Pending,Mobile_App,Verified,0,13,-1,-0.005067248036708438
TXN000126267,CUST022116,2020-02-23,05:58,Savings,RTGS,275901.93,Debit,36937.94,E-Commerce,West Bengal,401,0,Unknown,0.0,Success,Mobile_App,Verified,0,5,-1,-0.030841614717522448
TXN000126541,CUST006136,2020-02-24,20:50,Savings,NEFT,1282644.24,Credit,19515.58,Retail,Delhi,764,0,Unknown,0.0,Success,Mobile_App,Verified,0,20,-1,-0.016671596071646255
TXN000126589,CUST029248,2020-02-24,22:40,NRI,RTGS,2197398.44,Credit,108335.81,Travel,West Bengal,825,0,Unknown,0.0,Success,Web,Verified,0,22,-1,-0.0853839702169249
TXN000126728,CUST035200,2020-02-25,06:09,Savings,IMPS,28862.6,Debit,85314.74,Travel,Maharashtra,782,1,Personal,837.11,Success,Mobile_App,Verified,0,6,-1,-0.021508809697924347
TXN000127014,CUST015549,2020-02-26,04:15,Current,RTGS,1299433.96,Credit,265517.75,E-Commerce,Rajasthan,407,1,Personal,3033.02,Success,Branch,Verified,0,4,-1,-0.0603847197408226
TXN000127105,CUST022162,2020-02-26,05:11,Current,RTGS,199853.12,Credit,252189.96,Education,Tamil Nadu,649,1,Gold,6654.43,Success,Mobile_App,Verified,0,5,-1,-0.0018123885021434916
TXN000127116,CUST038251,2020-02-26,13:49,Fixed Deposit,NEFT,7433.48,Debit,73517.04,Peer Transfer,Telangana,645,1,Auto,55634.61,Success,Branch,Verified,0,13,-1,-0.0864783753400803
TXN000127374,CUST025897,2020-02-27,16:36,Savings,RTGS,171180.03,Credit,11394.66,Food & Dining,UP,501,0,Unknown,0.0,Success,API,Verified,0,16,-1,-0.030578352245483442
TXN000127396,CUST002526,2020-02-27,12:08,Salary,UPI,711.27,Credit,42853.38,Food & Dining,Maharashtra,406,0,Unknown,0.0,Success,Web,Verified,0,12,-1,-0.0008483366651426127
TXN000127473,CUST069933,2020-02-27,22:00,Savings,Cheque,934447.5,Debit,2726.56,Entertainment,Punjab,355,0,Unknown,0.0,Success,Web,Verified,0,22,-1,-0.005448513952925449
TXN000127492,CUST062429,2020-02-27,21:34,Savings,ATM_Withdrawal,500.0,Debit,16134.56,Salary,Delhi,782,1,Home,36979.19,Success,Mobile_App,Verified,0,21,-1,-0.062475175166815
TXN000127615,CUST004390,2020-02-28,11:32,Fixed Deposit,RTGS,1017270.83,Credit,4110.9,Government,Maharashtra,879,0,Unknown,0.0,Success,Mobile_App,Verified,0,11,-1,-0.014431484881640588
TXN000127633,CUST070809,2020-02-28,18:45,Current,UPI,1861.81,Credit,8099.94,Food & Dining,Tamil Nadu,610,1,Business,55697.65,Success,Mobile_App,Verified,0,18,-1,-0.034419223754567074
TXN000127785,CUST027070,2020-02-28,02:16,Current,RTGS,978163.53,Debit,57433.17,Retail,Karnataka,375,1,Education,4727.04,Success,Mobile_App,Verified,0,2,-1,-0.004015289716837622
TXN000127868,CUST055279,2020-02-29,11:11,Current,Auto_Debit,7043.67,Debit,16463.8,Salary,Delhi,777,0,Unknown,0.0,Success,POS_Terminal,Verified,0,11,-1,-0.01103902675279722
TXN000127879,CUST063676,2020-02-29,22:40,Current,POS,677.81,Debit,4130.32,Healthcare,Telangana,649,1,Home,13508.71,Success,API,Verified,0,22,-1,-0.03292464523511929
TXN000128163,CUST024115,2020-03-01,13:47,Savings,RTGS,1976998.84,Debit,541740.39,Entertainment,Punjab,817,0,Unknown,0.0,Success,Web,Expired,0,13,-1,-0.035491803036781344
TXN000128182,CUST077811,2020-03-01,20:13,Savings,IMPS,6423.77,Credit,101265.06,Investment,Gujarat,713,1,Auto,33659.32,Success,Mobile_App,Verified,0,20,-1,-0.0017266554351560437
TXN000128305,CUST011742,2020-03-01,18:04,Fixed Deposit,RTGS,502605.56,Credit,25938.21,Food & Dining,Maharashtra,590,1,Gold,3746.54,Success,Mobile_App,Verified,0,18,-1,-0.025002654992284823
TXN000128354,CUST052324,2020-03-01,10:56,Savings,NEFT,1840769.17,Debit,590452.02,Education,Gujarat,842,1,Gold,8683.89,Success,ATM,Verified,0,10,-1,-0.042995750530214094
TXN000128381,CUST006482,2020-03-01,15:17,Salary,UPI,419.61,Credit,22543.74,Travel,Gujarat,616,1,Education,3873.28,Success,Web,Verified,0,15,-1,-0.0078596394364302
TXN000128423,CUST071191,2020-03-02,11:52,Fixed Deposit,POS,946.13,Debit,376615.57,Investment,Gujarat,600,0,Unknown,0.0,Success,ATM,Verified,0,11,-1,-0.0056931565206294055
TXN000128478,CUST057138,2020-03-02,11:01,Savings,RTGS,1321469.17,Credit,63694.57,Peer Transfer,Tamil Nadu,697,1,Personal,15673.25,Success,Web,Verified,0,11,-1,-0.019844296133296524
TXN000128712,CUST007939,2020-03-02,20:19,Savings,UPI,768.93,Debit,25577.95,Travel,Telangana,803,0,Unknown,0.0,Success,Mobile_App,Verified,0,20,-1,-0.016789902463455797
TXN000128769,CUST007050,2020-03-03,23:08,Salary,RTGS,215087.79,Credit,39467.15,Retail,Karnataka,782,1,Education,5288.07,Success,Mobile_App,Verified,0,23,-1,-0.011543354772714176
TXN000128786,CUST022956,2020-03-03,15:29,Current,UPI,264.53,Credit,55699.88,E-Commerce,Karnataka,750,1,Personal,22159.57,Success,Mobile_App,Verified,0,15,-1,-0.003210374049473108
TXN000128818,CUST003868,2020-03-03,12:22,NRI,IMPS,13607.02,Debit,63543.92,Utilities,West Bengal,326,1,Unknown,4212.85,Success,Web,Verified,0,12,-1,-0.0030143494380002744
TXN000128871,CUST042083,2020-03-03,03:41,Savings,RTGS,1332011.54,Debit,9802.35,Peer Transfer,UP,584,0,Unknown,0.0,Success,Mobile_App,Verified,0,3,-1,-0.06067020189724226
TXN000128950,CUST002323,2020-03-03,08:23,Fixed Deposit,POS,1456.25,Debit,361666.78,Education,Delhi,321,1,Education,77825.56,Success,Web,Verified,0,8,-1,-0.03271341753298429
TXN000128960,CUST052462,2020-03-03,18:19,Salary,RTGS,619113.02,Credit,15743.91,Food & Dining,Delhi,799,0,Unknown,0.0,Success,API,Verified,0,18,-1,-0.05081114778445073
TXN000129166,CUST057473,2020-03-04,01:36,Savings,Net_Banking,1039.69,Credit,7103.71,E-Commerce,Maharashtra,803,0,Unknown,0.0,Success,Mobile_App,Verified,0,1,-1,-0.01739530196512773
TXN000129216,CUST004601,2020-03-04,01:19,Salary,IMPS,4910.77,Credit,65869.42,Travel,Karnataka,505,0,Unknown,0.0,Success,API,Verified,0,1,-1,-0.014773741673036467
TXN000129241,CUST037763,2020-03-04,12:06,Salary,IMPS,1801.99,Credit,33476.39,Salary,Karnataka,483,1,Business,21531.49,Success,POS_Terminal,Verified,0,12,-1,-0.00852856157577997
TXN000129368,CUST051650,2020-03-05,23:23,Savings,RTGS,1448765.09,Debit,48262.36,Food & Dining,Punjab,389,1,Home,9116.5,Success,Web,Verified,0,23,-1,-0.08268640754156842
TXN000129394,CUST018841,2020-03-05,18:09,Savings,UPI,3284.29,Credit,400816.69,Utilities,Maharashtra,803,0,Unknown,0.0,Success,Branch,Verified,0,18,-1,-0.003838721706253878
TXN000129416,CUST020399,2020-03-05,03:41,Fixed Deposit,Credit_Card,966.32,Debit,37902.79,Peer Transfer,West Bengal,326,0,Unknown,0.0,Success,ATM,Verified,0,3,-1,-0.034283238458498455
TXN000129734,CUST078798,2020-03-06,08:18,Current,POS,1708.31,Debit,44350.28,Fuel,Maharashtra,308,1,Business,43237.92,Success,Mobile_App,Verified,0,8,-1,-0.0008977215460359567
TXN000129985,CUST059211,2020-03-07,06:44,Savings,RTGS,1170886.06,Debit,31606.85,Entertainment,Delhi,372,0,Unknown,0.0,Success,Mobile_App,Verified,0,6,-1,-0.014102094610251137
TXN000130183,CUST078657,2020-03-07,12:08,Current,UPI,3530.82,Credit,1209.73,Food & Dining,Rajasthan,505,0,Unknown,0.0,Success,Web,Pending,0,12,-1,-0.00730390422102134
TXN000130187,CUST035437,2020-03-07,20:54,Savings,RTGS,1353721.79,Debit,27184.49,Real Estate,Telangana,695,0,Unknown,0.0,Success,Mobile_App,Verified,0,20,-1,-0.045218205340111006
TXN000130258,CUST056568,2020-03-08,04:14,Fixed Deposit,Auto_Debit,6790.84,Debit,16753.13,Peer Transfer,Rajasthan,326,0,Unknown,0.0,Success,POS_Terminal,Pending,0,4,-1,-0.007251994977368725
TXN000130429,CUST024560,2020-03-08,15:14,Savings,RTGS,1026240.38,Credit,37687.03,Peer Transfer,Maharashtra,344,0,Unknown,0.0,Success,Mobile_App,Verified,0,15,-1,-0.01887118374738217
TXN000130472,CUST051989,2020-03-08,15:59,Savings,NEFT,81881.58,Debit,52845.82,Government,Gujarat,864,0,Unknown,0.0,Success,POS_Terminal,Verified,0,15,-1,-0.00461747417070546
TXN000130607,CUST009634,2020-03-09,15:43,Savings,RTGS,681918.13,Credit,23069.28,Entertainment,Maharashtra,676,0,Unknown,0.0,Success,Web,Verified,0,15,-1,-0.061495645375608254
TXN000130627,CUST001131,2020-03-09,21:10,Savings,NEFT,24712.31,Credit,34062.48,Salary,Rajasthan,782,1,Business,4840.11,Success,Mobile_App,Verified,0,21,-1,-0.013723849981480907
TXN000130760,CUST059909,2020-03-09,01:08,Current,UPI,3408.5,Credit,10075.89,Food & Dining,Maharashtra,310,0,Unknown,0.0,Reversed,Mobile_App,Verified,0,1,-1,-0.005550052346457779
TXN000130954,CUST014806,2020-03-10,20:50,Current,ATM_Withdrawal,500.0,Debit,81786.84,Government,Rajasthan,719,1,Unknown,36228.66,Success,POS_Terminal,Pending,0,20,-1,-0.021578230980706437
TXN000130958,CUST073526,2020-03-10,14:20,Current,NEFT,9770.68,Credit,112580.84,Retail,Tamil Nadu,799,1,Gold,19662.49,Success,API,Verified,0,14,-1,-0.029626688805450607
TXN000130987,CUST029067,2020-03-10,01:17,Savings,ATM_Withdrawal,3000.0,Debit,35109.48,Entertainment,Tamil Nadu,406,0,Unknown,0.0,Pending,Mobile_App,Verified,0,1,-1,-0.029398396385117098
TXN000131006,CUST076321,2020-03-10,22:30,Current,Credit_Card,6227.98,Debit,348564.79,Travel,West Bengal,792,0,Unknown,0.0,Success,Web,Verified,0,22,-1,-0.025295092374771566
TXN000131048,CUST017948,2020-03-10,18:08,Current,NEFT,22274.83,Credit,24751.24,Travel,Maharashtra,501,1,Business,4176.49,Success,ATM,Verified,0,18,-1,-0.02534962298421628
TXN000131168,CUST055140,2020-03-11,07:48,Savings,RTGS,2661405.9,Credit,63239.3,E-Commerce,Gujarat,445,1,Gold,2639.34,Success,POS_Terminal,Verified,0,7,-1,-0.09345192502635669
TXN000131172,CUST002887,2020-03-11,04:24,Salary,RTGS,1614877.37,Debit,49914.05,Salary,Punjab,575,0,Unknown,0.0,Success,Mobile_App,Verified,0,4,-1,-0.09165333977792256
TXN000131213,CUST006682,2020-03-11,04:44,Salary,RTGS,283104.01,Debit,12456.12,Retail,Maharashtra,763,0,Unknown,0.0,Failed,Mobile_App,Pending,0,4,-1,-0.03305814226479831
TXN000131242,CUST077339,2020-03-11,06:50,Savings,Net_Banking,54616.62,Credit,2853.22,Education,Maharashtra,488,1,Auto,56516.27,Success,Mobile_App,Verified,0,6,-1,-0.06588672391349581
TXN000131249,CUST065889,2020-03-11,00:01,Fixed Deposit,RTGS,100051.85,Credit,37566.15,Healthcare,Delhi,708,0,Unknown,0.0,Success,Mobile_App,Verified,0,0,-1,-0.004603163970572255
TXN000131356,CUST043391,2020-03-11,00:08,NRI,UPI,457.57,Credit,13479.39,Salary,Gujarat,406,0,Unknown,0.0,Success,ATM,Verified,0,0,-1,-0.01854106910779385
TXN000131411,CUST067643,2020-03-12,20:17,Fixed Deposit,NEFT,14614.63,Credit,1238.41,Travel,Gujarat,501,0,Unknown,0.0,Success,Mobile_App,Verified,0,20,-1,-0.0031881678071618014
TXN000131591,CUST047546,2020-03-12,05:13,Savings,Net_Banking,4293.02,Debit,55582.73,Utilities,Karnataka,505,0,Unknown,0.0,Success,Mobile_App,Verified,0,5,-1,-0.017428757703707
TXN000131598,CUST023447,2020-03-12,21:06,Savings,RTGS,2411298.76,Debit,26479.74,Peer Transfer,Delhi,770,0,Unknown,0.0,Success,Mobile_App,Verified,0,21,-1,-0.06240892873625592
TXN000131661,CUST005843,2020-03-12,14:44,Current,RTGS,1291033.63,Credit,14301.8,Entertainment,Maharashtra,869,1,Education,1992.6,Success,Mobile_App,Verified,0,14,-1,-0.02905103934343145
TXN000131665,CUST053511,2020-03-12,18:30,Current,UPI,1007.75,Debit,33773.07,Retail,Rajasthan,563,1,Personal,43940.34,Success,Mobile_App,Verified,0,18,-1,-0.016844215189268708
TXN000131696,CUST063449,2020-03-13,18:29,Savings,RTGS,550729.12,Debit,3878.36,Retail,Delhi,729,0,Unknown,0.0,Success,Web,Verified,0,18,-1,-0.010031200839768828
TXN000131789,CUST022231,2020-03-13,22:46,NRI,RTGS,1074704.21,Debit,131077.98,Entertainment,Tamil Nadu,629,0,Unknown,0.0,Success,Web,Verified,1,22,-1,-0.07081982815100163
TXN000131845,CUST030083,2020-03-13,09:40,Current,RTGS,1123525.73,Credit,29957.86,Healthcare,Maharashtra,837,0,Unknown,0.0,Success,Web,Pending,0,9,-1,-0.045451815133631945
TXN000131904,CUST042649,2020-03-13,04:42,Savings,IMPS,18030.01,Debit,5000000.0,Peer Transfer,Maharashtra,824,0,Unknown,0.0,Pending,Web,Verified,0,4,-1,-0.045631539525329834
TXN000131945,CUST027741,2020-03-14,17:26,Salary,ATM_Withdrawal,5000.0,Debit,54258.2,Retail,Gujarat,542,1,Business,27434.2,Success,Mobile_App,Verified,0,17,-1,-0.010460521063159645
TXN000131951,CUST014194,2020-03-14,04:43,Savings,UPI,289.14,Debit,12509.1,Real Estate,West Bengal,371,1,Home,38052.91,Success,Web,Verified,0,4,-1,-0.02351397139766931
TXN000132051,CUST054371,2020-03-14,01:23,Savings,RTGS,653829.74,Debit,105462.85,Travel,Gujarat,380,1,Business,18920.47,Success,Web,Pending,0,1,-1,-0.031298514403810485
TXN000132088,CUST043321,2020-03-14,04:11,Current,Net_Banking,25238.42,Debit,18730.97,Investment,West Bengal,705,1,Personal,34132.65,Success,Mobile_App,Verified,0,4,-1,-0.006068772457424987
TXN000132121,CUST068370,2020-03-14,07:28,Savings,NEFT,23668.19,Credit,75821.77,Travel,Karnataka,501,1,Auto,3063.13,Success,POS_Terminal,Verified,0,7,-1,-0.02461084066881547
TXN000132250,CUST063211,2020-03-15,02:48,Savings,IMPS,5391.86,Debit,1114628.78,Education,Maharashtra,392,1,Education,52628.95,Success,Mobile_App,Pending,0,2,-1,-0.05711408835694165
TXN000132315,CUST076121,2020-03-15,20:50,Salary,RTGS,3901677.74,Debit,25169.24,Entertainment,Gujarat,837,0,Unknown,0.0,Success,Web,Verified,0,20,-1,-0.09838819305501012
TXN000132399,CUST000740,2020-03-15,06:15,Savings,NEFT,41753.49,Credit,12675.39,Retail,Rajasthan,441,1,Home,4550.74,Success,Mobile_App,Verified,0,6,-1,-0.001458047206984836
TXN000132416,CUST051881,2020-03-15,06:34,Savings,Cheque,1540422.05,Debit,86092.52,Healthcare,Karnataka,719,1,Home,13490.5,Success,Mobile_App,Verified,0,6,-1,-0.028755603570174038
TXN000132419,CUST055569,2020-03-15,17:35,Fixed Deposit,POS,451.91,Debit,21833.07,Salary,Delhi,777,0,Unknown,0.0,Reversed,POS_Terminal,Verified,0,17,-1,-0.02568008730331872
TXN000132653,CUST014611,2020-03-16,08:14,Fixed Deposit,Cheque,417226.81,Credit,2870.75,Retail,Telangana,585,0,Unknown,0.0,Reversed,Mobile_App,Verified,0,8,-1,-0.003487781003588597
TXN000132829,CUST042673,2020-03-16,03:47,Salary,Cheque,7345022.23,Debit,6308.16,Travel,Telangana,394,1,Personal,6755.02,Pending,Mobile_App,Verified,0,3,-1,-0.09485905016247997
TXN000132883,CUST012725,2020-03-17,12:15,Current,RTGS,1109757.57,Debit,141812.1,Utilities,Delhi,619,0,Unknown,0.0,Success,Mobile_App,Verified,0,12,-1,-0.06824143978781616
TXN000133047,CUST061333,2020-03-17,03:41,Salary,NEFT,25635.64,Debit,67519.99,Utilities,Rajasthan,483,1,Business,20272.8,Success,Mobile_App,Pending,0,3,-1,-0.008267965780390907
TXN000133139,CUST032680,2020-03-17,11:31,Salary,Cheque,1377662.46,Debit,49519.71,Travel,Maharashtra,525,0,Unknown,0.0,Success,Web,Verified,0,11,-1,-0.015118717849019747
TXN000133141,CUST051755,2020-03-17,13:04,Current,IMPS,5877.47,Debit,230651.31,Retail,UP,864,0,Unknown,0.0,Success,Mobile_App,Pending,0,13,-1,-0.006143654597587256
TXN000133214,CUST057623,2020-03-18,06:00,Current,Net_Banking,1374.54,Credit,21650.53,Education,Karnataka,859,1,Business,116235.61,Success,Mobile_App,Verified,0,6,-1,-0.06907149061563189
TXN000133283,CUST052966,2020-03-18,03:26,Current,ATM_Withdrawal,500.0,Debit,25323.5,Entertainment,Delhi,326,0,Unknown,0.0,Success,Mobile_App,Verified,0,3,-1,-0.004713720013408751
TXN000133409,CUST032249,2020-03-18,01:33,Current,RTGS,568742.95,Debit,83292.12,Peer Transfer,Delhi,573,0,Unknown,0.0,Success,API,Pending,1,1,-1,-0.008050688429980468
TXN000133554,CUST077628,2020-03-19,09:04,Savings,IMPS,1639.16,Credit,19362.23,Food & Dining,Telangana,792,0,Unknown,0.0,Success,Web,Verified,0,9,-1,-0.012596176938861281
TXN000133599,CUST009312,2020-03-19,04:15,Current,RTGS,1839319.89,Credit,116469.3,E-Commerce,Karnataka,779,0,Unknown,0.0,Success,Branch,Verified,0,4,-1,-0.05833618978349908
TXN000133797,CUST012553,2020-03-20,15:55,Salary,Auto_Debit,890.51,Debit,304509.39,Healthcare,Karnataka,739,1,Education,6075.39,Success,Mobile_App,Verified,0,15,-1,-0.021611279571300157
TXN000133894,CUST041571,2020-03-20,05:05,NRI,NEFT,1099296.4,Credit,19902.45,Travel,Maharashtra,357,0,Unknown,0.0,Success,API,Verified,0,5,-1,-0.01409525945365886
TXN000134015,CUST052140,2020-03-20,22:47,Salary,RTGS,829305.68,Debit,16570.98,E-Commerce,Rajasthan,501,1,Auto,1045.4,Success,Web,Verified,0,22,-1,-0.07786327627890899
TXN000134027,CUST013239,2020-03-20,07:48,Savings,RTGS,1474687.57,Credit,66323.78,Utilities,UP,724,0,Unknown,0.0,Reversed,Mobile_App,Verified,0,7,-1,-0.10215395478983569
TXN000134047,CUST008072,2020-03-21,00:53,Salary,RTGS,2157457.27,Credit,9737.75,Travel,Karnataka,348,0,Unknown,0.0,Success,Mobile_App,Verified,0,0,-1,-0.03003678664289333
TXN000134107,CUST028087,2020-03-21,09:44,Salary,IMPS,146.14,Credit,15417.7,E-Commerce,Telangana,792,0,Unknown,0.0,Success,Web,Verified,0,9,-1,-0.017240663398375267
TXN000134375,CUST071191,2020-03-22,15:11,Savings,IMPS,298.42,Credit,129816.3,Food & Dining,Gujarat,572,1,Home,104521.02,Success,API,Pending,0,15,-1,-0.12415942591191487
TXN000134596,CUST029356,2020-03-22,21:26,NRI,Cheque,4843333.91,Debit,16276.75,Investment,West Bengal,361,0,Unknown,0.0,Pending,Web,Verified,0,21,-1,-0.11395994607054105
TXN000134785,CUST044496,2020-03-23,15:21,Savings,RTGS,1852325.88,Credit,86716.81,Government,Rajasthan,329,1,Business,2527.32,Success,API,Verified,0,15,-1,-0.008858846602102233
TXN000134946,CUST026067,2020-03-23,01:41,Savings,UPI,234.63,Debit,5524.74,Fuel,Maharashtra,803,0,Unknown,0.0,Success,ATM,Verified,0,1,-1,-0.021842408396928414
TXN000134966,CUST064828,2020-03-24,04:48,Fixed Deposit,Cheque,1697465.54,Credit,19285.03,Food & Dining,Maharashtra,330,0,Unknown,0.0,Success,Mobile_App,Verified,0,4,-1,-0.10289564197349954
TXN000135025,CUST027457,2020-03-24,15:47,Savings,UPI,291.82,Credit,20268.49,Travel,Telangana,777,0,Unknown,0.0,Success,POS_Terminal,Verified,0,15,-1,-0.02010190620693575
TXN000135067,CUST029178,2020-03-24,09:52,Salary,Cheque,1505793.84,Credit,14905.0,Retail,Maharashtra,769,0,Unknown,0.0,Success,Branch,Verified,0,9,-1,-0.03860775354782653
TXN000135102,CUST011398,2020-03-24,16:10,Current,RTGS,130170.43,Credit,30097.3,Government,Delhi,640,0,Unknown,0.0,Success,API,Verified,0,16,-1,-0.02164345270172141
TXN000135113,CUST028764,2020-03-24,00:35,Current,ATM_Withdrawal,3000.0,Debit,10668.36,Entertainment,UP,308,1,Business,91356.76,Success,Web,Verified,0,0,-1,-0.01533335441547512
TXN000135131,CUST033145,2020-03-24,12:03,Current,POS,207.21,Debit,36146.24,E-Commerce,Maharashtra,604,1,Personal,29468.83,Success,POS_Terminal,Verified,0,12,-1,-0.003644905261094178
TXN000135261,CUST079357,2020-03-24,23:52,Fixed Deposit,Credit_Card,1118.63,Debit,36999.09,Fuel,Gujarat,688,1,Education,17084.12,Success,Web,Verified,0,23,-1,-0.030935917514274935
TXN000135381,CUST050492,2020-03-25,02:14,Savings,IMPS,2131.43,Credit,41489.72,Utilities,Maharashtra,452,1,Home,30213.7,Success,ATM,Verified,0,2,-1,-0.02374049529558042
TXN000135494,CUST071078,2020-03-25,10:44,Current,RTGS,424623.94,Credit,31921.73,Healthcare,Tamil Nadu,332,0,Unknown,0.0,Success,Web,Verified,0,10,-1,-0.00046393734390004493
TXN000135508,CUST008687,2020-03-25,12:33,Savings,IMPS,22228.12,Debit,120458.11,Entertainment,Rajasthan,505,0,Unknown,0.0,Success,Web,Verified,0,12,-1,-0.012750050303540816
TXN000135552,CUST057696,2020-03-25,17:15,Savings,Auto_Debit,7254.35,Debit,3307.94,E-Commerce,Rajasthan,326,0,Unknown,0.0,Success,Web,Verified,0,17,-1,-0.012539242258231886
TXN000135585,CUST011387,2020-03-25,08:22,Salary,ATM_Withdrawal,2000.0,Debit,3056.24,Healthcare,Gujarat,325,1,Business,2858.67,Success,Web,Verified,0,8,-1,-0.025821676003176752
TXN000135631,CUST066700,2020-03-26,13:22,Savings,UPI,683.78,Credit,22594.68,Travel,Karnataka,803,0,Unknown,0.0,Success,ATM,Verified,0,13,-1,-0.01677989574218275
TXN000135987,CUST001259,2020-03-27,17:37,Savings,RTGS,1006467.82,Debit,18246.54,Fuel,Tamil Nadu,782,0,Unknown,0.0,Success,Web,Verified,0,17,-1,-0.026761456274395523
TXN000135995,CUST061383,2020-03-27,15:39,Fixed Deposit,RTGS,320546.2,Credit,14051.59,Travel,Maharashtra,682,1,Home,5125.93,Success,Web,Verified,0,15,-1,-0.006332716625657375
TXN000135997,CUST070693,2020-03-27,08:53,Salary,UPI,80.35,Credit,372842.14,Travel,Gujarat,334,1,Unknown,53034.27,Success,Mobile_App,Verified,0,8,-1,-0.056311005315685225
TXN000136029,CUST022705,2020-03-27,12:43,Salary,Cheque,1260245.63,Debit,19354.44,Peer Transfer,Tamil Nadu,788,0,Unknown,0.0,Success,Mobile_App,Verified,0,12,-1,-0.03592821562873261
TXN000136042,CUST077777,2020-03-27,05:16,Savings,POS,43097.31,Debit,25491.99,Salary,Maharashtra,553,1,Gold,46606.42,Success,POS_Terminal,Verified,0,5,-1,-0.05997605403318973
TXN000136071,CUST006810,2020-03-27,01:10,Savings,POS,6135.06,Debit,5260.42,Fuel,Karnataka,356,1,Personal,70341.55,Success,Mobile_App,Verified,0,1,-1,-0.06628804575734437
TXN000136249,CUST077498,2020-03-28,05:02,Salary,RTGS,2333858.35,Debit,246781.97,Investment,West Bengal,362,0,Unknown,0.0,Reversed,Web,Verified,0,5,-1,-0.08999645174982407
TXN000136305,CUST077978,2020-03-28,02:11,Savings,UPI,789.75,Credit,293954.51,E-Commerce,Gujarat,777,0,Unknown,0.0,Success,POS_Terminal,Verified,0,2,-1,-0.018793831286354146
TXN000136428,CUST027074,2020-03-28,12:57,Salary,RTGS,2631853.39,Debit,19157.09,Education,Karnataka,427,0,Unknown,0.0,Success,Mobile_App,Pending,0,12,-1,-0.0881060720051664
TXN000136701,CUST008234,2020-03-29,22:33,Salary,NEFT,18434.32,Credit,59002.4,Government,Punjab,839,1,Business,6874.43,Success,Web,Verified,0,22,-1,-0.002792530768700785
TXN000136702,CUST065603,2020-03-29,04:50,Salary,RTGS,776569.04,Credit,87194.61,E-Commerce,Gujarat,339,0,Unknown,0.0,Success,POS_Terminal,Verified,0,4,-1,-0.01607111086370283
TXN000136796,CUST076796,2020-03-30,16:43,Savings,RTGS,1573071.06,Credit,29782.55,Entertainment,Karnataka,353,0,Unknown,0.0,Success,Web,Pending,0,16,-1,-0.06627272323373146
TXN000136887,CUST031668,2020-03-30,04:41,Savings,Cheque,925972.83,Credit,4333.56,Food & Dining,Maharashtra,550,1,Education,8108.52,Success,Mobile_App,Verified,0,4,-1,-0.018478295187391303
TXN000136891,CUST054650,2020-03-30,02:23,Savings,NEFT,56543.0,Debit,66001.95,Fuel,Karnataka,645,1,Home,16136.77,Success,Web,Verified,0,2,-1,-0.01941731755459364
TXN000137077,CUST016214,2020-03-31,20:45,Salary,RTGS,1356702.14,Credit,15288.64,Salary,Karnataka,829,0,Unknown,0.0,Success,POS_Terminal,Verified,0,20,-1,-0.09568059862247236
TXN000137280,CUST048107,2020-03-31,23:40,Current,RTGS,464575.01,Debit,37098.25,Peer Transfer,Tamil Nadu,314,0,Unknown,0.0,Success,Mobile_App,Verified,0,23,-1,-0.018599627197585233
TXN000137447,CUST027251,2020-04-01,01:35,NRI,Net_Banking,2194.85,Credit,101695.75,Insurance,Tamil Nadu,372,0,Unknown,0.0,Success,Web,Verified,0,1,-1,-0.011294957363318314
TXN000137504,CUST019519,2020-04-01,00:24,Current,Cheque,853491.45,Credit,306206.18,Food & Dining,Maharashtra,320,0,Unknown,0.0,Success,POS_Terminal,Verified,0,0,-1,-0.014847119888017013
TXN000137623,CUST037172,2020-04-02,20:25,Current,UPI,213.89,Credit,698416.26,Food & Dining,Karnataka,839,1,Gold,26140.19,Success,API,Verified,0,20,-1,-0.017639634751937083
TXN000137727,CUST056204,2020-04-02,23:19,Salary,RTGS,1189161.78,Credit,93292.8,Travel,Punjab,540,0,Unknown,0.0,Success,Mobile_App,Verified,0,23,-1,-0.043440361008286965
TXN000137769,CUST058888,2020-04-02,09:32,Savings,Auto_Debit,3059.19,Debit,95033.85,Food & Dining,UP,417,1,Personal,60087.75,Failed,Mobile_App,Verified,0,9,-1,-0.03302724627129727
TXN000137807,CUST061349,2020-04-02,15:38,Savings,NEFT,609.38,Debit,59804.09,Government,Gujarat,406,0,Unknown,0.0,Success,ATM,Verified,0,15,-1,-0.014613964291083192
TXN000137982,CUST076816,2020-04-03,20:10,Current,Credit_Card,1006.71,Debit,5000000.0,Retail,Telangana,443,0,Unknown,0.0,Success,Mobile_App,Verified,0,20,-1,-0.039576855320666016
TXN000138166,CUST064278,2020-04-03,23:38,Current,NEFT,279102.82,Debit,14636.35,E-Commerce,Karnataka,505,0,Unknown,0.0,Failed,Mobile_App,Verified,0,23,-1,-0.03633773857548239
TXN000138192,CUST023781,2020-04-03,14:16,Current,RTGS,1172948.15,Debit,14245.33,Peer Transfer,Tamil Nadu,628,1,Personal,15219.78,Failed,Mobile_App,Expired,0,14,-1,-0.06572513381920031
TXN000138212,CUST006568,2020-04-03,04:55,Fixed Deposit,UPI,1110.97,Credit,10547.39,Salary,Karnataka,572,1,Unknown,26180.38,Pending,Mobile_App,Verified,0,4,-1,-0.024757294608257485
TXN000138486,CUST031243,2020-04-04,22:25,Fixed Deposit,ATM_Withdrawal,500.0,Debit,18011.52,Retail,Tamil Nadu,640,1,Personal,29793.81,Success,POS_Terminal,Pending,0,22,-1,-0.008527762641647785
TXN000138496,CUST038327,2020-04-04,13:51,Current,RTGS,1285367.24,Debit,117372.83,Insurance,Telangana,423,0,Unknown,0.0,Success,ATM,Pending,0,13,-1,-0.09376711657391368
TXN000138505,CUST057008,2020-04-04,14:45,Savings,ATM_Withdrawal,3000.0,Debit,119285.24,Education,Gujarat,406,0,Unknown,0.0,Success,ATM,Verified,0,14,-1,-0.010672516168328094
TXN000138511,CUST079629,2020-04-04,17:58,Savings,ATM_Withdrawal,1000.0,Debit,23991.05,Food & Dining,Maharashtra,728,1,Personal,41703.22,Failed,Branch,Verified,0,17,-1,-0.016301061800092498
TXN000138555,CUST079092,2020-04-05,13:44,Savings,IMPS,3634.63,Credit,18932.89,Entertainment,Punjab,864,0,Unknown,0.0,Success,POS_Terminal,Verified,0,13,-1,-0.042645276220111716
TXN000138566,CUST035405,2020-04-05,17:35,Current,ATM_Withdrawal,500.0,Debit,6361.52,Fuel,Delhi,770,1,Personal,45473.68,Success,POS_Terminal,Verified,0,17,-1,-0.0015181170965313795
TXN000138583,CUST022104,2020-04-05,07:19,Salary,UPI,1596.65,Credit,51220.56,Fuel,Gujarat,628,1,Home,58816.83,Success,Mobile_App,Verified,0,7,-1,-0.03897151373555685
TXN000138748,CUST049624,2020-04-05,20:26,Fixed Deposit,Credit_Card,2166.42,Debit,57165.35,Peer Transfer,Punjab,649,1,Personal,1908.64,Success,Web,Verified,0,20,-1,-0.013144942788105074
TXN000139030,CUST036130,2020-04-06,15:49,Salary,UPI,374.19,Debit,102598.26,Entertainment,Telangana,505,0,Unknown,0.0,Success,Mobile_App,Verified,0,15,-1,-0.007701857639796916
TXN000139086,CUST049056,2020-04-06,13:24,NRI,RTGS,1356651.98,Credit,172352.89,Entertainment,UP,323,0,Unknown,0.0,Failed,Mobile_App,Verified,0,13,-1,-0.005118087658047776
TXN000139128,CUST063530,2020-04-07,04:40,Salary,Auto_Debit,2543.47,Debit,13495.68,Insurance,Rajasthan,406,1,Home,3260.01,Success,POS_Terminal,Verified,0,4,-1,-0.0003165224357569718
TXN000139152,CUST040418,2020-04-07,05:32,Savings,ATM_Withdrawal,500.0,Debit,103873.37,Retail,Karnataka,505,0,Unknown,0.0,Success,Mobile_App,Verified,0,5,-1,-0.01867961833326026
TXN000139219,CUST024492,2020-04-07,17:00,Salary,Cheque,1345589.49,Credit,213870.93,Healthcare,Delhi,474,1,Unknown,4123.11,Success,Mobile_App,Verified,1,17,-1,-0.05471515062173549
TXN000139322,CUST078722,2020-04-07,16:25,Savings,RTGS,752615.3,Debit,20936.69,Travel,Tamil Nadu,694,1,Auto,3315.47,Success,Web,Pending,0,16,-1,-0.02094707542693408
TXN000139642,CUST018372,2020-04-08,02:37,Savings,IMPS,3780.62,Credit,1708468.86,Entertainment,Maharashtra,701,1,Personal,16503.7,Success,Mobile_App,Verified,0,2,-1,-0.019451503313912544
TXN000139761,CUST034761,2020-04-09,17:47,Savings,RTGS,4556519.22,Credit,6011.71,Food & Dining,Tamil Nadu,644,0,Unknown,0.0,Failed,Mobile_App,Verified,0,17,-1,-0.06641213408890778
TXN000139816,CUST064209,2020-04-09,15:59,Savings,Cheque,48022.39,Credit,54721.02,Peer Transfer,Maharashtra,676,0,Unknown,0.0,Success,Mobile_App,Verified,0,15,-1,-0.0029014225982479935
TXN000139861,CUST072222,2020-04-09,17:23,Savings,Cheque,1101938.04,Credit,60108.74,Peer Transfer,Gujarat,861,0,Unknown,0.0,Success,Web,Expired,1,17,-1,-0.020227009946376606
TXN000139868,CUST012275,2020-04-09,11:53,Salary,RTGS,194736.55,Debit,53090.57,Food & Dining,Maharashtra,364,0,Unknown,0.0,Success,Mobile_App,Verified,0,11,-1,-0.0005904983900861804
TXN000140067,CUST043969,2020-04-10,04:17,Salary,Net_Banking,55435.63,Debit,263702.76,Food & Dining,Karnataka,501,0,Unknown,0.0,Success,Mobile_App,Verified,0,4,-1,-0.00019389695829774567
TXN000140168,CUST067974,2020-04-10,07:43,Current,RTGS,360532.08,Credit,171806.84,Entertainment,Gujarat,332,0,Unknown,0.0,Success,Mobile_App,Verified,0,7,-1,-0.010550630310757203
TXN000140200,CUST052694,2020-04-10,13:00,Salary,NEFT,13356.84,Debit,21840.71,Travel,West Bengal,719,1,Home,62303.06,Success,ATM,Verified,0,13,-1,-0.0530945844416848
TXN000140353,CUST052400,2020-04-11,21:47,Savings,POS,684.3,Debit,8424.17,Government,West Bengal,782,1,Business,8191.65,Success,Mobile_App,Expired,0,21,-1,-0.021672044482564434
TXN000140404,CUST037280,2020-04-11,04:42,Current,ATM_Withdrawal,500.0,Debit,140558.24,E-Commerce,Karnataka,479,1,Personal,46714.86,Success,POS_Terminal,Verified,0,4,-1,-0.051226307654754
TXN000140453,CUST047117,2020-04-11,17:20,Salary,RTGS,1069603.13,Credit,5938.29,Salary,Delhi,581,0,Unknown,0.0,Success,Mobile_App,Verified,0,17,-1,-0.006595984111405384
TXN000140454,CUST000192,2020-04-11,00:46,Savings,RTGS,219347.42,Credit,18073.33,Peer Transfer,Delhi,401,1,Personal,13310.42,Success,Mobile_App,Verified,0,0,-1,-0.027719199282668416
TXN000140631,CUST073765,2020-04-11,07:07,Current,POS,2275.65,Debit,475948.34,Insurance,Maharashtra,429,1,Home,24992.98,Success,Web,Verified,0,7,-1,-0.01330066195050783
TXN000140737,CUST034870,2020-04-12,09:57,NRI,UPI,1143.9,Debit,42205.74,Utilities,Tamil Nadu,406,1,Education,4746.8,Success,Web,Verified,0,9,-1,-0.0024542263154464505
TXN000140783,CUST053149,2020-04-12,17:18,Savings,UPI,228.53,Debit,268724.96,Salary,Karnataka,505,0,Unknown,0.0,Success,Mobile_App,Verified,0,17,-1,-0.039309544525357176
TXN000140792,CUST000738,2020-04-12,06:45,Salary,IMPS,6254.16,Credit,45131.12,Utilities,Delhi,884,1,Home,61068.8,Success,Web,Verified,0,6,-1,-0.047655350464857915
TXN000140990,CUST042799,2020-04-13,00:49,Savings,RTGS,95756.61,Debit,70877.4,Investment,Maharashtra,763,0,Unknown,0.0,Success,Mobile_App,Verified,0,0,-1,-0.007678655144141344
TXN000140997,CUST008122,2020-04-13,09:53,Savings,UPI,427.61,Credit,25236.51,Government,Maharashtra,505,0,Unknown,0.0,Success,Mobile_App,Verified,0,9,-1,-0.011304815114192568
TXN000141086,CUST054494,2020-04-13,06:45,Current,RTGS,879374.09,Credit,220049.71,Travel,UP,709,0,Unknown,0.0,Success,Mobile_App,Expired,0,6,-1,-0.02541675807337429
TXN000141235,CUST036363,2020-04-14,22:34,Savings,RTGS,1268021.43,Debit,24749.36,E-Commerce,Delhi,550,1,Unknown,4606.48,Success,Mobile_App,Pending,0,22,-1,-0.034270678854866454
TXN000141291,CUST033042,2020-04-14,01:14,Savings,UPI,9364.91,Credit,3304.83,Salary,Karnataka,803,0,Unknown,0.0,Success,Mobile_App,Verified,0,1,-1,-0.034428439200550054
TXN000141328,CUST016291,2020-04-14,11:04,Current,RTGS,2146272.89,Credit,46028.41,Travel,Tamil Nadu,377,0,Unknown,0.0,Success,Web,Verified,0,11,-1,-0.06728964589351538
TXN000141466,CUST024229,2020-04-14,11:35,Savings,RTGS,612263.09,Debit,4221.75,Food & Dining,Maharashtra,370,0,Unknown,0.0,Success,Web,Verified,0,11,-1,-0.023499493085039513
TXN000141565,CUST034135,2020-04-15,14:06,Current,RTGS,1144752.85,Debit,51242.52,Education,Karnataka,838,0,Unknown,0.0,Success,Mobile_App,Verified,0,14,-1,-0.02431067713646462
TXN000141581,CUST034878,2020-04-15,07:07,Current,RTGS,968144.58,Credit,18441.89,Food & Dining,Maharashtra,730,1,Auto,1799.58,Success,API,Verified,0,7,-1,-0.09148036083316091
TXN000141589,CUST054517,2020-04-15,18:49,Salary,ATM_Withdrawal,2000.0,Debit,8737.15,Retail,Delhi,441,1,Auto,36356.41,Success,Mobile_App,Verified,0,18,-1,-0.01904832470770479
TXN000141595,CUST073616,2020-04-15,14:57,NRI,POS,673.4,Debit,92991.9,Entertainment,Maharashtra,326,1,Personal,4410.93,Success,Mobile_App,Verified,0,14,-1,-0.011001965195960528
TXN000141603,CUST014093,2020-04-15,00:50,Salary,RTGS,1854296.93,Credit,13919.31,Food & Dining,Maharashtra,657,0,Unknown,0.0,Success,API,Verified,0,0,-1,-0.055050180834895324
TXN000141633,CUST008398,2020-04-15,00:32,Fixed Deposit,RTGS,975516.5,Credit,114560.79,E-Commerce,Telangana,891,0,Unknown,0.0,Success,POS_Terminal,Verified,1,0,-1,-0.02329583880265973
TXN000141646,CUST076777,2020-04-15,08:26,Savings,RTGS,796074.05,Credit,107138.95,Entertainment,UP,403,0,Unknown,0.0,Success,API,Verified,0,8,-1,-0.023085883871580504
TXN000141905,CUST058217,2020-04-16,11:56,Fixed Deposit,NEFT,21053.03,Credit,222951.23,Food & Dining,Tamil Nadu,396,1,Home,56034.21,Success,Mobile_App,Verified,0,11,-1,-0.0070319069487740915
TXN000141945,CUST032408,2020-04-16,14:22,Salary,UPI,226.35,Credit,8702.9,Entertainment,Karnataka,646,1,Business,71826.94,Success,API,Verified,0,14,-1,-0.07372481085589688
TXN000141951,CUST057780,2020-04-16,02:10,Savings,RTGS,1894193.5,Credit,118631.78,Real Estate,Rajasthan,450,0,Unknown,0.0,Success,Mobile_App,Verified,0,2,-1,-0.021173874965944472
TXN000141959,CUST022815,2020-04-16,23:07,Savings,NEFT,2112466.46,Debit,67802.99,Food & Dining,Maharashtra,723,1,Auto,1629.39,Success,Branch,Verified,0,23,-1,-0.04688493089862389
TXN000142055,CUST068082,2020-04-16,07:53,Current,UPI,50.71,Debit,28349.45,Food & Dining,UP,799,1,Business,30292.71,Success,Web,Verified,0,7,-1,-0.015228288554620883
TXN000142275,CUST014571,2020-04-17,10:37,Salary,NEFT,3653.06,Debit,54371.13,Healthcare,Maharashtra,501,1,Personal,5731.87,Success,POS_Terminal,Verified,0,10,-1,-0.0021019504967147995
TXN000142283,CUST044602,2020-04-17,18:17,Current,RTGS,1849032.27,Credit,9142.69,Salary,Tamil Nadu,463,0,Unknown,0.0,Success,Web,Verified,0,18,-1,-0.06159454992961
TXN000142345,CUST075673,2020-04-17,03:34,Salary,UPI,569.28,Debit,188815.93,Food & Dining,Delhi,707,1,Unknown,23584.47,Success,Web,Verified,0,3,-1,-0.008749277490061935
TXN000142424,CUST015952,2020-04-18,23:32,Salary,RTGS,1493978.52,Credit,9737.78,Insurance,Karnataka,482,0,Unknown,0.0,Success,Web,Pending,0,23,-1,-0.023443838772045145
TXN000142464,CUST071481,2020-04-18,18:23,Current,Net_Banking,1758576.22,Debit,39762.05,Travel,Tamil Nadu,621,0,Unknown,0.0,Success,Web,Verified,0,18,-1,-0.003232412632484305
TXN000142491,CUST041920,2020-04-18,11:33,Savings,NEFT,20808.41,Debit,5694.91,Food & Dining,Tamil Nadu,505,0,Unknown,0.0,Success,Web,Verified,0,11,-1,-0.03187425573399327
TXN000142710,CUST069789,2020-04-19,06:00,Savings,NEFT,4303.9,Credit,10789.81,Education,Delhi,782,0,Unknown,0.0,Success,Web,Verified,0,6,-1,-0.025658416673827622
TXN000142853,CUST038911,2020-04-19,17:09,Savings,IMPS,8660.69,Credit,102113.61,Insurance,Telangana,503,1,Personal,48459.04,Success,ATM,Verified,0,17,-1,-0.03524288665256903
TXN000142917,CUST025062,2020-04-19,03:20,Current,UPI,480.09,Debit,25052.69,Food & Dining,Maharashtra,649,1,Home,26518.78,Success,Mobile_App,Verified,0,3,-1,-0.021550225243367915
TXN000142971,CUST076366,2020-04-20,20:58,Current,Cheque,1160825.3,Debit,4378.53,Fuel,Rajasthan,780,0,Unknown,0.0,Success,Web,Pending,0,20,-1,-0.002394223631963399
TXN000143054,CUST069635,2020-04-20,11:19,Fixed Deposit,RTGS,299485.3,Debit,68760.76,Peer Transfer,Telangana,682,0,Unknown,0.0,Success,Mobile_App,Pending,0,11,-1,-0.009144625720398647
TXN000143174,CUST024145,2020-04-20,06:47,Current,RTGS,915459.26,Debit,313079.99,Utilities,UP,793,0,Unknown,0.0,Success,ATM,Verified,0,6,-1,-0.02052285617588967
TXN000143244,CUST041745,2020-04-20,06:49,Current,UPI,64.98,Credit,8165.91,Insurance,Gujarat,505,0,Unknown,0.0,Success,ATM,Verified,0,6,-1,-0.02146883096351626
TXN000143387,CUST033805,2020-04-21,13:11,Current,POS,204.49,Debit,285276.16,Utilities,Karnataka,585,1,Personal,21713.48,Pending,Mobile_App,Verified,0,13,-1,-0.004511863387094528
TXN000143480,CUST032134,2020-04-21,03:28,Salary,ATM_Withdrawal,1000.0,Debit,17966.24,Retail,Rajasthan,797,1,Education,29976.04,Success,Mobile_App,Verified,0,3,-1,-0.04010468926218713
TXN000143643,CUST005520,2020-04-22,09:24,Fixed Deposit,ATM_Withdrawal,3000.0,Debit,22826.44,Government,Tamil Nadu,783,1,Auto,62980.71,Success,Branch,Verified,0,9,-1,-0.0383467592778306
TXN000143722,CUST012801,2020-04-22,11:23,Salary,ATM_Withdrawal,1000.0,Debit,34051.15,Fuel,Gujarat,861,1,Personal,46291.5,Success,Mobile_App,Verified,0,11,-1,-0.021993583837663366
TXN000143761,CUST004690,2020-04-22,04:14,Salary,Cheque,3336131.72,Credit,85281.72,Real Estate,Maharashtra,464,0,Unknown,0.0,Success,Web,Verified,0,4,-1,-0.06607845847731031
TXN000143850,CUST053354,2020-04-22,04:25,Savings,RTGS,1076373.05,Debit,20701.21,E-Commerce,Gujarat,732,1,Personal,11306.99,Failed,Web,Verified,0,4,-1,-0.01642721577665973
TXN000143899,CUST045128,2020-04-23,12:54,Current,UPI,4349.76,Debit,20696.1,Healthcare,Delhi,406,0,Unknown,0.0,Success,Mobile_App,Verified,0,12,-1,-0.004389188322705628
TXN000144003,CUST050886,2020-04-23,17:15,Savings,UPI,139.8,Credit,87611.69,Real Estate,Karnataka,777,0,Unknown,0.0,Success,Mobile_App,Verified,0,17,-1,-0.00854702405573482
TXN000144094,CUST051081,2020-04-23,22:48,Salary,RTGS,1125817.63,Credit,29027.2,Insurance,Karnataka,763,0,Unknown,0.0,Success,Web,Verified,0,22,-1,-0.10993844609323766
TXN000144226,CUST062712,2020-04-24,10:43,Current,UPI,4804.55,Credit,155025.9,Entertainment,Maharashtra,501,1,Home,17280.15,Success,Mobile_App,Pending,0,10,-1,-0.006738433411678235
TXN000144238,CUST052771,2020-04-24,13:10,Current,RTGS,846077.53,Debit,11292.19,E-Commerce,Maharashtra,804,0,Unknown,0.0,Success,Mobile_App,Pending,0,13,-1,-0.01401215578339099
TXN000144310,CUST073528,2020-04-24,04:37,Savings,ATM_Withdrawal,10000.0,Debit,5000000.0,Government,Delhi,887,1,Personal,2199.62,Success,Web,Pending,0,4,-1,-0.050074247625538026
TXN000144873,CUST041015,2020-04-26,15:04,Savings,Cheque,71071.62,Debit,43655.83,Travel,Tamil Nadu,739,1,Personal,41599.04,Reversed,Mobile_App,Verified,0,15,-1,-0.08271321885847871
TXN000144944,CUST038462,2020-04-26,04:56,Savings,Auto_Debit,1702.69,Debit,1086210.3,E-Commerce,Telangana,488,0,Unknown,0.0,Success,Branch,Verified,0,4,-1,-0.0023917883383135496
TXN000145070,CUST012753,2020-04-26,13:13,Savings,IMPS,8515.54,Debit,202785.83,Travel,Telangana,714,1,Unknown,35905.11,Reversed,API,Verified,0,13,-1,-0.04174343591331697
TXN000145107,CUST068288,2020-04-27,17:57,Salary,Cheque,1728715.24,Credit,12133.77,Retail,Tamil Nadu,528,0,Unknown,0.0,Success,Web,Verified,0,17,-1,-0.037820770291653316
TXN000145137,CUST054494,2020-04-27,14:15,Savings,RTGS,1203309.4,Debit,321416.23,Travel,West Bengal,760,1,Personal,7608.99,Success,Mobile_App,Verified,0,14,-1,-0.0043808731086514285
TXN000145178,CUST059912,2020-04-27,21:30,Current,POS,488.82,Debit,114759.82,Education,Delhi,579,1,Personal,50492.23,Success,Web,Verified,0,21,-1,-0.0143823267634694
TXN000145217,CUST008243,2020-04-27,04:38,Current,RTGS,1362187.38,Credit,49047.61,Government,Tamil Nadu,711,0,Unknown,0.0,Success,ATM,Verified,0,4,-1,-0.04105216953355051
TXN000145273,CUST001734,2020-04-27,23:21,Salary,RTGS,1039618.02,Credit,78412.0,Food & Dining,Telangana,613,0,Unknown,0.0,Success,API,Verified,1,23,-1,-0.03604029313818036
TXN000145338,CUST061094,2020-04-27,13:22,Current,Cheque,2256375.04,Debit,24450.86,Real Estate,Rajasthan,662,1,Personal,6249.55,Success,POS_Terminal,Verified,0,13,-1,-0.09736305973578652
TXN000145887,CUST009750,2020-04-29,12:18,NRI,UPI,1155.59,Credit,54165.76,Government,West Bengal,803,0,Unknown,0.0,Success,Mobile_App,Verified,0,12,-1,-0.014879865696295846
TXN000145933,CUST028299,2020-04-29,09:45,Current,RTGS,968650.75,Debit,64830.14,Salary,Tamil Nadu,797,0,Unknown,0.0,Success,ATM,Verified,0,9,-1,-0.0020598924342621894
TXN000145944,CUST061327,2020-04-29,14:27,NRI,RTGS,755877.15,Credit,11197.96,Entertainment,Maharashtra,819,1,Gold,19201.28,Success,POS_Terminal,Pending,0,14,-1,-0.024172905738994444
TXN000146331,CUST074322,2020-05-01,00:33,Savings,UPI,736.78,Credit,1966.79,E-Commerce,Maharashtra,749,1,Personal,3679.72,Reversed,API,Verified,0,0,-1,-0.00015434282497395202
TXN000146468,CUST002934,2020-05-01,02:33,Salary,IMPS,1621.28,Debit,12578.28,Healthcare,Delhi,550,1,Personal,63770.51,Success,POS_Terminal,Verified,0,2,-1,-0.019692396207818152
TXN000146524,CUST021266,2020-05-01,06:12,Salary,RTGS,509893.32,Debit,11256.05,Travel,West Bengal,884,0,Unknown,0.0,Success,Branch,Verified,0,6,-1,-0.0012103347254743824
TXN000146540,CUST045951,2020-05-01,15:56,Savings,UPI,1625.14,Credit,72208.99,Utilities,West Bengal,372,0,Unknown,0.0,Success,Web,Pending,0,15,-1,-0.02585748776896779
TXN000146597,CUST056926,2020-05-02,20:30,Salary,RTGS,2500529.76,Credit,267351.87,Travel,Karnataka,851,0,Unknown,0.0,Success,Web,Verified,0,20,-1,-0.07327986691019384
TXN000146602,CUST002405,2020-05-02,06:09,Current,POS,1283.47,Debit,14389.98,Investment,Tamil Nadu,782,0,Unknown,0.0,Success,Web,Verified,0,6,-1,-0.019817221317585565
TXN000146699,CUST015438,2020-05-02,11:21,Salary,Auto_Debit,2966.41,Debit,11861.35,Retail,West Bengal,461,1,Business,42752.13,Success,Branch,Verified,0,11,-1,-0.014701468779822036
TXN000146811,CUST072210,2020-05-02,08:17,Current,RTGS,1079998.6,Credit,4402.71,E-Commerce,Telangana,698,0,Unknown,0.0,Failed,Branch,Verified,0,8,-1,-0.046705955336023064
TXN000146822,CUST053088,2020-05-02,22:01,Salary,RTGS,1478491.69,Credit,11257.78,Travel,Tamil Nadu,678,0,Unknown,0.0,Success,Web,Verified,0,22,-1,-0.022996096018892187
TXN000146914,CUST040110,2020-05-03,17:47,Salary,Cheque,1612355.55,Credit,702870.59,Education,Maharashtra,878,0,Unknown,0.0,Success,Mobile_App,Verified,0,17,-1,-0.059366148748026815
TXN000146975,CUST057279,2020-05-03,04:46,Current,Net_Banking,3688.43,Credit,10324.84,Government,Karnataka,501,1,Unknown,4205.08,Success,Web,Verified,0,4,-1,-0.010904009609549625
TXN000146994,CUST072519,2020-05-03,23:54,Savings,RTGS,1630143.15,Debit,3456.25,Travel,Gujarat,562,1,Home,2104.72,Success,Web,Verified,0,23,-1,-0.051295608679783
TXN000147041,CUST044128,2020-05-03,15:02,Salary,IMPS,6513.41,Credit,7109.28,Travel,Telangana,326,1,Business,20038.44,Success,Web,Verified,0,15,-1,-0.027114834735060267
TXN000147067,CUST029584,2020-05-03,21:23,Savings,NEFT,3348281.85,Credit,66137.2,Retail,UP,883,0,Unknown,0.0,Success,Mobile_App,Verified,0,21,-1,-0.07103127742564219
TXN000147088,CUST071360,2020-05-03,10:26,Savings,RTGS,534768.69,Credit,64162.49,Entertainment,UP,880,0,Unknown,0.0,Success,Mobile_App,Verified,0,10,-1,-0.016456660043139837
TXN000147366,CUST077201,2020-05-04,12:58,Savings,UPI,1931.12,Debit,74633.26,Education,Tamil Nadu,801,1,Home,37007.75,Reversed,Mobile_App,Verified,0,12,-1,-0.034983604708491045
TXN000147401,CUST002321,2020-05-04,10:07,Savings,RTGS,1744465.7,Credit,83183.87,Fuel,Telangana,782,1,Business,6244.27,Success,Mobile_App,Verified,0,10,-1,-0.10725080752304017
TXN000147492,CUST048160,2020-05-05,13:30,Savings,RTGS,1755275.24,Credit,58736.66,Travel,West Bengal,310,0,Unknown,0.0,Success,Web,Verified,0,13,-1,-0.05288959634025303
TXN000147494,CUST068522,2020-05-05,03:01,Fixed Deposit,IMPS,2264.48,Debit,45012.06,Retail,Delhi,782,1,Unknown,16035.91,Success,API,Verified,0,3,-1,-0.029610734693184204
TXN000147502,CUST032296,2020-05-05,02:36,Savings,Net_Banking,4674.67,Debit,588740.94,Fuel,Delhi,501,1,Unknown,2351.6,Pending,Web,Verified,0,2,-1,-0.009551876930272596
TXN000147659,CUST019168,2020-05-05,14:10,Savings,Credit_Card,7162.34,Debit,74074.34,Education,West Bengal,406,0,Unknown,0.0,Success,API,Verified,0,14,-1,-0.014759365828353688
TXN000147698,CUST023399,2020-05-05,09:28,Savings,IMPS,3199.5,Credit,7592.92,Salary,Telangana,782,1,Home,6464.6,Success,Mobile_App,Verified,0,9,-1,-0.008278464402767027
TXN000147822,CUST033974,2020-05-06,00:58,Savings,NEFT,2291864.74,Credit,130977.27,Food & Dining,Telangana,491,0,Unknown,0.0,Success,Mobile_App,Verified,0,0,-1,-0.02622150835557857
TXN000147878,CUST064537,2020-05-06,04:05,Fixed Deposit,Credit_Card,11834.15,Debit,9341.08,Utilities,Gujarat,853,1,Auto,19704.7,Success,Branch,Verified,0,4,-1,-0.027981821370062332
TXN000148170,CUST018815,2020-05-07,16:56,Fixed Deposit,UPI,255.76,Debit,13610.39,Travel,Tamil Nadu,640,0,Unknown,0.0,Success,Mobile_App,Verified,0,16,-1,-0.01109299736522118
TXN000148430,CUST037754,2020-05-08,10:56,Salary,RTGS,1496171.19,Credit,224613.69,Investment,Tamil Nadu,633,0,Unknown,0.0,Success,API,Verified,0,10,-1,-0.03149026455657211
TXN000148444,CUST007340,2020-05-08,20:16,Current,RTGS,585188.97,Credit,47685.72,Travel,Gujarat,316,0,Unknown,0.0,Success,POS_Terminal,Verified,0,20,-1,-0.02384274585663293
TXN000148468,CUST042231,2020-05-08,16:26,NRI,RTGS,372683.56,Credit,34233.45,Food & Dining,Maharashtra,728,0,Unknown,0.0,Success,Mobile_App,Verified,0,16,-1,-0.039728995760722974
TXN000148489,CUST063590,2020-05-08,00:51,Savings,NEFT,44074.08,Credit,354866.55,Entertainment,Maharashtra,803,0,Unknown,0.0,Success,Mobile_App,Verified,0,0,-1,-0.023222897445060564
TXN000148531,CUST039883,2020-05-08,14:17,Savings,IMPS,4937.88,Debit,39010.35,Insurance,Delhi,864,0,Unknown,0.0,Success,API,Verified,0,14,-1,-0.004741203311209863
TXN000148673,CUST037024,2020-05-09,21:02,Savings,RTGS,768194.82,Credit,63857.63,E-Commerce,Maharashtra,880,0,Unknown,0.0,Success,Web,Verified,1,21,-1,-0.04132682623295614
TXN000148674,CUST069795,2020-05-09,00:49,Salary,RTGS,865018.7,Credit,564889.15,Retail,Tamil Nadu,330,1,Home,4321.03,Success,Web,Expired,0,0,-1,-0.0424565496635817
TXN000148745,CUST058251,2020-05-09,06:30,Salary,RTGS,603869.68,Credit,154481.34,Travel,Gujarat,613,0,Unknown,0.0,Success,ATM,Pending,0,6,-1,-0.011021619141727612
TXN000148865,CUST048853,2020-05-09,07:05,Current,Auto_Debit,1415.73,Debit,61650.43,E-Commerce,West Bengal,792,0,Unknown,0.0,Success,ATM,Verified,0,7,-1,-0.017656729229595713
TXN000148907,CUST011225,2020-05-09,16:12,Current,RTGS,1255390.91,Credit,41132.12,Healthcare,West Bengal,883,0,Unknown,0.0,Success,ATM,Verified,0,16,-1,-0.040526833820471175
TXN000148937,CUST058358,2020-05-09,15:42,Savings,RTGS,635610.61,Credit,119468.73,Investment,Delhi,549,0,Unknown,0.0,Success,ATM,Verified,0,15,-1,-0.014584287995151879
TXN000148969,CUST053189,2020-05-10,15:34,Salary,Cheque,69774.0,Debit,129486.82,Retail,Karnataka,853,1,Education,24278.89,Success,ATM,Pending,0,15,-1,-0.019493986774375083
TXN000149129,CUST074216,2020-05-10,08:56,Savings,Cheque,27196.17,Debit,247483.56,Entertainment,Maharashtra,649,1,Auto,1656.56,Success,Web,Verified,0,8,-1,-0.006239718910041159
TXN000149306,CUST002770,2020-05-11,15:01,Salary,UPI,863.16,Credit,77646.55,Retail,Maharashtra,357,1,Unknown,68306.81,Success,Web,Verified,0,15,-1,-0.0005938923657118345
TXN000149469,CUST056553,2020-05-11,05:51,Current,Cheque,509141.41,Credit,86104.93,Retail,Telangana,505,1,Home,1880.83,Success,Web,Verified,1,5,-1,-0.03007380036145879
TXN000149598,CUST012082,2020-05-12,12:06,Savings,RTGS,953402.53,Debit,34347.94,Travel,Rajasthan,487,0,Unknown,0.0,Success,Mobile_App,Expired,0,12,-1,-0.005679052276855612
TXN000149607,CUST041079,2020-05-12,13:08,Current,POS,893.69,Debit,29034.06,Travel,Gujarat,708,0,Unknown,0.0,Success,Mobile_App,Verified,0,13,-1,-0.0035879497533890525
TXN000149617,CUST009935,2020-05-12,06:38,Salary,NEFT,7489.58,Credit,77124.29,Peer Transfer,Punjab,441,0,Unknown,0.0,Success,Web,Pending,0,6,-1,-0.004115833789222867
TXN000149660,CUST023473,2020-05-12,09:09,Current,RTGS,1634556.47,Debit,30976.93,Peer Transfer,UP,353,0,Unknown,0.0,Success,POS_Terminal,Verified,0,9,-1,-0.06780350702411564
TXN000149763,CUST002921,2020-05-12,02:12,Savings,POS,3616.01,Debit,148214.82,Travel,Maharashtra,520,1,Unknown,21305.27,Success,API,Verified,0,2,-1,-0.03017057867049444
TXN000150052,CUST068237,2020-05-13,21:32,Savings,UPI,47.34,Credit,39501.7,Peer Transfer,Tamil Nadu,372,0,Unknown,0.0,Success,Mobile_App,Verified,0,21,-1,-0.02004274966671249
TXN000150131,CUST029721,2020-05-13,06:24,Savings,Net_Banking,13788.29,Credit,2373.86,Insurance,Punjab,466,1,Auto,45699.62,Success,POS_Terminal,Verified,0,6,-1,-2.8431468443335106e-05
TXN000150153,CUST047773,2020-05-14,03:40,Salary,RTGS,769906.66,Credit,63157.41,Peer Transfer,Maharashtra,460,0,Unknown,0.0,Success,ATM,Verified,0,3,-1,-0.013859126368566788
TXN000150199,CUST023364,2020-05-14,03:08,Savings,ATM_Withdrawal,10000.0,Debit,9184.98,Fuel,Karnataka,782,1,Business,10648.59,Success,Branch,Verified,0,3,-1,-0.022842709177280374
TXN000150460,CUST033604,2020-05-15,06:15,Savings,POS,1905.44,Debit,130542.97,Real Estate,West Bengal,782,1,Unknown,7915.3,Failed,Branch,Verified,0,6,-1,-0.03313449126109047
TXN000150492,CUST026550,2020-05-15,16:50,Salary,RTGS,1414671.14,Debit,132841.94,E-Commerce,Maharashtra,527,0,Unknown,0.0,Reversed,ATM,Verified,0,16,-1,-0.002937262387443851
TXN000150544,CUST006509,2020-05-15,05:53,Savings,RTGS,1587060.42,Debit,19396.01,Fuel,Delhi,339,0,Unknown,0.0,Success,Web,Verified,0,5,-1,-0.049479155921982265
TXN000150622,CUST070508,2020-05-15,02:36,Current,POS,1484.9,Debit,118755.85,Peer Transfer,Karnataka,648,1,Personal,42810.19,Success,API,Verified,0,2,-1,-0.07672430897907512
TXN000150707,CUST022421,2020-05-15,03:08,Savings,RTGS,1095919.79,Credit,15824.03,Investment,West Bengal,554,1,Personal,2783.13,Success,Mobile_App,Verified,0,3,-1,-0.048749159060667346
TXN000151120,CUST053024,2020-05-17,09:07,Salary,RTGS,905440.66,Debit,40572.93,E-Commerce,Delhi,422,0,Unknown,0.0,Success,ATM,Pending,0,9,-1,-0.03869192369607677
TXN000151208,CUST044524,2020-05-17,05:32,Fixed Deposit,RTGS,719372.95,Credit,41517.41,Utilities,Karnataka,505,0,Unknown,0.0,Success,POS_Terminal,Verified,0,5,-1,-0.04514974013291784
TXN000151276,CUST007369,2020-05-17,23:59,NRI,ATM_Withdrawal,5000.0,Debit,150315.37,Entertainment,West Bengal,371,1,Unknown,28295.01,Success,ATM,Verified,0,23,-1,-0.025573657401149252
TXN000151354,CUST027414,2020-05-18,23:22,Savings,RTGS,1388523.0,Debit,39006.63,Real Estate,Delhi,456,0,Unknown,0.0,Success,Branch,Verified,0,23,-1,-0.004222174346710239
TXN000151411,CUST073444,2020-05-18,06:12,Current,NEFT,13198.34,Credit,35753.43,Fuel,Gujarat,693,1,Personal,58085.0,Success,API,Verified,0,6,-1,-0.018493695227659313
TXN000151518,CUST073618,2020-05-18,10:33,Savings,RTGS,1197920.44,Debit,26943.41,Healthcare,Rajasthan,832,0,Unknown,0.0,Success,Mobile_App,Verified,0,10,-1,-0.01706605972111508
TXN000151571,CUST042112,2020-05-18,12:25,Current,RTGS,777031.49,Credit,3258.7,E-Commerce,Tamil Nadu,778,1,Education,8694.84,Success,Mobile_App,Verified,0,12,-1,-0.010856362103215056
TXN000151878,CUST060669,2020-05-19,19:44,Current,RTGS,436082.58,Credit,16118.5,Utilities,Delhi,687,0,Unknown,0.0,Success,Web,Verified,1,19,-1,-0.008479058996796796
TXN000151943,CUST040137,2020-05-19,01:07,NRI,RTGS,1450204.58,Debit,78446.64,Real Estate,Karnataka,352,1,Auto,7019.33,Success,ATM,Verified,0,1,-1,-0.00939373738974214
TXN000151969,CUST006402,2020-05-20,23:20,Savings,RTGS,237915.1,Credit,24454.44,Retail,Karnataka,401,1,Auto,8214.15,Success,API,Verified,0,23,-1,-0.0047179023901900985
TXN000152041,CUST003227,2020-05-20,06:48,Current,Cheque,5758555.5,Credit,30035.04,Government,Telangana,557,1,Auto,16767.12,Success,API,Expired,0,6,-1,-0.08164893082214664
TXN000152048,CUST024890,2020-05-20,13:30,NRI,ATM_Withdrawal,2000.0,Debit,164769.73,Retail,Gujarat,535,1,Home,8023.11,Success,Branch,Verified,0,13,-1,-0.009911690499309955
TXN000152079,CUST023954,2020-05-20,01:47,Savings,RTGS,1552431.25,Credit,17944.07,Salary,Rajasthan,564,0,Unknown,0.0,Success,Mobile_App,Verified,0,1,-1,-0.029877186451719773
TXN000152103,CUST069871,2020-05-20,14:02,Current,RTGS,1124103.3,Debit,57586.76,Retail,Gujarat,349,1,Personal,5632.24,Success,Web,Verified,0,14,-1,-0.017986288710832188
TXN000152135,CUST076714,2020-05-20,22:07,Current,RTGS,265593.85,Debit,18406.41,Investment,Gujarat,325,0,Unknown,0.0,Pending,Web,Verified,0,22,-1,-0.004302160038829217
TXN000152235,CUST046400,2020-05-20,22:11,Salary,Net_Banking,3144.19,Credit,87847.0,E-Commerce,Maharashtra,782,0,Unknown,0.0,Success,ATM,Verified,0,22,-1,-0.004554144954046491
TXN000152246,CUST064559,2020-05-20,02:42,Current,UPI,970.58,Debit,44952.06,Food & Dining,Telangana,803,0,Unknown,0.0,Success,Web,Verified,0,2,-1,-0.005219601339419233
TXN000152279,CUST013575,2020-05-21,03:21,Savings,ATM_Withdrawal,1000.0,Debit,192764.64,Entertainment,Gujarat,808,1,Home,45041.62,Success,Web,Verified,0,3,-1,-0.008039086150766872
TXN000152321,CUST057603,2020-05-21,23:37,Current,RTGS,1480936.98,Credit,47356.68,Travel,Delhi,887,0,Unknown,0.0,Success,Mobile_App,Verified,0,23,-1,-0.05318879975780366
TXN000152454,CUST051430,2020-05-21,15:11,Salary,RTGS,1216877.12,Debit,39619.28,Utilities,Maharashtra,309,0,Unknown,0.0,Success,Branch,Verified,0,15,-1,-0.00831681207746171
TXN000152488,CUST058895,2020-05-21,17:28,NRI,IMPS,1950.45,Debit,25553.75,E-Commerce,Rajasthan,739,1,Gold,22539.77,Success,Mobile_App,Verified,0,17,-1,-0.013379734801960197
TXN000152602,CUST040161,2020-05-22,21:12,Savings,UPI,520.29,Debit,226263.63,Utilities,Tamil Nadu,803,0,Unknown,0.0,Success,Mobile_App,Verified,0,21,-1,-0.0011893902087128927
TXN000153012,CUST077201,2020-05-23,14:06,Salary,RTGS,1316719.62,Debit,16995.21,Retail,Karnataka,513,0,Unknown,0.0,Success,API,Verified,0,14,-1,-0.0007953898493444633
TXN000153241,CUST002117,2020-05-24,03:03,Fixed Deposit,POS,1846.45,Debit,12376.78,Fuel,Karnataka,470,1,Gold,4693.52,Success,POS_Terminal,Verified,0,3,-1,-0.012169754619630435
TXN000153497,CUST052153,2020-05-25,03:18,Savings,RTGS,1241216.27,Credit,309528.99,E-Commerce,UP,612,0,Unknown,0.0,Success,API,Verified,0,3,-1,-0.03161822869946651
TXN000153551,CUST004111,2020-05-25,18:12,Salary,RTGS,972279.75,Debit,32792.76,Education,Tamil Nadu,779,0,Unknown,0.0,Success,Mobile_App,Verified,1,18,-1,-0.02160857697461982
TXN000153753,CUST018489,2020-05-25,15:31,Current,RTGS,778695.34,Credit,183041.08,Utilities,Rajasthan,483,0,Unknown,0.0,Success,Web,Verified,0,15,-1,-0.059615379395469126
TXN000153758,CUST057439,2020-05-25,08:02,Current,Cheque,1551753.06,Credit,66223.12,Retail,UP,766,0,Unknown,0.0,Success,Web,Expired,0,8,-1,-0.07052405435295062
TXN000153916,CUST018740,2020-05-26,18:40,Fixed Deposit,RTGS,871451.05,Debit,8500.66,Utilities,Gujarat,753,0,Unknown,0.0,Success,Mobile_App,Verified,1,18,-1,-0.0370355183568315
TXN000153935,CUST016069,2020-05-26,05:23,Savings,RTGS,1271701.03,Debit,143120.01,Entertainment,Tamil Nadu,499,1,Personal,5174.64,Success,Branch,Verified,0,5,-1,-0.0023670919237217536
TXN000154043,CUST033045,2020-05-26,22:40,Salary,RTGS,714803.88,Credit,32005.11,Utilities,Rajasthan,615,1,Education,2600.32,Success,Web,Verified,0,22,-1,-0.0006762954321888337
TXN000154127,CUST032039,2020-05-27,08:39,Current,RTGS,859960.06,Credit,311525.94,Government,Tamil Nadu,493,0,Unknown,0.0,Success,Web,Verified,0,8,-1,-0.038162184937441834
TXN000154320,CUST007979,2020-05-27,04:11,Salary,RTGS,878501.84,Credit,50176.93,Food & Dining,Delhi,694,0,Unknown,0.0,Success,Branch,Verified,0,4,-1,-0.085244872762537
TXN000154324,CUST078470,2020-05-27,06:42,Savings,NEFT,2568270.36,Debit,45775.48,Retail,Telangana,607,1,Personal,5218.02,Success,API,Verified,0,6,-1,-0.06961897083447044
TXN000154440,CUST001894,2020-05-28,02:15,Savings,NEFT,13417.31,Credit,41213.08,Retail,Karnataka,345,1,Home,52269.17,Success,Mobile_App,Verified,0,2,-1,-0.034737288886036555
TXN000154536,CUST026647,2020-05-28,05:21,Fixed Deposit,RTGS,401492.55,Credit,75789.12,Food & Dining,Karnataka,793,0,Unknown,0.0,Success,POS_Terminal,Verified,0,5,-1,-0.018209950021699006
TXN000154656,CUST037361,2020-05-28,02:22,Current,NEFT,300.36,Debit,45116.04,Peer Transfer,Karnataka,649,0,Unknown,0.0,Success,Mobile_App,Verified,0,2,-1,-0.009355948455636254
TXN000154701,CUST032066,2020-05-29,09:23,Current,POS,20809.64,Debit,125699.76,Fuel,West Bengal,548,0,Unknown,0.0,Success,Mobile_App,Pending,0,9,-1,-0.005888564379067152
TXN000155034,CUST002600,2020-05-30,08:54,Savings,RTGS,226872.82,Credit,159369.51,Real Estate,Maharashtra,358,1,Education,1373.95,Success,Web,Verified,0,8,-1,-0.008347814189283764
TXN000155046,CUST012971,2020-05-30,15:03,Savings,ATM_Withdrawal,2000.0,Debit,13239.79,Food & Dining,Maharashtra,628,1,Auto,28888.39,Success,POS_Terminal,Verified,0,15,-1,-0.04798960317162637
TXN000155126,CUST024363,2020-05-30,20:18,Savings,RTGS,652002.92,Debit,81987.14,Investment,Telangana,325,0,Unknown,0.0,Success,ATM,Verified,0,20,-1,-0.03064841513287575
TXN000155148,CUST022968,2020-05-30,19:37,Savings,UPI,5447.28,Credit,35581.99,Education,Karnataka,792,1,Personal,28102.36,Success,Mobile_App,Verified,0,19,-1,-0.011999752424659782
TXN000155176,CUST027878,2020-05-30,04:41,Savings,NEFT,1610935.51,Debit,10591.71,Utilities,Karnataka,729,0,Unknown,0.0,Success,Mobile_App,Verified,0,4,-1,-0.024035887699391023
TXN000155190,CUST056282,2020-05-30,18:55,Salary,UPI,3584.53,Debit,20802.62,E-Commerce,Karnataka,430,1,Business,30077.26,Success,Web,Pending,0,18,-1,-0.012332260633257097
TXN000155343,CUST041552,2020-05-31,15:39,Salary,Cheque,3616793.06,Credit,129960.88,Retail,UP,419,0,Unknown,0.0,Success,POS_Terminal,Verified,1,15,-1,-0.07970496772175895
TXN000155591,CUST019543,2020-06-01,20:26,Fixed Deposit,IMPS,3088.33,Credit,397341.69,Retail,West Bengal,406,0,Unknown,0.0,Success,ATM,Verified,0,20,-1,-0.0011741908896055753
TXN000155631,CUST008300,2020-06-01,01:12,Salary,NEFT,35796.04,Debit,76093.95,Investment,Maharashtra,693,1,Personal,44639.52,Success,ATM,Verified,0,1,-1,-0.00225385601440542
TXN000155635,CUST043890,2020-06-01,02:24,Current,RTGS,2576151.72,Debit,71455.2,Entertainment,Telangana,578,1,Home,7906.45,Success,Mobile_App,Verified,0,2,-1,-0.08661992699152232
TXN000155781,CUST054711,2020-06-01,16:25,Current,RTGS,1201280.11,Debit,37044.33,Food & Dining,Punjab,432,1,Education,3199.76,Success,POS_Terminal,Verified,0,16,-1,-0.05400825536028098
TXN000155937,CUST004221,2020-06-02,15:30,Savings,RTGS,955926.5,Debit,68580.55,Retail,Gujarat,535,0,Unknown,0.0,Success,Branch,Verified,0,15,-1,-0.040997204045867375
TXN000156044,CUST070896,2020-06-02,17:47,Current,RTGS,263137.08,Debit,18925.49,E-Commerce,West Bengal,505,0,Unknown,0.0,Success,API,Verified,0,17,-1,-0.016486053135686962
TXN000156056,CUST006994,2020-06-02,04:56,Current,UPI,377.96,Credit,3742.03,Real Estate,UP,406,0,Unknown,0.0,Success,Mobile_App,Verified,0,4,-1,-0.005195342583489859
TXN000156059,CUST008812,2020-06-02,01:03,Current,Net_Banking,35137.27,Debit,5661.84,Real Estate,Maharashtra,722,1,Home,24383.35,Success,Branch,Verified,0,1,-1,-0.002447598078062385
TXN000156127,CUST076878,2020-06-02,03:58,Savings,Cheque,27274.14,Debit,3550.1,Food & Dining,Maharashtra,796,1,Business,6449.45,Success,Branch,Verified,0,3,-1,-0.0062398932295002485
TXN000156144,CUST076344,2020-06-02,10:36,Savings,UPI,188.02,Debit,11886.12,Travel,Delhi,406,0,Unknown,0.0,Success,Mobile_App,Verified,0,10,-1,-0.001608257166281768
TXN000156200,CUST015267,2020-06-03,02:39,Fixed Deposit,Auto_Debit,16489.78,Debit,10824.33,Salary,Maharashtra,705,1,Personal,17253.03,Success,POS_Terminal,Verified,0,2,-1,-0.013003683230385477
TXN000156356,CUST007807,2020-06-03,06:28,NRI,ATM_Withdrawal,2000.0,Debit,179366.36,Food & Dining,West Bengal,782,0,Unknown,0.0,Success,Web,Verified,0,6,-1,-0.008518687790856405
TXN000156510,CUST030432,2020-06-04,11:33,Current,IMPS,18200.58,Debit,9094.13,Investment,Gujarat,553,0,Unknown,0.0,Success,POS_Terminal,Verified,0,11,-1,-0.004162900650888757
TXN000156770,CUST003226,2020-06-04,06:02,Current,IMPS,3783.29,Credit,38515.61,Salary,Maharashtra,343,1,Unknown,38597.16,Success,Mobile_App,Pending,0,6,-1,-0.054574369020607305
TXN000156791,CUST068689,2020-06-05,02:51,Current,Net_Banking,6784.05,Credit,433966.42,Food & Dining,Tamil Nadu,406,1,Home,6287.17,Success,Mobile_App,Verified,0,2,-1,-0.018329989508013456
TXN000156926,CUST074873,2020-06-05,10:12,Fixed Deposit,RTGS,1800546.94,Credit,3619.7,Salary,Maharashtra,512,1,Unknown,2018.45,Success,Web,Verified,0,10,-1,-0.0437956333346734
TXN000156992,CUST018805,2020-06-05,17:27,Savings,POS,672.66,Debit,29654.36,Food & Dining,Karnataka,345,0,Unknown,0.0,Success,POS_Terminal,Verified,0,17,-1,-0.006771512998713369
TXN000157026,CUST004813,2020-06-05,08:52,Savings,RTGS,840267.4,Credit,5836.41,E-Commerce,Telangana,699,0,Unknown,0.0,Success,Mobile_App,Verified,0,8,-1,-0.0588202744061046
TXN000157103,CUST064023,2020-06-06,18:16,Current,RTGS,1809196.71,Credit,36452.57,Peer Transfer,Karnataka,656,1,Home,5948.74,Success,Mobile_App,Verified,0,18,-1,-0.0666378833570882
TXN000157152,CUST068037,2020-06-06,17:27,Savings,Cheque,965675.43,Credit,306188.54,Utilities,Delhi,312,1,Business,1518.73,Success,Web,Verified,0,17,-1,-0.03288136408084441
TXN000157187,CUST041832,2020-06-06,14:11,Savings,Cheque,56048.23,Credit,43085.31,Education,Karnataka,640,0,Unknown,0.0,Success,Mobile_App,Verified,0,14,-1,-0.004457767913558119
TXN000157377,CUST028950,2020-06-06,06:07,Savings,Cheque,1041592.96,Credit,80554.76,Retail,Gujarat,334,0,Unknown,0.0,Reversed,Mobile_App,Verified,0,6,-1,-0.017760556719160214
TXN000157506,CUST069623,2020-06-07,20:54,Current,RTGS,826442.38,Debit,45365.36,Retail,Rajasthan,799,0,Unknown,0.0,Success,Mobile_App,Verified,0,20,-1,-0.03422849063905575
TXN000157541,CUST023743,2020-06-07,22:31,Savings,Auto_Debit,1859.97,Debit,40104.25,Fuel,Delhi,782,0,Unknown,0.0,Success,Web,Verified,0,22,-1,-0.01054521835337463
TXN000157646,CUST008469,2020-06-07,16:31,Savings,Net_Banking,21263.94,Debit,16410.81,Peer Transfer,Rajasthan,616,1,Personal,19128.12,Success,Mobile_App,Verified,0,16,-1,-0.014982820688440035
TXN000157704,CUST032450,2020-06-08,13:47,Fixed Deposit,ATM_Withdrawal,1000.0,Debit,64971.07,Retail,Maharashtra,535,0,Unknown,0.0,Pending,POS_Terminal,Verified,0,13,-1,-0.008589569799665964
TXN000157712,CUST065215,2020-06-08,19:20,Current,RTGS,470076.15,Debit,6671.52,Insurance,West Bengal,628,0,Unknown,0.0,Success,API,Verified,0,19,-1,-0.006301362140894495
TXN000158118,CUST077245,2020-06-09,15:51,Fixed Deposit,POS,146.5,Debit,32005.53,Entertainment,Telangana,510,1,Personal,41402.45,Success,Branch,Verified,0,15,-1,-0.03917462330579635
TXN000158275,CUST079207,2020-06-09,02:23,Savings,UPI,489.16,Debit,13854.18,Healthcare,Delhi,803,0,Unknown,0.0,Success,Web,Verified,0,2,-1,-0.00809613118151753
TXN000158303,CUST030028,2020-06-09,16:33,Current,RTGS,3077160.74,Credit,1684.62,Peer Transfer,Karnataka,386,0,Unknown,0.0,Success,Mobile_App,Verified,0,16,-1,-0.04998778873353382
TXN000158354,CUST073977,2020-06-10,01:20,NRI,Net_Banking,153652.75,Credit,41481.66,Healthcare,Delhi,649,1,Business,23453.13,Success,Branch,Verified,0,1,-1,-0.024709954867117134
TXN000159022,CUST030553,2020-06-12,20:18,Savings,NEFT,1825462.21,Credit,111895.02,Fuel,Maharashtra,764,1,Unknown,9887.13,Success,Mobile_App,Verified,0,20,-1,-0.044518927353171645
TXN000159054,CUST071845,2020-06-12,04:41,NRI,Cheque,413487.84,Debit,46624.49,Peer Transfer,Delhi,798,1,Home,4019.18,Success,ATM,Verified,0,4,-1,-0.00020621258495578942
TXN000159086,CUST017318,2020-06-12,23:07,Savings,RTGS,984354.03,Debit,59347.63,Food & Dining,UP,604,0,Unknown,0.0,Success,API,Verified,0,23,-1,-0.015256219164712537
TXN000159114,CUST035827,2020-06-12,14:51,Current,IMPS,7200.47,Credit,31537.23,Food & Dining,Karnataka,566,1,Home,40484.76,Success,Web,Verified,0,14,-1,-0.05419388328234631
TXN000159586,CUST071211,2020-06-14,01:58,Savings,UPI,119.34,Debit,946724.01,Real Estate,Karnataka,430,1,Personal,26756.42,Success,API,Verified,0,1,-1,-0.03440192061016101
TXN000159760,CUST046110,2020-06-15,03:31,Current,Auto_Debit,1796.9,Debit,7933.85,Investment,Rajasthan,797,1,Auto,2715.58,Success,Web,Pending,0,3,-1,-0.005117444492716783
TXN000159963,CUST041539,2020-06-15,15:01,Current,RTGS,627113.59,Credit,10545.3,Education,Telangana,456,1,Auto,1418.83,Success,POS_Terminal,Verified,0,15,-1,-0.007161212095305847
TXN000160046,CUST033630,2020-06-15,05:52,Current,RTGS,471765.19,Credit,9326.93,E-Commerce,Karnataka,515,0,Unknown,0.0,Success,Web,Verified,0,5,-1,-0.0024629995096876467
TXN000160155,CUST059758,2020-06-16,16:57,Savings,UPI,92.83,Credit,62145.22,Peer Transfer,Tamil Nadu,406,1,Auto,5921.61,Success,Web,Verified,0,16,-1,-0.009848113429439587
TXN000160191,CUST016129,2020-06-16,17:31,Fixed Deposit,RTGS,103734.36,Debit,59952.06,Utilities,Maharashtra,628,0,Unknown,0.0,Success,Mobile_App,Verified,0,17,-1,-0.01495652869924946
TXN000160267,CUST017317,2020-06-16,20:33,Current,Cheque,1414925.46,Debit,401638.34,Food & Dining,Maharashtra,448,1,Home,1784.83,Success,ATM,Verified,0,20,-1,-0.02013810942371297
TXN000160350,CUST034817,2020-06-16,13:39,Current,RTGS,368616.75,Credit,4584.6,Peer Transfer,Delhi,768,1,Personal,2506.38,Success,ATM,Verified,0,13,-1,-0.00632457797476349
TXN000160518,CUST051954,2020-06-17,15:07,Savings,POS,1689.13,Debit,33716.18,Utilities,Delhi,714,1,Personal,3064.61,Success,POS_Terminal,Verified,0,15,-1,-0.01080118821856757
TXN000160563,CUST045959,2020-06-17,14:42,Savings,NEFT,31652.5,Credit,194100.93,Entertainment,West Bengal,782,1,Business,7675.04,Success,Web,Verified,0,14,-1,-0.01796031496215378
TXN000160587,CUST017716,2020-06-17,00:45,Salary,RTGS,1850557.58,Debit,146723.16,Government,Maharashtra,464,1,Home,1354.69,Success,Mobile_App,Verified,0,0,-1,-0.035415356190868
TXN000160684,CUST053154,2020-06-18,21:01,Savings,UPI,2112.19,Debit,161758.1,Food & Dining,Karnataka,814,1,Gold,61606.45,Success,Mobile_App,Verified,0,21,-1,-0.06486694135225701
TXN000160877,CUST050715,2020-06-18,16:50,Current,RTGS,850434.85,Credit,11454.24,Peer Transfer,Delhi,891,0,Unknown,0.0,Success,Mobile_App,Verified,0,16,-1,-0.018409326785425062
TXN000160889,CUST007010,2020-06-18,16:09,Current,ATM_Withdrawal,1000.0,Debit,116915.93,E-Commerce,Karnataka,714,1,Auto,6958.27,Success,Mobile_App,Verified,0,16,-1,-0.0049045144310475575
TXN000160904,CUST061662,2020-06-18,02:28,Savings,RTGS,1963517.17,Debit,33548.82,Education,Karnataka,835,1,Auto,6713.57,Success,ATM,Verified,0,2,-1,-0.0206680575319359
TXN000160976,CUST014896,2020-06-19,01:43,Fixed Deposit,RTGS,689967.97,Credit,16424.37,Retail,Delhi,433,0,Unknown,0.0,Success,ATM,Verified,0,1,-1,-0.005172100737800278
TXN000160984,CUST073995,2020-06-19,19:16,Fixed Deposit,RTGS,1910194.54,Debit,25895.03,Retail,Gujarat,381,0,Unknown,0.0,Failed,Web,Verified,0,19,-1,-0.06326364081751035
TXN000161020,CUST066227,2020-06-19,10:51,Current,RTGS,2113789.2,Debit,31059.17,Insurance,Punjab,385,0,Unknown,0.0,Success,Branch,Verified,0,10,-1,-0.08558055869732484
TXN000161041,CUST030095,2020-06-19,07:34,Savings,RTGS,205384.44,Debit,51332.07,Salary,Rajasthan,585,0,Unknown,0.0,Success,POS_Terminal,Verified,0,7,-1,-0.019248345065020933
TXN000161075,CUST001783,2020-06-19,12:02,Savings,Cheque,603661.55,Debit,5854.19,Food & Dining,Telangana,792,0,Unknown,0.0,Success,ATM,Pending,0,12,-1,-0.030983378286881358
TXN000161103,CUST066988,2020-06-19,19:00,Savings,IMPS,6275.7,Debit,1096.46,Peer Transfer,UP,707,1,Personal,38314.59,Success,ATM,Verified,0,19,-1,-0.03275716525108874
TXN000161117,CUST061054,2020-06-19,17:10,Current,RTGS,107934.61,Credit,47833.78,Healthcare,Gujarat,553,0,Unknown,0.0,Success,Mobile_App,Verified,0,17,-1,-0.003928005255614431
TXN000161346,CUST048517,2020-06-20,02:27,Salary,RTGS,1070004.96,Credit,18274.3,Education,Tamil Nadu,825,0,Unknown,0.0,Reversed,API,Verified,0,2,-1,-0.03076237066767107
TXN000161396,CUST012063,2020-06-20,10:56,Savings,RTGS,1096786.7,Credit,160723.07,Utilities,Telangana,502,0,Unknown,0.0,Success,ATM,Verified,0,10,-1,-0.0024738088195646046
TXN000161453,CUST009008,2020-06-20,04:19,Savings,Cheque,2610604.75,Debit,10716.81,E-Commerce,Gujarat,579,1,Business,4994.16,Success,API,Verified,0,4,-1,-0.06009785057984829
TXN000161602,CUST034621,2020-06-21,19:51,Salary,RTGS,913962.16,Credit,10305.52,Retail,Maharashtra,492,0,Unknown,0.0,Success,Mobile_App,Verified,0,19,-1,-0.011738439842197801
TXN000161682,CUST024158,2020-06-21,02:49,Current,ATM_Withdrawal,500.0,Debit,54861.6,E-Commerce,Rajasthan,649,1,Personal,6389.94,Success,Branch,Pending,0,2,-1,-0.023544009715207648
TXN000161687,CUST003794,2020-06-21,11:31,Savings,RTGS,50216.6,Debit,52239.97,Utilities,Punjab,574,1,Education,54586.99,Success,API,Verified,0,11,-1,-0.05129913195167901
TXN000162057,CUST044382,2020-06-22,12:19,Salary,RTGS,681123.11,Debit,63933.93,Retail,Maharashtra,325,0,Unknown,0.0,Success,Branch,Verified,0,12,-1,-0.045850220404951014
TXN000162063,CUST073659,2020-06-22,00:59,Savings,RTGS,939697.75,Credit,4773.75,E-Commerce,Gujarat,379,0,Unknown,0.0,Success,Mobile_App,Verified,0,0,-1,-0.03321384355006873
TXN000162071,CUST076913,2020-06-22,22:56,Salary,RTGS,197110.5,Credit,72778.65,Retail,Rajasthan,332,0,Unknown,0.0,Success,Mobile_App,Verified,0,22,-1,-0.008060998905123795
TXN000162152,CUST057330,2020-06-22,08:51,Current,RTGS,753980.71,Credit,12876.94,Entertainment,Gujarat,351,0,Unknown,0.0,Success,Web,Verified,0,8,-1,-0.018447296754548148
TXN000162249,CUST071130,2020-06-23,02:18,Savings,UPI,1187.74,Credit,8905.83,Real Estate,Karnataka,480,1,Business,32478.43,Success,API,Verified,0,2,-1,-0.011330693400306235
TXN000162715,CUST053294,2020-06-24,02:17,Current,RTGS,837318.77,Debit,220310.43,Utilities,Maharashtra,794,0,Unknown,0.0,Success,Mobile_App,Verified,0,2,-1,-0.014540175293241364
TXN000162769,CUST078332,2020-06-24,13:54,Savings,RTGS,1041291.65,Credit,54683.03,Food & Dining,Delhi,869,0,Unknown,0.0,Success,ATM,Verified,1,13,-1,-0.009105346415450133
TXN000162783,CUST027267,2020-06-24,09:45,Savings,RTGS,1795984.32,Credit,370535.64,Fuel,UP,538,0,Unknown,0.0,Success,Mobile_App,Verified,0,9,-1,-0.06637183262069557
TXN000162844,CUST076857,2020-06-25,04:37,NRI,RTGS,1703801.43,Debit,126239.33,Salary,Karnataka,851,0,Unknown,0.0,Success,Mobile_App,Pending,0,4,-1,-0.04363285045959531
TXN000162867,CUST001961,2020-06-25,04:35,Salary,IMPS,8495.83,Credit,34401.74,Salary,Rajasthan,406,1,Personal,24247.78,Success,Mobile_App,Verified,0,4,-1,-0.04242201422962899
TXN000162885,CUST016606,2020-06-25,15:38,Current,Cheque,1209436.72,Credit,523134.03,Healthcare,Karnataka,705,0,Unknown,0.0,Success,Web,Verified,0,15,-1,-0.054618745369138355
TXN000163006,CUST055644,2020-06-25,07:10,Current,Cheque,7175579.82,Debit,33450.32,Investment,Karnataka,711,1,Business,14289.23,Success,ATM,Verified,0,7,-1,-0.11360864817296046
TXN000163125,CUST028429,2020-06-26,18:18,Current,RTGS,1202019.42,Credit,160331.6,Investment,Maharashtra,370,1,Business,3845.09,Success,POS_Terminal,Verified,0,18,-1,-0.10954690346548546
TXN000163405,CUST062641,2020-06-27,18:29,Fixed Deposit,RTGS,405698.72,Debit,52278.1,Education,Karnataka,573,0,Unknown,0.0,Success,Mobile_App,Verified,0,18,-1,-0.016449314120019487
TXN000163483,CUST000980,2020-06-27,17:14,Savings,ATM_Withdrawal,3000.0,Debit,60949.67,Retail,Telangana,622,1,Gold,10118.4,Success,POS_Terminal,Verified,0,17,-1,-0.005044618679938662
TXN000163628,CUST058220,2020-06-27,08:05,Savings,RTGS,1421296.3,Credit,71194.36,Food & Dining,Maharashtra,759,1,Personal,3538.03,Success,Branch,Verified,0,8,-1,-0.11932913443207593
TXN000163767,CUST079172,2020-06-28,06:47,Salary,IMPS,1851.87,Credit,7431.12,Travel,Delhi,649,1,Business,26836.7,Success,Mobile_App,Verified,0,6,-1,-0.02082119953137007
TXN000163928,CUST041262,2020-06-28,03:00,Salary,POS,542.43,Debit,173988.53,E-Commerce,Karnataka,782,0,Unknown,0.0,Success,ATM,Verified,0,3,-1,-0.006086245971418491
TXN000164223,CUST077201,2020-06-29,13:57,Savings,RTGS,111287.9,Credit,41001.98,Entertainment,UP,729,0,Unknown,0.0,Success,POS_Terminal,Pending,0,13,-1,-0.0026178239150221883
TXN000164286,CUST048998,2020-06-29,18:02,Salary,ATM_Withdrawal,2000.0,Debit,45013.93,Insurance,Gujarat,548,1,Home,9119.93,Success,Web,Pending,0,18,-1,-0.005459092299222812
TXN000164397,CUST030437,2020-06-30,07:22,NRI,IMPS,2181.26,Credit,13590.57,Food & Dining,Punjab,551,1,Home,39183.19,Success,Mobile_App,Verified,0,7,-1,-0.014954086416255508
TXN000164451,CUST041550,2020-06-30,08:31,Current,Credit_Card,867.07,Debit,30598.8,E-Commerce,Telangana,535,1,Unknown,13187.82,Success,POS_Terminal,Verified,0,8,-1,-0.03427482593827147
TXN000164526,CUST054795,2020-06-30,22:58,Current,RTGS,358258.22,Credit,199527.84,Education,Delhi,759,0,Unknown,0.0,Success,Web,Verified,0,22,-1,-0.04110252306644391
TXN000164696,CUST013229,2020-07-01,23:36,Savings,UPI,1247.03,Debit,8222.44,Peer Transfer,Tamil Nadu,429,1,Home,20470.02,Success,Web,Verified,0,23,-1,-0.03641399086314512
TXN000164769,CUST054886,2020-07-01,01:26,Current,RTGS,1059979.24,Credit,52607.74,Retail,Punjab,310,0,Unknown,0.0,Success,Branch,Verified,0,1,-1,-0.06844739946508738
TXN000164822,CUST064488,2020-07-01,10:53,Savings,RTGS,1776506.92,Debit,20581.97,Entertainment,West Bengal,890,0,Unknown,0.0,Success,Mobile_App,Pending,0,10,-1,-0.03196679010387271
TXN000164994,CUST021421,2020-07-02,02:23,Savings,NEFT,18051.16,Credit,3732.26,Education,Tamil Nadu,518,1,Education,3423.18,Success,Mobile_App,Verified,0,2,-1,-0.019037366786641585
TXN000165058,CUST043912,2020-07-02,13:50,Savings,UPI,735.76,Debit,31027.38,Retail,Telangana,868,1,Home,41815.51,Success,ATM,Verified,0,13,-1,-0.02562415956369346
TXN000165117,CUST077865,2020-07-02,22:12,Savings,Cheque,1341406.53,Credit,146857.15,Government,Punjab,523,0,Unknown,0.0,Success,ATM,Verified,0,22,-1,-0.036802782712824444
TXN000165132,CUST013974,2020-07-02,18:18,Savings,POS,642.9,Debit,26305.01,Real Estate,Gujarat,548,0,Unknown,0.0,Success,ATM,Pending,0,18,-1,-0.01636712339327817
TXN000165200,CUST003284,2020-07-02,03:21,Savings,Cheque,1668834.68,Credit,40701.31,Healthcare,UP,695,0,Unknown,0.0,Success,Mobile_App,Verified,0,3,-1,-0.04213173095832978
TXN000165246,CUST001042,2020-07-03,21:27,Salary,Net_Banking,1506509.13,Credit,94151.05,Food & Dining,Tamil Nadu,862,0,Unknown,0.0,Success,Mobile_App,Verified,0,21,-1,-0.030344718184115993
TXN000165627,CUST044498,2020-07-04,19:11,Savings,UPI,160.29,Credit,12007.13,Utilities,Telangana,379,1,Business,39984.88,Success,Mobile_App,Verified,0,19,-1,-0.03931705953222808
TXN000165737,CUST067938,2020-07-04,12:12,Salary,NEFT,1267408.9,Credit,15038.1,Entertainment,Punjab,774,1,Business,18717.82,Success,Mobile_App,Verified,0,12,-1,-0.053174746605690326
TXN000165743,CUST022178,2020-07-04,20:27,Savings,RTGS,361028.86,Debit,59531.43,Salary,Maharashtra,782,1,Personal,24136.56,Success,Web,Verified,0,20,-1,-0.019550859657846864
TXN000165758,CUST034650,2020-07-04,06:32,Savings,RTGS,1744506.02,Credit,274758.45,Utilities,Gujarat,678,0,Unknown,0.0,Success,Web,Verified,0,6,-1,-0.030640351843288616
TXN000166049,CUST058041,2020-07-05,12:40,Savings,RTGS,243023.81,Credit,30845.97,Salary,Gujarat,708,0,Unknown,0.0,Success,Mobile_App,Verified,0,12,-1,-0.002467345153927325
TXN000166318,CUST011165,2020-07-06,08:55,Savings,RTGS,799506.57,Debit,167239.29,Travel,UP,603,1,Business,6768.0,Success,Branch,Pending,0,8,-1,-0.020330493149007478
TXN000166389,CUST044582,2020-07-06,15:09,Current,RTGS,937433.52,Credit,70263.08,Utilities,Maharashtra,692,0,Unknown,0.0,Success,ATM,Verified,1,15,-1,-0.011951180782856619
TXN000166440,CUST001075,2020-07-06,22:35,Current,RTGS,1677121.6,Credit,319577.73,Utilities,Maharashtra,313,0,Unknown,0.0,Success,Mobile_App,Verified,0,22,-1,-0.04837362283943947
TXN000166503,CUST052261,2020-07-07,12:56,Fixed Deposit,UPI,883.59,Debit,5978.94,E-Commerce,Maharashtra,406,1,Personal,16475.76,Success,Web,Verified,0,12,-1,-0.0021893186296161327
TXN000166571,CUST046728,2020-07-07,11:53,Salary,RTGS,258835.12,Debit,66061.35,Travel,Telangana,676,0,Unknown,0.0,Success,ATM,Verified,0,11,-1,-0.019006582361854263
TXN000166798,CUST039014,2020-07-08,08:00,Current,POS,924.32,Debit,119799.26,Real Estate,Tamil Nadu,590,1,Education,43030.66,Success,Mobile_App,Verified,0,8,-1,-0.04204581907112803
TXN000166872,CUST056077,2020-07-08,01:44,Savings,Cheque,1414184.39,Debit,94855.91,Fuel,Delhi,631,1,Education,2789.48,Success,Web,Verified,0,1,-1,-0.007076510232862598
TXN000166905,CUST011345,2020-07-08,00:24,Current,Cheque,1188470.85,Debit,154629.23,Healthcare,Karnataka,827,0,Unknown,0.0,Success,Mobile_App,Pending,0,0,-1,-0.0038162190448577382
TXN000167212,CUST013635,2020-07-09,01:36,Current,RTGS,948498.92,Debit,24047.0,Healthcare,Maharashtra,623,0,Unknown,0.0,Success,API,Verified,0,1,-1,-0.010181220024941151
TXN000167300,CUST053640,2020-07-09,05:33,Savings,IMPS,11440.35,Debit,79042.18,Travel,Tamil Nadu,470,1,Personal,23856.83,Success,Branch,Verified,0,5,-1,-0.026935092680384187
TXN000167595,CUST052767,2020-07-10,01:15,Current,RTGS,933087.0,Credit,54989.91,Entertainment,Tamil Nadu,340,0,Unknown,0.0,Success,ATM,Verified,0,1,-1,-0.020499246325812792
TXN000167659,CUST048695,2020-07-11,07:57,Savings,Net_Banking,15657.3,Credit,21664.59,E-Commerce,Telangana,782,1,Home,24951.25,Success,Mobile_App,Verified,0,7,-1,-0.06340846460160199
TXN000167665,CUST068907,2020-07-11,20:57,Salary,Cheque,1761361.16,Debit,83524.57,Education,West Bengal,671,0,Unknown,0.0,Success,Mobile_App,Verified,0,20,-1,-0.02964062005994017
TXN000167758,CUST007029,2020-07-11,01:47,Savings,ATM_Withdrawal,1000.0,Debit,61453.06,Food & Dining,Gujarat,841,1,Business,28193.9,Success,Mobile_App,Verified,0,1,-1,-0.0032000788569735983
TXN000168015,CUST027992,2020-07-12,13:35,Savings,RTGS,143668.54,Credit,18190.45,Retail,Rajasthan,518,1,Personal,5200.84,Success,Mobile_App,Verified,0,13,-1,-0.010888680842486509
TXN000168182,CUST070807,2020-07-12,08:12,Savings,ATM_Withdrawal,10000.0,Debit,35328.03,Utilities,Karnataka,423,1,Home,57499.69,Success,Mobile_App,Verified,0,8,-1,-0.05093724294350899
TXN000168231,CUST072186,2020-07-13,08:29,Savings,ATM_Withdrawal,2000.0,Debit,92294.74,E-Commerce,Karnataka,345,0,Unknown,0.0,Failed,Web,Verified,0,8,-1,-0.02181875403905076
TXN000168328,CUST039944,2020-07-13,12:51,NRI,RTGS,1763395.67,Debit,337195.1,E-Commerce,Karnataka,467,0,Unknown,0.0,Success,Mobile_App,Verified,0,12,-1,-0.04059555704244633
TXN000168354,CUST051211,2020-07-13,03:26,Current,RTGS,331779.7,Debit,77702.87,Food & Dining,Maharashtra,699,0,Unknown,0.0,Success,Mobile_App,Verified,0,3,-1,-0.004816265430603983
TXN000168374,CUST068377,2020-07-13,21:44,Salary,RTGS,876407.7,Debit,11192.53,Peer Transfer,Maharashtra,687,0,Unknown,0.0,Success,Web,Verified,0,21,-1,-0.02680427591623724
TXN000168377,CUST009626,2020-07-13,16:57,Salary,RTGS,666061.05,Debit,24419.28,Utilities,Tamil Nadu,649,0,Unknown,0.0,Success,Mobile_App,Verified,0,16,-1,-0.008661984555180524
TXN000168389,CUST065182,2020-07-13,21:50,NRI,RTGS,814646.78,Debit,162602.16,Investment,Delhi,483,0,Unknown,0.0,Pending,Mobile_App,Verified,0,21,-1,-0.04365246389289179
TXN000168571,CUST007386,2020-07-14,12:40,Current,ATM_Withdrawal,1000.0,Debit,77269.15,Education,Telangana,325,0,Unknown,0.0,Success,ATM,Verified,0,12,-1,-0.008612331804989104
TXN000168770,CUST066306,2020-07-14,12:39,Current,RTGS,1558428.77,Debit,26543.1,Retail,West Bengal,629,0,Unknown,0.0,Success,POS_Terminal,Verified,1,12,-1,-0.06469146252380253
TXN000168789,CUST076228,2020-07-14,22:01,Salary,RTGS,568749.13,Debit,11260.99,Retail,West Bengal,828,0,Unknown,0.0,Success,Web,Verified,0,22,-1,-0.015974103611906987
TXN000168973,CUST004883,2020-07-15,18:29,Salary,RTGS,976806.86,Debit,10435.93,Retail,Gujarat,870,1,Unknown,3108.34,Success,Web,Verified,1,18,-1,-0.024089916981482107
TXN000169013,CUST025192,2020-07-15,07:28,Current,RTGS,785500.82,Credit,3608.25,Investment,West Bengal,687,0,Unknown,0.0,Success,Web,Verified,0,7,-1,-0.048824684408085406
TXN000169105,CUST022935,2020-07-16,03:49,Savings,RTGS,2171114.2,Debit,29538.3,Travel,Rajasthan,530,0,Unknown,0.0,Reversed,Branch,Verified,0,3,-1,-0.07773036529208821
TXN000169150,CUST038510,2020-07-16,14:39,Salary,Auto_Debit,364.52,Debit,4297.63,Travel,Gujarat,654,1,Personal,22827.81,Success,Branch,Expired,0,14,-1,-0.027127457132025357
TXN000169183,CUST059362,2020-07-16,04:27,NRI,RTGS,2067307.75,Credit,36515.06,Insurance,Maharashtra,521,0,Unknown,0.0,Success,POS_Terminal,Verified,0,4,-1,-0.04840314724541095
TXN000169319,CUST051631,2020-07-16,07:18,Fixed Deposit,UPI,2116.31,Debit,124371.23,Travel,UP,470,1,Gold,18539.17,Failed,POS_Terminal,Verified,0,7,-1,-0.0274157681106193
TXN000169323,CUST076060,2020-07-16,05:41,Current,Auto_Debit,4283.91,Debit,26825.94,Education,Maharashtra,505,0,Unknown,0.0,Success,Mobile_App,Verified,0,5,-1,-0.0008610763186497339
TXN000169408,CUST031109,2020-07-17,03:55,Salary,POS,513.71,Debit,135608.21,Investment,Gujarat,622,1,Personal,25045.35,Failed,API,Verified,0,3,-1,-0.030515940397002228
TXN000169521,CUST076645,2020-07-17,04:45,NRI,RTGS,3009039.78,Credit,23230.3,Salary,Maharashtra,569,0,Unknown,0.0,Success,POS_Terminal,Verified,0,4,-1,-0.052354569438218146
TXN000169756,CUST042759,2020-07-18,21:04,Savings,NEFT,7313.93,Debit,47798.21,Education,Maharashtra,886,1,Education,39696.24,Success,POS_Terminal,Verified,0,21,-1,-0.004461227713136284
TXN000169807,CUST036078,2020-07-18,04:15,Fixed Deposit,IMPS,611.28,Credit,20072.95,Retail,Karnataka,406,0,Unknown,0.0,Success,Mobile_App,Verified,0,4,-1,-0.00754055016256705
TXN000170091,CUST049009,2020-07-19,17:20,Salary,UPI,13.56,Debit,24741.23,Education,West Bengal,870,1,Auto,43314.93,Success,ATM,Verified,0,17,-1,-0.0006474353681615863
TXN000170093,CUST031837,2020-07-19,07:25,Salary,UPI,480.2,Credit,48858.99,Government,Tamil Nadu,782,1,Business,3680.25,Success,Web,Verified,0,7,-1,-0.00028081098669430204
TXN000170349,CUST056421,2020-07-20,14:32,Savings,Auto_Debit,1169.3,Debit,240289.83,Retail,Maharashtra,793,0,Unknown,0.0,Success,Mobile_App,Verified,0,14,-1,-0.006517217023310984
TXN000170402,CUST004367,2020-07-20,04:51,Salary,RTGS,775961.12,Debit,23475.65,Travel,Gujarat,728,0,Unknown,0.0,Success,Branch,Verified,0,4,-1,-0.043278735059473106
TXN000170678,CUST027319,2020-07-21,08:58,Current,Auto_Debit,1073.53,Debit,567953.06,Peer Transfer,Maharashtra,326,0,Unknown,0.0,Success,Mobile_App,Pending,0,8,-1,-0.0056547246262586
TXN000170709,CUST034700,2020-07-21,03:01,Fixed Deposit,Cheque,2788811.08,Credit,2562.7,Real Estate,Maharashtra,867,0,Unknown,0.0,Success,ATM,Verified,0,3,-1,-0.09419826790129937
TXN000170820,CUST036273,2020-07-21,11:30,Savings,UPI,6870.85,Debit,40057.66,Retail,Maharashtra,503,1,Personal,37228.26,Success,Branch,Verified,0,11,-1,-0.011401431615892021
TXN000170863,CUST011273,2020-07-21,23:25,Savings,Net_Banking,3370.02,Debit,29781.91,Utilities,Karnataka,406,0,Unknown,0.0,Success,Mobile_App,Verified,0,23,-1,-0.006579075485856789
TXN000170938,CUST053966,2020-07-22,13:31,Salary,Cheque,5444.19,Debit,9311.81,Investment,Telangana,622,1,Business,15092.35,Success,ATM,Verified,0,13,-1,-0.0013850860238541207
TXN000171046,CUST028920,2020-07-22,11:47,Current,RTGS,916326.09,Credit,26362.41,Food & Dining,Maharashtra,441,1,Personal,11132.69,Success,Mobile_App,Verified,0,11,-1,-0.003041889884073612
TXN000171201,CUST026208,2020-07-23,13:01,Savings,RTGS,484266.36,Debit,13420.56,E-Commerce,Tamil Nadu,649,0,Unknown,0.0,Success,Web,Verified,0,13,-1,-0.012784112725809704
TXN000171441,CUST037789,2020-07-23,09:41,Current,Cheque,719125.18,Credit,33890.84,Food & Dining,Rajasthan,645,0,Unknown,0.0,Success,Mobile_App,Verified,0,9,-1,-0.011469959742171243
TXN000171666,CUST006169,2020-07-24,23:53,Current,Cheque,1434474.92,Credit,15853.15,Food & Dining,Tamil Nadu,354,1,Business,17229.72,Success,Web,Verified,0,23,-1,-0.04891248876942145
TXN000171919,CUST025158,2020-07-25,16:40,Salary,UPI,519.12,Credit,76151.91,Education,Karnataka,313,1,Auto,22205.67,Success,Branch,Verified,0,16,-1,-0.005399414570120609
TXN000172009,CUST037335,2020-07-25,21:52,Current,RTGS,110950.33,Credit,14025.88,Utilities,Tamil Nadu,518,0,Unknown,0.0,Success,POS_Terminal,Verified,0,21,-1,-0.018270445583975836
TXN000172034,CUST050146,2020-07-25,16:12,Fixed Deposit,Auto_Debit,1851.4,Debit,204121.4,Travel,Gujarat,640,0,Unknown,0.0,Success,Mobile_App,Pending,0,16,-1,-0.006780212937807395
TXN000172037,CUST002604,2020-07-25,04:38,Fixed Deposit,POS,269.78,Debit,98034.72,Food & Dining,Delhi,671,1,Home,84002.07,Success,Web,Verified,0,4,-1,-0.03194868009243379
TXN000172243,CUST039576,2020-07-26,07:33,Savings,RTGS,190643.36,Debit,214504.16,Retail,Maharashtra,680,1,Home,57127.04,Success,POS_Terminal,Verified,0,7,-1,-0.03265908135208817
TXN000172403,CUST048966,2020-07-27,03:24,Current,NEFT,1544890.76,Credit,32807.03,Retail,UP,715,1,Home,8863.85,Success,Web,Verified,0,3,-1,-0.061040999406916985
TXN000172746,CUST057609,2020-07-28,07:28,Salary,IMPS,3340.22,Credit,90101.65,Entertainment,Punjab,570,1,Home,48467.2,Success,Mobile_App,Verified,0,7,-1,-0.017187583791044347
TXN000172811,CUST010225,2020-07-28,07:14,Savings,RTGS,64743.45,Debit,25173.55,Travel,Tamil Nadu,796,1,Personal,10182.0,Success,Web,Verified,0,7,-1,-0.020410779674446267
TXN000173103,CUST076438,2020-07-29,03:16,Savings,RTGS,1159868.29,Credit,5765.96,Insurance,Maharashtra,870,0,Unknown,0.0,Success,Branch,Verified,0,3,-1,-0.05447785780956693
TXN000173415,CUST019387,2020-07-30,01:28,Current,UPI,228.15,Debit,28719.85,Travel,West Bengal,403,1,Home,35860.16,Success,Web,Verified,0,1,-1,-0.011264137449948253
TXN000173617,CUST012136,2020-07-30,08:07,Savings,Net_Banking,83134.89,Debit,714676.16,Investment,Maharashtra,782,1,Education,21735.11,Success,Web,Verified,0,8,-1,-0.020102808517320825
TXN000173686,CUST043329,2020-07-31,07:21,Current,Cheque,4991337.34,Debit,217571.01,Travel,Telangana,794,1,Auto,5655.8,Success,POS_Terminal,Pending,1,7,-1,-0.09563117839347113
TXN000174026,CUST050085,2020-08-01,15:33,Savings,ATM_Withdrawal,1000.0,Debit,29565.51,Healthcare,Karnataka,449,1,Home,59913.92,Success,POS_Terminal,Verified,0,15,-1,-0.00814701801412121
TXN000174027,CUST048469,2020-08-01,15:50,Fixed Deposit,RTGS,136407.47,Credit,14546.78,Travel,Telangana,783,1,Personal,21086.31,Success,Web,Verified,0,15,-1,-0.0008856630799267684
TXN000174150,CUST056646,2020-08-01,14:07,Savings,UPI,319.13,Credit,435050.8,Healthcare,Telangana,549,1,Auto,13754.43,Success,Web,Verified,0,14,-1,-0.005667120869246034
TXN000174154,CUST020134,2020-08-01,12:21,Current,RTGS,1311036.54,Credit,10679.53,Travel,Karnataka,747,0,Unknown,0.0,Failed,ATM,Verified,0,12,-1,-0.008633248755379963
TXN000174213,CUST071368,2020-08-01,08:09,Fixed Deposit,UPI,2781.98,Credit,131976.26,Real Estate,Rajasthan,406,0,Unknown,0.0,Success,Mobile_App,Verified,0,8,-1,-0.004021294162974476
TXN000174250,CUST052739,2020-08-01,07:47,Savings,RTGS,1123342.06,Credit,636175.1,Food & Dining,Delhi,687,0,Unknown,0.0,Success,Mobile_App,Verified,0,7,-1,-0.06008240259135711
TXN000174302,CUST000324,2020-08-02,06:20,Savings,RTGS,1179223.95,Credit,337504.54,E-Commerce,Telangana,813,0,Unknown,0.0,Success,Web,Expired,0,6,-1,-0.005409600135968917
TXN000174319,CUST055042,2020-08-02,04:46,Current,RTGS,1230216.01,Debit,6020.52,Travel,West Bengal,846,1,Home,3125.26,Success,Mobile_App,Expired,0,4,-1,-0.006508742902290199
TXN000174471,CUST029218,2020-08-02,17:02,Savings,RTGS,910095.68,Debit,2042.27,E-Commerce,Delhi,785,0,Unknown,0.0,Success,Mobile_App,Verified,0,17,-1,-0.05782284996464093
TXN000174617,CUST026248,2020-08-03,17:39,Fixed Deposit,RTGS,485796.04,Debit,95636.57,Peer Transfer,Maharashtra,640,0,Unknown,0.0,Success,Mobile_App,Expired,0,17,-1,-0.06432261793444605
TXN000174672,CUST066477,2020-08-03,19:58,Current,RTGS,634337.89,Credit,219799.68,Retail,Maharashtra,739,1,Personal,6510.99,Success,Mobile_App,Verified,0,19,-1,-0.013276629578703458
TXN000174687,CUST024032,2020-08-03,17:41,Current,Cheque,68139.91,Debit,9535.47,E-Commerce,Gujarat,470,1,Home,16131.71,Success,Web,Verified,1,17,-1,-0.016608157382856592
TXN000174801,CUST043176,2020-08-03,23:43,Fixed Deposit,Auto_Debit,967.49,Debit,5754.26,Government,West Bengal,505,0,Unknown,0.0,Failed,POS_Terminal,Pending,0,23,-1,-0.02444370532960649
TXN000175071,CUST067119,2020-08-04,23:45,Savings,Cheque,1358442.21,Credit,473050.22,Retail,Tamil Nadu,553,0,Unknown,0.0,Success,ATM,Verified,0,23,-1,-0.06761302446572892
TXN000175415,CUST024849,2020-08-05,06:21,Savings,ATM_Withdrawal,2000.0,Debit,126629.91,E-Commerce,Karnataka,782,1,Personal,16255.42,Success,Mobile_App,Verified,0,6,-1,-0.027659343565867966
TXN000175562,CUST077071,2020-08-06,17:57,Current,RTGS,1077853.92,Debit,1414.09,Government,Gujarat,849,1,Home,7531.6,Success,Web,Verified,0,17,-1,-0.021838454793798423
TXN000175582,CUST040693,2020-08-06,08:08,Salary,RTGS,1041412.04,Debit,40347.92,Food & Dining,Maharashtra,309,0,Unknown,0.0,Success,Mobile_App,Verified,0,8,-1,-0.014139965841838409
TXN000175780,CUST045567,2020-08-06,15:04,Current,RTGS,224783.23,Debit,27688.64,Peer Transfer,Maharashtra,640,1,Education,1439.68,Success,Mobile_App,Verified,0,15,-1,-0.012369141102112291
TXN000175974,CUST077970,2020-08-07,19:59,Current,NEFT,1980842.9,Debit,144137.82,Fuel,Tamil Nadu,820,0,Unknown,0.0,Success,API,Verified,0,19,-1,-0.022783118768352928
TXN000176247,CUST062846,2020-08-08,12:24,Current,RTGS,1722056.79,Credit,29468.57,Entertainment,Delhi,839,0,Unknown,0.0,Success,Mobile_App,Verified,0,12,-1,-0.06777389350948715
TXN000176397,CUST076477,2020-08-08,15:31,Savings,RTGS,528415.94,Credit,58254.19,Education,Delhi,483,1,Business,29195.88,Reversed,ATM,Verified,0,15,-1,-0.012019036012614004
TXN000176689,CUST011169,2020-08-09,19:55,Salary,IMPS,13162.79,Debit,25696.15,Salary,Delhi,751,1,Gold,65630.92,Failed,Web,Verified,0,19,-1,-0.04748044075854985
TXN000176735,CUST072785,2020-08-09,11:27,Current,RTGS,577883.86,Credit,29063.32,Travel,Karnataka,849,0,Unknown,0.0,Success,Web,Verified,0,11,-1,-0.015083088707258607
TXN000176827,CUST051950,2020-08-10,04:45,Salary,RTGS,649837.38,Credit,14923.03,Healthcare,Karnataka,796,0,Unknown,0.0,Success,ATM,Verified,0,4,-1,-0.08635566373364179
TXN000176986,CUST052087,2020-08-10,13:46,Current,RTGS,1411263.93,Credit,73945.54,Insurance,Delhi,636,0,Unknown,0.0,Success,Web,Verified,1,13,-1,-0.016296735586929456
TXN000177000,CUST050349,2020-08-10,20:14,Savings,UPI,5661.67,Credit,31345.96,Investment,Karnataka,429,1,Auto,1551.03,Success,Web,Verified,0,20,-1,-0.003117906930164671
TXN000177023,CUST065573,2020-08-11,22:49,Savings,RTGS,1040975.52,Credit,17016.52,Healthcare,Maharashtra,665,0,Unknown,0.0,Success,Mobile_App,Verified,0,22,-1,-0.04052589313796129
TXN000177143,CUST021124,2020-08-11,15:56,Current,IMPS,18445.97,Credit,36052.99,E-Commerce,Rajasthan,640,0,Unknown,0.0,Success,POS_Terminal,Verified,0,15,-1,-0.0005951785647589913
TXN000177162,CUST003542,2020-08-11,14:43,Savings,RTGS,813065.55,Credit,10037.97,E-Commerce,Gujarat,393,0,Unknown,0.0,Success,Mobile_App,Verified,0,14,-1,-0.0012624360551599656
TXN000177349,CUST069331,2020-08-12,18:48,NRI,Auto_Debit,376.23,Debit,599217.68,Utilities,West Bengal,654,1,Home,41017.0,Success,Mobile_App,Verified,1,18,-1,-0.05622964264754815
TXN000177663,CUST072055,2020-08-13,16:23,Salary,RTGS,1760800.43,Credit,91602.73,Food & Dining,Telangana,438,1,Personal,12101.7,Success,Branch,Verified,0,16,-1,-0.03483742590946626
TXN000177678,CUST045931,2020-08-13,06:36,Savings,Credit_Card,1261.97,Debit,118621.78,Food & Dining,Gujarat,620,1,Unknown,32550.34,Success,Web,Verified,0,6,-1,-0.01416916428973114
TXN000177915,CUST045375,2020-08-13,04:31,Savings,Cheque,1173722.53,Credit,17239.03,Healthcare,Maharashtra,518,1,Business,3535.81,Success,API,Expired,0,4,-1,-0.060238373357384245
TXN000177980,CUST002991,2020-08-14,12:53,Current,Cheque,1090758.01,Credit,128344.97,E-Commerce,Maharashtra,453,0,Unknown,0.0,Success,POS_Terminal,Verified,0,12,-1,-0.024335337895630027
TXN000178013,CUST045731,2020-08-14,05:18,Savings,Cheque,1179858.55,Debit,37628.39,E-Commerce,Maharashtra,434,0,Unknown,0.0,Success,API,Verified,0,5,-1,-0.015184550319810919
TXN000178041,CUST022231,2020-08-14,15:51,Savings,RTGS,761155.93,Debit,10454.74,Insurance,Karnataka,714,0,Unknown,0.0,Success,ATM,Verified,0,15,-1,-0.00620202039896578
TXN000178082,CUST039378,2020-08-14,01:15,NRI,RTGS,1086132.64,Credit,12369.53,Entertainment,UP,308,0,Unknown,0.0,Success,ATM,Verified,0,1,-1,-0.042918451616254516
TXN000178084,CUST065092,2020-08-14,12:49,Fixed Deposit,Auto_Debit,6554.75,Debit,52217.75,Salary,Tamil Nadu,739,1,Education,5111.87,Success,Web,Verified,0,12,-1,-0.02409352076612492
TXN000178148,CUST008117,2020-08-14,06:54,Savings,RTGS,1321076.69,Credit,41495.32,Peer Transfer,UP,417,1,Home,11135.48,Success,API,Verified,0,6,-1,-0.01625651076645851
TXN000178152,CUST055406,2020-08-14,19:25,Savings,NEFT,20184.04,Credit,88633.23,Salary,West Bengal,864,0,Unknown,0.0,Success,POS_Terminal,Verified,0,19,-1,-0.02205774941276839
TXN000178179,CUST005499,2020-08-14,22:47,Salary,IMPS,1280.13,Debit,7528.46,Salary,Tamil Nadu,792,0,Unknown,0.0,Success,Web,Verified,0,22,-1,-0.03488031465138142
TXN000178237,CUST068809,2020-08-15,02:55,Salary,ATM_Withdrawal,5000.0,Debit,147019.21,Education,Delhi,803,0,Unknown,0.0,Success,Mobile_App,Verified,0,2,-1,-0.004993109206656521
TXN000178408,CUST025569,2020-08-15,14:39,Fixed Deposit,RTGS,999385.07,Debit,12987.35,Government,Gujarat,392,0,Unknown,0.0,Success,Mobile_App,Verified,0,14,-1,-0.0971784926364182
TXN000178539,CUST019480,2020-08-16,07:59,Current,RTGS,1668353.15,Credit,23005.72,Food & Dining,Gujarat,750,0,Unknown,0.0,Success,API,Pending,0,7,-1,-0.08238880416545824
TXN000178561,CUST040743,2020-08-16,14:41,Current,RTGS,173640.21,Credit,68872.49,Education,Telangana,796,0,Unknown,0.0,Success,Web,Pending,0,14,-1,-0.0005285556067664565
TXN000178601,CUST007769,2020-08-16,02:15,Savings,UPI,1885.85,Debit,19838.16,Utilities,West Bengal,799,1,Home,17087.67,Success,POS_Terminal,Verified,0,2,-1,-0.026697769022367757
TXN000178803,CUST024607,2020-08-16,23:40,Savings,RTGS,832954.08,Debit,203827.36,Utilities,UP,657,1,Home,4473.92,Success,Mobile_App,Verified,0,23,-1,-0.02875265602098276
TXN000178823,CUST071110,2020-08-16,07:24,Fixed Deposit,ATM_Withdrawal,1000.0,Debit,288715.5,Entertainment,West Bengal,542,1,Unknown,28837.07,Success,Branch,Verified,0,7,-1,-0.01600086274679402
TXN000178913,CUST052821,2020-08-17,03:29,Current,Auto_Debit,6413.28,Debit,524627.17,Education,Gujarat,793,1,Home,1734.06,Success,POS_Terminal,Verified,0,3,-1,-0.030913647720360204
TXN000179129,CUST011486,2020-08-17,04:48,Fixed Deposit,UPI,520.63,Credit,179275.96,Food & Dining,Maharashtra,470,1,Home,37793.96,Success,Branch,Verified,0,4,-1,-0.0833228070100922
TXN000179301,CUST003764,2020-08-18,19:40,Current,Cheque,876563.62,Credit,62726.98,Insurance,Karnataka,573,0,Unknown,0.0,Success,API,Verified,0,19,-1,-0.02614642731534156
TXN000179326,CUST009075,2020-08-18,18:13,Savings,ATM_Withdrawal,2000.0,Debit,24665.19,Fuel,Tamil Nadu,548,1,Personal,2595.58,Success,Web,Expired,0,18,-1,-0.01703740344849236
TXN000179344,CUST067664,2020-08-18,19:48,Savings,IMPS,2725.39,Credit,132176.36,Food & Dining,Tamil Nadu,688,1,Personal,30317.31,Success,Web,Verified,0,19,-1,-0.0022613082929917594
TXN000179403,CUST059410,2020-08-18,17:46,NRI,NEFT,44961.88,Debit,48927.44,Real Estate,Maharashtra,582,1,Home,42486.14,Success,Mobile_App,Verified,0,17,-1,-0.0254621700383435
TXN000179474,CUST013614,2020-08-19,01:29,Savings,UPI,4422.82,Credit,33262.32,Investment,Karnataka,803,0,Unknown,0.0,Success,POS_Terminal,Verified,0,1,-1,-0.016816934322674615
TXN000179685,CUST012044,2020-08-19,00:52,Current,RTGS,1259230.94,Credit,18999.63,Fuel,UP,656,0,Unknown,0.0,Success,Mobile_App,Verified,0,0,-1,-0.048797310832965124
TXN000179698,CUST043439,2020-08-19,20:58,Savings,RTGS,405940.97,Credit,26026.17,Fuel,Tamil Nadu,407,0,Unknown,0.0,Success,Web,Verified,0,20,-1,-0.0007972449404894943
TXN000179780,CUST049748,2020-08-20,04:18,Savings,RTGS,2972968.25,Credit,106760.45,Peer Transfer,UP,718,0,Unknown,0.0,Success,POS_Terminal,Verified,0,4,-1,-0.07980355900186065
TXN000179793,CUST038363,2020-08-20,09:00,Current,RTGS,1565953.55,Debit,261430.72,Salary,West Bengal,485,0,Unknown,0.0,Success,ATM,Pending,0,9,-1,-0.03500959884041266
TXN000179944,CUST079768,2020-08-20,11:05,Current,Cheque,11371.59,Credit,12571.84,Food & Dining,Maharashtra,616,1,Personal,39139.31,Success,Web,Verified,0,11,-1,-0.024421989433373703
TXN000179963,CUST008960,2020-08-20,11:07,NRI,Credit_Card,2023.39,Debit,35432.37,Insurance,West Bengal,792,0,Unknown,0.0,Success,Web,Verified,0,11,-1,-0.00624237015339435
TXN000179994,CUST055196,2020-08-20,23:06,NRI,RTGS,381466.28,Credit,2831.92,Insurance,Tamil Nadu,645,1,Home,4343.7,Success,API,Verified,0,23,-1,-0.02154569741324419
TXN000180000,CUST051297,2020-08-20,02:28,Salary,UPI,736.05,Debit,112611.13,Peer Transfer,Gujarat,609,1,Business,67826.04,Success,API,Verified,0,2,-1,-0.009472835389362833
TXN000180201,CUST048765,2020-08-21,03:23,Fixed Deposit,IMPS,2833.35,Debit,168869.27,E-Commerce,Punjab,792,0,Unknown,0.0,Success,Web,Verified,0,3,-1,-0.00015372642804967196
TXN000180304,CUST007449,2020-08-21,19:52,Current,RTGS,1495420.76,Debit,2342.24,Salary,Maharashtra,699,0,Unknown,0.0,Pending,ATM,Verified,0,19,-1,-0.07609425160221284
TXN000180547,CUST050384,2020-08-22,22:45,Current,RTGS,1449452.38,Debit,20364.56,Investment,Maharashtra,824,1,Education,2994.86,Success,Mobile_App,Pending,0,22,-1,-0.020281757558278768
TXN000180593,CUST033220,2020-08-22,04:46,Savings,RTGS,245415.04,Debit,14904.7,Food & Dining,Gujarat,763,0,Unknown,0.0,Success,Mobile_App,Verified,0,4,-1,-0.015125505692173191
TXN000180692,CUST025147,2020-08-23,10:10,Current,RTGS,859051.11,Debit,6393.26,Fuel,Punjab,688,1,Business,2465.34,Success,Web,Verified,0,10,-1,-0.003957817919358564
TXN000180889,CUST025735,2020-08-23,23:27,Savings,RTGS,1139242.4,Debit,26451.57,Salary,Tamil Nadu,514,0,Unknown,0.0,Success,POS_Terminal,Verified,1,23,-1,-0.013099908849658726
TXN000181013,CUST022632,2020-08-24,18:36,Current,RTGS,1299496.82,Credit,43709.76,Food & Dining,Karnataka,347,1,Personal,5253.26,Success,ATM,Verified,0,18,-1,-0.0329675365925618
TXN000181199,CUST006192,2020-08-24,17:17,Savings,RTGS,1164845.07,Debit,10446.61,Fuel,Karnataka,799,1,Auto,2671.44,Success,Mobile_App,Verified,0,17,-1,-0.07918626715212496
TXN000181218,CUST001385,2020-08-24,00:21,NRI,Cheque,9987.2,Credit,56950.72,Food & Dining,Telangana,676,0,Unknown,0.0,Success,Web,Verified,0,0,-1,-0.02834617107378512
TXN000181363,CUST073332,2020-08-25,23:08,Salary,Net_Banking,8630.34,Debit,795150.41,Education,Maharashtra,425,1,Home,11810.97,Success,Web,Verified,0,23,-1,-0.004262762991152802
TXN000181550,CUST032480,2020-08-26,09:30,NRI,RTGS,2810732.35,Debit,214735.11,Insurance,Delhi,792,1,Unknown,8454.89,Success,Mobile_App,Expired,0,9,-1,-0.15360356440090883
TXN000181681,CUST054035,2020-08-26,22:03,Savings,RTGS,870828.31,Debit,41934.02,Retail,Karnataka,474,0,Unknown,0.0,Failed,Web,Verified,0,22,-1,-0.08233407569182627
TXN000181751,CUST022013,2020-08-26,07:05,Current,UPI,589.75,Debit,37901.21,Investment,Gujarat,405,1,Auto,42490.52,Success,Web,Verified,0,7,-1,-0.002703658874010695
TXN000181769,CUST003301,2020-08-26,15:23,Savings,Auto_Debit,6751.98,Debit,12047.37,Insurance,Gujarat,372,0,Unknown,0.0,Success,Web,Verified,0,15,-1,-0.0005791507139024654
TXN000181831,CUST019979,2020-08-27,15:40,Savings,POS,1113.07,Debit,470263.94,Government,Karnataka,714,1,Personal,7520.82,Failed,Mobile_App,Pending,0,15,-1,-0.0035974599726321665
TXN000181946,CUST006539,2020-08-27,09:42,Savings,RTGS,634242.22,Debit,31116.3,Retail,Maharashtra,364,0,Unknown,0.0,Success,POS_Terminal,Pending,0,9,-1,-0.028704639177913105
TXN000182179,CUST039710,2020-08-28,09:31,Salary,Cheque,3820433.13,Credit,205438.51,Entertainment,Gujarat,807,0,Unknown,0.0,Success,Mobile_App,Verified,0,9,-1,-0.09689614298076554
TXN000182278,CUST028677,2020-08-28,15:49,Current,RTGS,1186295.66,Credit,113052.97,Fuel,Gujarat,474,0,Unknown,0.0,Success,POS_Terminal,Verified,0,15,-1,-0.047721927272177944
TXN000182299,CUST004702,2020-08-28,02:49,Salary,RTGS,906048.98,Credit,19674.31,Retail,Tamil Nadu,604,0,Unknown,0.0,Success,Mobile_App,Verified,0,2,-1,-0.008488188686643028
TXN000182440,CUST063187,2020-08-28,01:04,Current,RTGS,164914.52,Debit,220239.77,E-Commerce,Tamil Nadu,649,0,Unknown,0.0,Success,Web,Verified,0,1,-1,-0.0014599465187605798
TXN000182659,CUST010498,2020-08-29,07:50,Fixed Deposit,RTGS,615409.65,Debit,88660.63,Healthcare,Telangana,540,0,Unknown,0.0,Success,Web,Verified,1,7,-1,-0.03223085505498546
TXN000182721,CUST020051,2020-08-29,03:14,Savings,Auto_Debit,2048.44,Debit,292831.13,Investment,Telangana,487,0,Unknown,0.0,Success,ATM,Verified,0,3,-1,-0.00114860891051638
TXN000182787,CUST054325,2020-08-30,08:40,Savings,RTGS,124123.03,Debit,7268.02,Food & Dining,Maharashtra,358,0,Unknown,0.0,Success,Web,Verified,0,8,-1,-0.0007621369675880896
TXN000182807,CUST041628,2020-08-30,09:05,NRI,RTGS,706363.76,Credit,225033.28,Food & Dining,Karnataka,853,0,Unknown,0.0,Success,Web,Verified,1,9,-1,-0.003302413487532574
TXN000182857,CUST024854,2020-08-30,07:17,Current,RTGS,670451.48,Debit,59054.31,Government,Rajasthan,687,0,Unknown,0.0,Success,Web,Verified,0,7,-1,-0.017857446811066713
TXN000182923,CUST072223,2020-08-30,22:55,Savings,ATM_Withdrawal,1000.0,Debit,14140.49,Entertainment,Delhi,645,1,Business,32876.12,Success,API,Pending,0,22,-1,-0.04959966772687496
TXN000183004,CUST049262,2020-08-30,06:53,Savings,IMPS,9541.39,Credit,19523.57,Retail,West Bengal,372,0,Unknown,0.0,Success,Mobile_App,Verified,0,6,-1,-0.003214870457422636
TXN000183005,CUST023245,2020-08-30,07:38,Savings,RTGS,962779.09,Credit,7542.99,Salary,Punjab,662,0,Unknown,0.0,Success,Branch,Verified,0,7,-1,-0.050356181955903745
TXN000183549,CUST065459,2020-09-01,01:32,Current,RTGS,283635.4,Credit,62762.05,Peer Transfer,UP,392,0,Unknown,0.0,Success,Mobile_App,Verified,0,1,-1,-0.012074382677047857
TXN000183568,CUST011229,2020-09-01,02:26,Savings,RTGS,838378.68,Credit,25361.1,Travel,Delhi,762,1,Unknown,3427.48,Success,API,Verified,0,2,-1,-0.028015660112241436
TXN000183579,CUST027782,2020-09-01,03:44,Savings,NEFT,643239.03,Debit,53514.79,Peer Transfer,Tamil Nadu,796,0,Unknown,0.0,Success,Web,Verified,0,3,-1,-0.014979031355650707
TXN000183600,CUST068052,2020-09-01,01:34,Current,Cheque,762509.08,Debit,42456.6,Healthcare,Delhi,640,1,Auto,5847.91,Success,ATM,Verified,0,1,-1,-0.0558222302571747
TXN000183852,CUST026759,2020-09-02,00:03,Current,RTGS,563064.63,Credit,99181.4,Real Estate,Telangana,314,1,Education,3525.38,Failed,Mobile_App,Verified,0,0,-1,-0.041990751646794555
TXN000184051,CUST034108,2020-09-03,03:49,Savings,RTGS,1195125.42,Debit,116555.3,Utilities,Tamil Nadu,460,1,Business,5326.28,Success,Mobile_App,Expired,0,3,-1,-0.02420334998012419
TXN000184189,CUST030868,2020-09-03,01:58,Fixed Deposit,Net_Banking,2425.49,Credit,149835.91,Investment,Telangana,616,0,Unknown,0.0,Success,Mobile_App,Verified,0,1,-1,-0.01705502515711177
TXN000184207,CUST021544,2020-09-03,14:19,Savings,RTGS,221915.06,Credit,96202.02,Utilities,Maharashtra,483,1,Home,16597.41,Success,Web,Verified,0,14,-1,-0.011026796143722928
TXN000184360,CUST057736,2020-09-04,21:28,Savings,IMPS,958.2,Credit,15534.18,Travel,UP,346,1,Business,64638.91,Success,Mobile_App,Verified,0,21,-1,-0.015008587842325616
TXN000184400,CUST068878,2020-09-04,15:09,Fixed Deposit,UPI,1448.9,Credit,848929.5,Retail,Karnataka,827,0,Unknown,0.0,Success,Mobile_App,Verified,0,15,-1,-0.016680656722859122
TXN000184621,CUST019935,2020-09-05,02:40,Savings,RTGS,729519.19,Debit,34357.43,Retail,West Bengal,515,0,Unknown,0.0,Success,POS_Terminal,Verified,0,2,-1,-0.04385620237921628
TXN000184635,CUST048693,2020-09-05,23:31,Savings,RTGS,660756.04,Credit,81907.74,E-Commerce,Karnataka,749,0,Unknown,0.0,Success,Mobile_App,Verified,1,23,-1,-0.037773852580676004
TXN000184890,CUST077574,2020-09-06,01:59,Current,RTGS,949026.24,Debit,164610.1,Investment,Gujarat,724,0,Unknown,0.0,Success,Web,Verified,0,1,-1,-0.06388847992645008
TXN000185097,CUST022592,2020-09-06,14:42,Savings,IMPS,63332.7,Debit,189299.86,Salary,Maharashtra,470,1,Personal,5943.16,Success,API,Verified,0,14,-1,-0.0011443428472309725
TXN000185107,CUST055407,2020-09-06,20:56,Savings,IMPS,6619.59,Debit,2102.62,Real Estate,Maharashtra,406,0,Unknown,0.0,Success,ATM,Verified,0,20,-1,-0.0003953838264075804
TXN000185114,CUST029194,2020-09-06,10:01,Salary,RTGS,1064139.8,Credit,13628.28,Utilities,Rajasthan,715,0,Unknown,0.0,Success,ATM,Expired,0,10,-1,-0.05801161462809523
TXN000185139,CUST078782,2020-09-07,03:17,Current,RTGS,1726578.72,Debit,147689.48,Investment,Tamil Nadu,371,0,Unknown,0.0,Success,Web,Verified,0,3,-1,-0.09827487833904136
TXN000185277,CUST016979,2020-09-07,16:47,Savings,IMPS,496.06,Credit,11163.36,Healthcare,Tamil Nadu,492,1,Business,82672.31,Success,ATM,Verified,0,16,-1,-0.01987904311255584
TXN000185345,CUST049537,2020-09-07,08:15,Salary,RTGS,1097910.85,Debit,209340.58,Investment,Tamil Nadu,751,0,Unknown,0.0,Success,Mobile_App,Verified,0,8,-1,-0.022724160739761468
TXN000185582,CUST036187,2020-09-08,21:17,Salary,RTGS,992375.25,Debit,4105.4,Healthcare,Karnataka,729,0,Unknown,0.0,Success,Web,Verified,0,21,-1,-0.043687301139875734
TXN000185609,CUST068910,2020-09-08,05:38,Salary,UPI,106.45,Debit,15271.01,Salary,Maharashtra,406,0,Unknown,0.0,Success,Web,Verified,0,5,-1,-0.00032764266491125404
TXN000185736,CUST005834,2020-09-08,19:51,Fixed Deposit,ATM_Withdrawal,2000.0,Debit,12749.31,Government,Punjab,663,1,Auto,49314.46,Failed,Mobile_App,Verified,0,19,-1,-0.052555275228197584
TXN000185913,CUST023106,2020-09-09,23:23,Current,IMPS,1336.75,Debit,18031.65,Education,Telangana,553,1,Business,57152.56,Success,API,Verified,0,23,-1,-0.07801185652349552
TXN000185990,CUST020214,2020-09-09,12:30,Current,RTGS,399876.92,Credit,148015.9,Food & Dining,Telangana,676,0,Unknown,0.0,Success,ATM,Verified,0,12,-1,-0.05129238993890195
TXN000186089,CUST017449,2020-09-10,07:05,Salary,Cheque,3651.86,Debit,38775.17,Food & Dining,Tamil Nadu,527,1,Personal,94307.8,Success,POS_Terminal,Verified,0,7,-1,-0.024225605836079467
TXN000186204,CUST007562,2020-09-10,18:30,Salary,RTGS,2514282.73,Debit,352014.46,Utilities,Telangana,830,0,Unknown,0.0,Success,Web,Verified,0,18,-1,-0.06723663122183299
TXN000186236,CUST047663,2020-09-10,20:11,Current,UPI,389.35,Debit,84869.37,Real Estate,Tamil Nadu,422,1,Home,36402.36,Success,Mobile_App,Verified,0,20,-1,-0.021250992557622195
TXN000186844,CUST063571,2020-09-12,02:36,Savings,Cheque,961688.03,Credit,36260.03,Entertainment,Delhi,316,0,Unknown,0.0,Success,ATM,Verified,0,2,-1,-0.02407748645320784
TXN000186849,CUST079876,2020-09-12,12:05,Savings,POS,1087.01,Debit,13256.47,Healthcare,West Bengal,493,1,Auto,31996.88,Success,POS_Terminal,Verified,0,12,-1,-0.006524429492944406
TXN000186942,CUST074367,2020-09-12,14:18,Fixed Deposit,IMPS,1119.19,Debit,21798.78,Food & Dining,Karnataka,750,1,Auto,24045.75,Success,Web,Verified,0,14,-1,-0.05485226044234348
TXN000186984,CUST070605,2020-09-12,08:37,Current,NEFT,2223155.43,Credit,127690.62,Food & Dining,Tamil Nadu,654,0,Unknown,0.0,Success,Mobile_App,Verified,0,8,-1,-0.07836642296208585
TXN000187110,CUST001946,2020-09-13,08:39,Savings,NEFT,1657320.1,Debit,11873.94,Utilities,Maharashtra,562,1,Home,10595.92,Success,Web,Verified,0,8,-1,-0.03850009005766142
TXN000187221,CUST005638,2020-09-13,15:35,Savings,NEFT,20127.87,Credit,1259.06,Healthcare,Gujarat,310,0,Unknown,0.0,Success,POS_Terminal,Verified,0,15,-1,-0.00913717998993735
TXN000187223,CUST044272,2020-09-13,04:24,Savings,RTGS,1011243.55,Debit,85493.64,Travel,Telangana,705,0,Unknown,0.0,Reversed,Mobile_App,Verified,0,4,-1,-0.013454576167887478
TXN000187288,CUST013685,2020-09-13,08:20,Savings,ATM_Withdrawal,5000.0,Debit,6825.4,Retail,Maharashtra,714,0,Unknown,0.0,Success,ATM,Verified,0,8,-1,-0.021641253017384288
TXN000187699,CUST061736,2020-09-15,05:07,Current,RTGS,594183.69,Credit,66087.24,E-Commerce,Maharashtra,341,0,Unknown,0.0,Success,Web,Pending,0,5,-1,-0.0059490481710182674
TXN000187707,CUST066594,2020-09-15,12:07,Current,NEFT,1211539.76,Credit,27709.51,Government,Karnataka,301,1,Education,2292.5,Success,Web,Verified,0,12,-1,-0.028880910338125676
TXN000187751,CUST069446,2020-09-15,01:32,Savings,UPI,287.64,Debit,35248.81,Travel,Maharashtra,658,1,Auto,34834.86,Failed,API,Verified,0,1,-1,-0.002171739032443276
TXN000187800,CUST025782,2020-09-15,08:13,Current,Cheque,4457301.62,Credit,22539.2,Food & Dining,West Bengal,763,0,Unknown,0.0,Success,POS_Terminal,Verified,1,8,-1,-0.1337282771008621
TXN000187995,CUST043024,2020-09-16,15:01,Savings,NEFT,2770.92,Debit,35576.86,Retail,Gujarat,803,0,Unknown,0.0,Success,POS_Terminal,Verified,0,15,-1,-0.019991358711078377
TXN000188021,CUST066492,2020-09-16,23:07,Savings,RTGS,3145997.91,Debit,147235.78,Utilities,Maharashtra,413,1,Business,13100.58,Success,Mobile_App,Verified,0,23,-1,-0.05204970701889233
TXN000188071,CUST051094,2020-09-16,15:55,Current,RTGS,412743.17,Credit,32094.81,Retail,Tamil Nadu,796,1,Unknown,8117.9,Success,ATM,Verified,0,15,-1,-0.01757414404593638
TXN000188167,CUST051413,2020-09-16,04:06,Salary,RTGS,1108470.2,Debit,23899.43,Salary,Gujarat,382,1,Business,2845.15,Success,Mobile_App,Verified,0,4,-1,-0.006051015680635263
TXN000188199,CUST009377,2020-09-16,01:47,Salary,RTGS,1361704.27,Debit,22020.31,Healthcare,Punjab,679,1,Auto,3792.4,Success,Mobile_App,Verified,0,1,-1,-0.054872489453809514
TXN000188305,CUST061624,2020-09-17,21:58,Current,IMPS,1265.65,Credit,163730.16,Travel,Maharashtra,372,0,Unknown,0.0,Success,ATM,Verified,0,21,-1,-0.003359745888185439
TXN000188406,CUST016416,2020-09-17,08:10,Current,RTGS,190637.94,Debit,117850.8,Healthcare,Punjab,355,1,Personal,50659.84,Success,Branch,Verified,0,8,-1,-0.04844937478026057
TXN000188418,CUST066570,2020-09-17,01:12,Fixed Deposit,RTGS,1242689.9,Debit,144756.8,Salary,Maharashtra,413,0,Unknown,0.0,Success,Web,Verified,0,1,-1,-0.02218865180899232
TXN000188456,CUST061431,2020-09-17,23:43,Current,RTGS,528896.83,Credit,2424.69,Salary,Tamil Nadu,821,0,Unknown,0.0,Success,Mobile_App,Verified,0,23,-1,-0.027581720225046125
TXN000188473,CUST054545,2020-09-17,21:35,Current,NEFT,52426.89,Credit,150064.35,Healthcare,Delhi,401,0,Unknown,0.0,Success,POS_Terminal,Pending,0,21,-1,-0.0013258739471153635
TXN000188566,CUST003629,2020-09-18,22:18,Salary,UPI,266.22,Credit,67997.9,Investment,Gujarat,429,1,Business,7145.73,Success,ATM,Verified,0,22,-1,-0.005728429931593171
TXN000188627,CUST018683,2020-09-18,01:59,Current,Net_Banking,7893.61,Credit,83372.63,Salary,Delhi,429,1,Unknown,5786.4,Success,Branch,Verified,0,1,-1,-0.026284713017269534
TXN000188659,CUST057343,2020-09-18,05:46,Salary,RTGS,1023505.84,Credit,5282.76,Salary,Maharashtra,339,0,Unknown,0.0,Success,Mobile_App,Verified,0,5,-1,-0.01661039119536234
TXN000188708,CUST014101,2020-09-18,11:26,Salary,POS,3706.58,Debit,11170.88,E-Commerce,Gujarat,864,0,Unknown,0.0,Success,ATM,Verified,1,11,-1,-0.005942511544352214
TXN000189066,CUST025163,2020-09-19,03:44,Salary,IMPS,12103.99,Debit,78677.24,Government,Telangana,505,0,Unknown,0.0,Success,POS_Terminal,Verified,0,3,-1,-0.004947438102164692
TXN000189310,CUST004596,2020-09-20,18:11,Salary,UPI,1623.72,Debit,79140.5,Entertainment,Telangana,549,1,Home,28540.05,Success,POS_Terminal,Verified,0,18,-1,-0.030440226179635932
TXN000189352,CUST055838,2020-09-20,10:26,Salary,NEFT,1977568.13,Credit,139028.19,Healthcare,Delhi,462,1,Unknown,2891.84,Success,Mobile_App,Verified,0,10,-1,-0.06730509203130741
TXN000189374,CUST031026,2020-09-20,19:51,Savings,Cheque,1879654.12,Debit,61466.94,Insurance,UP,348,0,Unknown,0.0,Success,POS_Terminal,Verified,0,19,-1,-0.021362355145125966
TXN000189441,CUST016137,2020-09-20,10:15,Current,RTGS,742610.84,Credit,26471.27,Retail,West Bengal,757,0,Unknown,0.0,Success,POS_Terminal,Expired,0,10,-1,-0.03761043581540913
TXN000189555,CUST079968,2020-09-21,15:24,Savings,Net_Banking,17278.08,Credit,303712.25,Travel,Telangana,406,0,Unknown,0.0,Failed,Mobile_App,Verified,0,15,-1,-0.052353851917974925
TXN000189560,CUST079014,2020-09-21,13:36,Current,RTGS,546970.77,Credit,45603.54,Entertainment,Maharashtra,604,0,Unknown,0.0,Success,Web,Verified,0,13,-1,-0.006951408045591134
TXN000189637,CUST073113,2020-09-21,05:19,Current,RTGS,1249010.27,Credit,10010.18,Retail,Gujarat,633,0,Unknown,0.0,Success,POS_Terminal,Verified,0,5,-1,-0.031125627496156216
TXN000189645,CUST008723,2020-09-21,06:53,Savings,RTGS,2621094.47,Debit,135816.82,Government,Maharashtra,758,1,Unknown,1957.92,Success,Mobile_App,Pending,0,6,-1,-0.06550774053932484
TXN000189790,CUST038100,2020-09-22,06:54,NRI,Net_Banking,7665.75,Credit,164641.6,Retail,Rajasthan,322,1,Education,57238.77,Success,Web,Verified,0,6,-1,-0.019406379518405403
TXN000189817,CUST003625,2020-09-22,10:57,Savings,UPI,180.51,Credit,47417.39,Retail,Karnataka,482,1,Home,86809.82,Success,Branch,Verified,1,10,-1,-0.021978210344936744
TXN000189876,CUST004428,2020-09-22,00:32,Salary,RTGS,173404.41,Credit,86701.91,E-Commerce,Gujarat,699,0,Unknown,0.0,Success,POS_Terminal,Verified,0,0,-1,-0.00925241186385295
TXN000190001,CUST035677,2020-09-22,04:41,Savings,NEFT,12261.96,Debit,21553.46,Healthcare,Delhi,483,1,Personal,29385.04,Success,POS_Terminal,Verified,0,4,-1,-0.013185752767732595
TXN000190153,CUST041842,2020-09-23,02:23,Salary,RTGS,1678663.38,Debit,9502.51,Retail,Karnataka,436,0,Unknown,0.0,Success,Mobile_App,Verified,0,2,-1,-0.03750633494259592
TXN000190192,CUST067557,2020-09-23,14:09,Salary,RTGS,2061523.67,Debit,278037.1,Utilities,Karnataka,811,1,Business,3444.25,Success,Web,Verified,0,14,-1,-0.03001221068786808
TXN000190649,CUST043148,2020-09-24,22:46,Savings,IMPS,4450.93,Debit,146041.7,Salary,Rajasthan,649,1,Business,19020.7,Success,Mobile_App,Verified,0,22,-1,-0.0031306748581547694
TXN000190692,CUST025000,2020-09-25,01:55,Savings,RTGS,344816.11,Credit,57291.23,E-Commerce,West Bengal,349,0,Unknown,0.0,Success,Web,Verified,0,1,-1,-0.007578802535441631
TXN000190754,CUST002279,2020-09-25,15:24,Salary,RTGS,1772545.81,Debit,20891.99,Travel,Karnataka,614,1,Education,6007.54,Success,Mobile_App,Expired,1,15,-1,-0.044505949498545916
TXN000190811,CUST005163,2020-09-25,03:36,Salary,POS,1581.29,Debit,20703.84,Retail,West Bengal,782,1,Gold,5413.39,Success,Mobile_App,Verified,0,3,-1,-0.014935238638929205
TXN000190949,CUST050429,2020-09-25,14:26,Savings,UPI,819.91,Debit,116044.59,Food & Dining,Punjab,749,1,Business,22155.59,Success,Mobile_App,Verified,0,14,-1,-0.016019234951633265
TXN000190961,CUST059362,2020-09-25,23:10,Savings,Auto_Debit,718.58,Debit,5980.14,Entertainment,Rajasthan,814,1,Auto,14687.64,Success,Web,Verified,0,23,-1,-0.0034031639305872607
TXN000191209,CUST042852,2020-09-26,12:27,Current,Cheque,1357549.0,Credit,363217.01,Healthcare,Maharashtra,526,1,Education,4520.61,Success,Mobile_App,Expired,1,12,-1,-0.007104791270622135
TXN000191278,CUST016492,2020-09-26,01:15,Current,ATM_Withdrawal,1000.0,Debit,24196.04,Government,Maharashtra,470,1,Personal,16307.28,Success,POS_Terminal,Verified,0,1,-1,-0.012642390532495607
TXN000191377,CUST038812,2020-09-27,20:36,Savings,RTGS,433523.3,Credit,143667.72,Travel,Maharashtra,792,0,Unknown,0.0,Success,Branch,Pending,0,20,-1,-0.038622708634239555
TXN000191382,CUST064109,2020-09-27,15:01,Fixed Deposit,UPI,274.22,Debit,32602.48,Investment,Karnataka,429,1,Home,27553.82,Success,Web,Verified,0,15,-1,-0.07490051404655929
TXN000191386,CUST056472,2020-09-27,14:57,Current,RTGS,784737.52,Credit,73442.76,Food & Dining,Maharashtra,330,0,Unknown,0.0,Success,Web,Verified,1,14,-1,-0.02524122843738441
TXN000191495,CUST046927,2020-09-27,15:12,Savings,IMPS,703.99,Debit,66340.6,Travel,Tamil Nadu,745,1,Auto,60134.71,Success,ATM,Verified,0,15,-1,-0.013677672503962346
TXN000191503,CUST074346,2020-09-27,22:17,Savings,NEFT,10633.66,Debit,124028.6,Travel,Tamil Nadu,313,1,Home,35439.55,Success,Mobile_App,Verified,0,22,-1,-0.026154479769347705
TXN000191544,CUST054307,2020-09-27,03:49,Current,POS,311.4,Debit,56960.65,Travel,Delhi,782,1,Auto,3835.85,Success,Branch,Verified,0,3,-1,-0.01019747964143447
TXN000191565,CUST004863,2020-09-27,04:40,Salary,Cheque,2488916.06,Credit,14143.6,Insurance,Maharashtra,390,0,Unknown,0.0,Success,Web,Verified,0,4,-1,-0.08156328979491356
TXN000191590,CUST045129,2020-09-28,16:55,Savings,UPI,220.61,Debit,26357.72,Insurance,Karnataka,705,1,Unknown,52674.2,Success,ATM,Verified,0,16,-1,-0.03218710871275854
TXN000191652,CUST047707,2020-09-28,07:06,NRI,Net_Banking,5129.65,Credit,143091.33,Peer Transfer,Gujarat,645,1,Home,830.52,Success,API,Verified,0,7,-1,-0.004878867178249369
TXN000191823,CUST055169,2020-09-28,05:58,Savings,IMPS,9858.31,Credit,46277.55,Investment,Rajasthan,860,1,Business,76984.61,Success,Mobile_App,Expired,0,5,-1,-0.025839054151854945
TXN000191824,CUST079257,2020-09-28,06:51,NRI,IMPS,2370.84,Credit,130129.23,Food & Dining,Gujarat,749,1,Home,13363.14,Success,Mobile_App,Verified,0,6,-1,-0.022773557431894687
TXN000191852,CUST050340,2020-09-28,07:19,Savings,RTGS,55393.12,Credit,17936.81,Government,Gujarat,676,1,Personal,6397.39,Success,Web,Verified,0,7,-1,-0.005627713990018268
TXN000191993,CUST062659,2020-09-29,07:33,Savings,NEFT,595.67,Credit,26163.54,Peer Transfer,Telangana,792,0,Unknown,0.0,Success,Mobile_App,Verified,0,7,-1,-0.0030097325717242107
TXN000192318,CUST024597,2020-09-30,21:57,NRI,RTGS,1278317.23,Credit,199989.65,Food & Dining,Delhi,689,1,Education,5528.82,Success,Mobile_App,Verified,0,21,-1,-0.05015935844148289
TXN000192346,CUST060428,2020-09-30,05:26,Current,RTGS,1272279.3,Credit,5962.48,Fuel,Gujarat,360,0,Unknown,0.0,Reversed,POS_Terminal,Verified,0,5,-1,-0.0064744711235388275
TXN000192356,CUST069457,2020-09-30,14:41,Savings,IMPS,18962.06,Debit,59727.01,Food & Dining,Karnataka,640,1,Auto,26135.93,Success,Web,Verified,0,14,-1,-0.0007694036276224558
TXN000192369,CUST039182,2020-09-30,20:49,Salary,NEFT,1331899.34,Debit,172258.53,Insurance,Rajasthan,778,1,Business,10214.4,Success,POS_Terminal,Verified,0,20,-1,-0.013058523296464397
TXN000192479,CUST075429,2020-09-30,15:18,Savings,RTGS,464523.58,Credit,8650.0,Education,West Bengal,699,0,Unknown,0.0,Success,POS_Terminal,Verified,0,15,-1,-0.06467300163648382
TXN000192628,CUST023835,2020-10-01,15:10,Salary,UPI,1481.6,Credit,8585.69,Utilities,Karnataka,486,1,Personal,53831.32,Success,Branch,Verified,0,15,-1,-0.012378986461746844
TXN000192648,CUST059267,2020-10-01,11:10,Salary,RTGS,2963920.21,Credit,18045.73,Utilities,Karnataka,716,1,Home,13819.09,Success,POS_Terminal,Verified,0,11,-1,-0.08190388097553325
TXN000192724,CUST036570,2020-10-01,02:37,Savings,NEFT,15651.65,Debit,148613.57,Retail,Tamil Nadu,518,1,Business,10316.07,Success,Mobile_App,Pending,0,2,-1,-0.03377493715172486
TXN000192811,CUST063889,2020-10-01,07:56,Current,IMPS,1808.53,Credit,427343.68,Entertainment,Delhi,710,1,Personal,54155.89,Success,API,Verified,0,7,-1,-0.02632752459445331
TXN000192826,CUST020145,2020-10-02,11:27,Salary,UPI,357.99,Debit,274576.57,Food & Dining,West Bengal,722,1,Home,21207.08,Success,ATM,Verified,0,11,-1,-0.005100808896266407
TXN000192871,CUST000382,2020-10-02,20:31,Savings,NEFT,2870.33,Credit,187952.94,Travel,UP,763,1,Personal,35164.93,Success,ATM,Verified,0,20,-1,-0.020650568583590934
TXN000192951,CUST065020,2020-10-02,15:13,Current,RTGS,784154.68,Debit,59547.31,Salary,Rajasthan,708,1,Personal,3281.39,Success,POS_Terminal,Verified,0,15,-1,-0.03735839763918314
TXN000193059,CUST049162,2020-10-02,22:49,Savings,RTGS,706078.58,Debit,18969.44,Investment,UP,517,0,Unknown,0.0,Success,Mobile_App,Verified,0,22,-1,-0.004626727152531873
TXN000193066,CUST040188,2020-10-02,14:26,Salary,Cheque,714943.58,Debit,160654.0,Retail,Gujarat,718,1,Home,8243.41,Success,Mobile_App,Verified,0,14,-1,-0.0036156768593843536
TXN000193137,CUST038676,2020-10-03,08:54,Savings,POS,6958.35,Debit,9752.85,Retail,Tamil Nadu,548,1,Personal,24911.0,Success,Mobile_App,Expired,0,8,-1,-0.023353941263602462
TXN000193277,CUST009264,2020-10-03,00:37,NRI,RTGS,566037.17,Debit,4486.85,Government,Delhi,364,0,Unknown,0.0,Success,Web,Pending,0,0,-1,-0.012160584191549195
TXN000193528,CUST073037,2020-10-04,03:47,Current,RTGS,869947.49,Debit,39079.0,E-Commerce,Delhi,327,1,Personal,7159.24,Failed,Web,Expired,0,3,-1,-0.010278393583428413
TXN000193807,CUST044771,2020-10-05,19:14,Salary,IMPS,426.07,Debit,24947.43,Salary,Karnataka,611,1,Auto,72853.76,Failed,Web,Pending,0,19,-1,-0.02875582295092416
TXN000194005,CUST067000,2020-10-06,01:58,Savings,RTGS,543101.38,Credit,48023.02,Food & Dining,Punjab,891,0,Unknown,0.0,Success,Web,Verified,0,1,-1,-0.027852359099977186
TXN000194136,CUST069994,2020-10-06,02:32,Current,RTGS,1241206.23,Credit,38299.16,Entertainment,Tamil Nadu,327,0,Unknown,0.0,Failed,Web,Verified,0,2,-1,-0.0401733375908796
TXN000194234,CUST003518,2020-10-06,01:53,NRI,Cheque,940640.25,Credit,31321.95,Retail,Punjab,369,0,Unknown,0.0,Success,Mobile_App,Verified,0,1,-1,-0.05017931857732183
TXN000194352,CUST058698,2020-10-07,13:29,Fixed Deposit,UPI,1035.91,Debit,6259.14,Salary,Tamil Nadu,792,1,Auto,117391.88,Success,Web,Verified,0,13,-1,-0.09839903872011913
TXN000194380,CUST078911,2020-10-07,22:00,Savings,NEFT,24289.28,Debit,52335.84,Entertainment,Gujarat,782,0,Unknown,0.0,Success,Web,Verified,0,22,-1,-0.003217744000647227
TXN000194632,CUST020370,2020-10-08,20:15,Current,RTGS,1197014.85,Credit,5392.78,Peer Transfer,Maharashtra,410,0,Unknown,0.0,Success,Mobile_App,Verified,0,20,-1,-0.029377062133540188
TXN000194696,CUST010441,2020-10-08,01:55,Savings,Net_Banking,35668.75,Credit,5516.89,Peer Transfer,Rajasthan,648,0,Unknown,0.0,Success,Mobile_App,Verified,0,1,-1,-0.006241961397818296
TXN000194789,CUST032178,2020-10-08,05:55,Savings,ATM_Withdrawal,1000.0,Debit,27221.28,Real Estate,Gujarat,398,1,Personal,61130.95,Success,Branch,Verified,0,5,-1,-0.00623517601223722
TXN000194791,CUST027383,2020-10-08,05:06,Savings,RTGS,290957.34,Credit,47083.55,Peer Transfer,West Bengal,814,0,Unknown,0.0,Success,POS_Terminal,Verified,0,5,-1,-0.009932756327267311
TXN000194811,CUST070248,2020-10-08,16:35,Savings,NEFT,547249.73,Credit,103604.49,Entertainment,Maharashtra,590,0,Unknown,0.0,Success,Mobile_App,Verified,0,16,-1,-0.024273884638180254
TXN000194855,CUST069629,2020-10-09,21:07,Salary,UPI,86.19,Credit,30959.52,Food & Dining,Delhi,782,0,Unknown,0.0,Success,Web,Verified,0,21,-1,-0.0022918082260506845
TXN000194985,CUST060751,2020-10-09,09:22,NRI,RTGS,1068352.19,Debit,46783.27,Education,Tamil Nadu,709,0,Unknown,0.0,Success,ATM,Verified,0,9,-1,-0.0259441785051574
TXN000195010,CUST050769,2020-10-09,18:02,Current,POS,1250.69,Debit,147484.24,Retail,Telangana,496,1,Business,100643.52,Success,ATM,Verified,0,18,-1,-0.028883140332304547
TXN000195129,CUST075554,2020-10-09,11:14,Savings,Cheque,1943515.64,Credit,22967.21,Food & Dining,Gujarat,426,1,Personal,7053.82,Success,Mobile_App,Verified,0,11,-1,-0.04229788808516077
TXN000195195,CUST035778,2020-10-10,15:50,Salary,Credit_Card,856.49,Debit,31749.38,Peer Transfer,Tamil Nadu,406,0,Unknown,0.0,Success,Web,Pending,0,15,-1,-0.024328754496729887
TXN000195476,CUST020019,2020-10-11,16:50,Salary,UPI,9043.95,Credit,6016.11,Salary,Delhi,406,0,Unknown,0.0,Success,Mobile_App,Verified,0,16,-1,-0.005378993760740136
TXN000195499,CUST078631,2020-10-11,01:27,Salary,RTGS,794100.83,Debit,52366.61,E-Commerce,Delhi,754,1,Education,5215.98,Success,Web,Pending,0,1,-1,-0.009766458467570849
TXN000196138,CUST017906,2020-10-13,01:45,Savings,RTGS,280138.29,Debit,14788.29,Government,Telangana,314,0,Unknown,0.0,Success,ATM,Verified,0,1,-1,-0.015725374291183147
TXN000196156,CUST066857,2020-10-13,02:16,Savings,NEFT,12709.22,Debit,104669.89,Investment,West Bengal,310,0,Unknown,0.0,Success,POS_Terminal,Verified,0,2,-1,-0.0017029368385321764
TXN000196281,CUST035730,2020-10-13,16:40,Savings,RTGS,1796948.94,Credit,106878.14,E-Commerce,Tamil Nadu,698,1,Home,6527.51,Success,Mobile_App,Verified,0,16,-1,-0.05217232890273371
TXN000196584,CUST075098,2020-10-14,19:08,Savings,UPI,714.22,Credit,4573.22,Real Estate,Gujarat,645,1,Gold,2031.68,Success,POS_Terminal,Verified,0,19,-1,-0.00719538605430825
TXN000196671,CUST007763,2020-10-15,19:14,Savings,RTGS,780719.48,Debit,16965.27,Peer Transfer,Karnataka,312,0,Unknown,0.0,Success,Mobile_App,Pending,0,19,-1,-0.013249975096477629
TXN000197037,CUST007054,2020-10-16,04:24,Salary,ATM_Withdrawal,1000.0,Debit,2081.09,Retail,Karnataka,549,1,Education,24930.83,Success,ATM,Verified,0,4,-1,-0.0059727100725816
TXN000197148,CUST019584,2020-10-16,10:58,Salary,RTGS,1934483.88,Credit,9460.93,Fuel,Maharashtra,556,1,Auto,2013.76,Success,Branch,Verified,1,10,-1,-0.06767874109810024
TXN000197179,CUST014871,2020-10-16,06:38,Salary,Net_Banking,19508.45,Credit,103743.69,Retail,Telangana,792,0,Unknown,0.0,Success,API,Verified,0,6,-1,-0.0267730519459064
TXN000197202,CUST014230,2020-10-16,10:55,Savings,NEFT,2014.9,Credit,109935.65,Government,Maharashtra,445,1,Home,52624.15,Success,Web,Verified,0,10,-1,-0.06887000890557882
TXN000197229,CUST048127,2020-10-17,17:25,Savings,POS,1874.8,Debit,55287.74,Peer Transfer,Tamil Nadu,505,0,Unknown,0.0,Success,API,Verified,0,17,-1,-0.013649448563605837
TXN000197298,CUST043237,2020-10-17,01:32,Savings,Auto_Debit,715.23,Debit,101539.79,Peer Transfer,Maharashtra,406,0,Unknown,0.0,Success,Web,Verified,0,1,-1,-0.027489283671613185
TXN000197556,CUST029289,2020-10-18,14:32,Salary,RTGS,3364281.38,Credit,5634.75,Government,Delhi,581,0,Unknown,0.0,Success,ATM,Verified,0,14,-1,-0.06031591589699181
TXN000197557,CUST059980,2020-10-18,03:00,Savings,IMPS,320.5,Debit,10230.6,Government,Tamil Nadu,425,1,Home,22943.47,Success,Branch,Verified,0,3,-1,-0.0435268005779057
TXN000197574,CUST009719,2020-10-18,22:37,NRI,Auto_Debit,3613.6,Debit,78364.18,Healthcare,Rajasthan,814,1,Personal,21553.78,Success,POS_Terminal,Verified,0,22,-1,-0.021924437186828905
TXN000197650,CUST076382,2020-10-18,22:02,Current,ATM_Withdrawal,2000.0,Debit,2349.39,Healthcare,Maharashtra,548,0,Unknown,0.0,Success,Mobile_App,Verified,0,22,-1,-0.015940014063502872
TXN000197661,CUST073943,2020-10-18,10:25,Current,IMPS,2613.97,Debit,17619.21,Utilities,Maharashtra,792,1,Education,29955.15,Success,Web,Verified,0,10,-1,-0.033703809662432915
TXN000197734,CUST045914,2020-10-18,16:44,Salary,UPI,60.17,Debit,37430.45,E-Commerce,Gujarat,406,0,Unknown,0.0,Success,ATM,Verified,0,16,-1,-0.020222743691722944
TXN000197837,CUST046830,2020-10-19,13:33,Current,RTGS,2006571.57,Debit,84811.32,Food & Dining,Telangana,705,1,Unknown,3664.27,Success,Mobile_App,Pending,0,13,-1,-0.08610117366364811
TXN000198125,CUST053425,2020-10-20,18:12,Savings,Cheque,2130589.76,Debit,4288.53,Retail,Gujarat,663,0,Unknown,0.0,Failed,Mobile_App,Verified,1,18,-1,-0.03856762849498552
TXN000198158,CUST051753,2020-10-20,10:06,Savings,UPI,263.5,Credit,25377.59,Retail,West Bengal,645,1,Education,8283.34,Success,Mobile_App,Verified,0,10,-1,-0.001537963035569967
TXN000198465,CUST017822,2020-10-21,05:42,Savings,Credit_Card,598.3,Debit,144440.64,Government,Maharashtra,829,1,Education,38771.57,Success,Mobile_App,Pending,0,5,-1,-0.022556300094050852
TXN000198765,CUST010459,2020-10-22,04:40,Savings,POS,317.98,Debit,96244.04,E-Commerce,Maharashtra,649,1,Home,3280.18,Success,Web,Verified,0,4,-1,-0.005428140309899354
TXN000198787,CUST056517,2020-10-22,04:10,NRI,Cheque,269674.79,Debit,4438.43,Peer Transfer,Rajasthan,600,1,Business,64808.88,Success,Web,Expired,0,4,-1,-0.050178155715676076
TXN000198895,CUST076360,2020-10-22,16:45,Savings,RTGS,1479448.02,Credit,28260.53,Salary,Maharashtra,565,0,Unknown,0.0,Success,Mobile_App,Verified,0,16,-1,-0.026353790016098166
TXN000198934,CUST059542,2020-10-22,03:56,Savings,IMPS,13550.59,Credit,75167.22,Utilities,UP,483,1,Personal,8297.53,Success,ATM,Verified,0,3,-1,-0.0072240510795110735
TXN000199016,CUST000264,2020-10-23,04:17,Fixed Deposit,RTGS,1461880.87,Debit,24387.96,E-Commerce,Rajasthan,780,1,Business,8245.19,Success,Mobile_App,Verified,0,4,-1,-0.051110778133477974
TXN000199081,CUST045288,2020-10-23,08:02,Salary,UPI,774.78,Credit,10931.78,E-Commerce,Rajasthan,692,1,Business,58685.31,Success,ATM,Verified,0,8,-1,-0.045081380817510563
TXN000199112,CUST001206,2020-10-23,08:04,Salary,IMPS,4306.2,Debit,96588.02,Peer Transfer,UP,406,1,Education,21480.06,Success,Branch,Verified,0,8,-1,-0.030320363215794788
TXN000199317,CUST078540,2020-10-24,05:53,Fixed Deposit,RTGS,1178214.8,Debit,5652.64,Government,Karnataka,338,1,Unknown,6692.75,Success,Web,Verified,0,5,-1,-0.035563222488446455
TXN000199351,CUST024049,2020-10-24,22:27,NRI,Cheque,142844.37,Credit,18103.79,Investment,Maharashtra,585,0,Unknown,0.0,Success,Web,Verified,0,22,-1,-0.0001721363277275012
TXN000199396,CUST062107,2020-10-24,00:36,NRI,RTGS,1081997.58,Credit,49078.47,Food & Dining,Maharashtra,504,1,Unknown,1714.38,Success,Web,Verified,0,0,-1,-0.01737939057098392
TXN000199415,CUST077970,2020-10-24,16:37,Savings,NEFT,3629.43,Debit,64643.92,Healthcare,Gujarat,886,1,Home,38214.94,Success,Web,Verified,0,16,-1,-0.017351344948995928
TXN000199547,CUST074701,2020-10-24,02:12,Current,UPI,678.69,Credit,4483.42,Travel,Gujarat,803,0,Unknown,0.0,Success,Mobile_App,Verified,0,2,-1,-0.02657158897400891
TXN000199564,CUST055615,2020-10-24,14:01,Savings,UPI,135.89,Debit,57681.34,Peer Transfer,Karnataka,406,1,Personal,24878.94,Success,ATM,Verified,0,14,-1,-0.029406710499423228
TXN000199574,CUST031599,2020-10-24,18:48,Salary,RTGS,4257403.29,Credit,1412.76,Retail,Telangana,447,1,Auto,8547.7,Success,Web,Verified,0,18,-1,-0.07886999506429648
TXN000199607,CUST019257,2020-10-25,19:50,Current,IMPS,344.6,Debit,7938.64,Utilities,Delhi,730,1,Gold,30578.67,Success,Web,Pending,0,19,-1,-0.01730384233546134
TXN000199692,CUST011340,2020-10-25,01:13,Current,RTGS,1097371.56,Debit,75543.64,Education,Gujarat,365,0,Unknown,0.0,Success,POS_Terminal,Verified,0,1,-1,-0.014685244504969774
TXN000199820,CUST049881,2020-10-25,12:05,Current,Cheque,2369341.11,Debit,687398.55,Healthcare,Tamil Nadu,301,0,Unknown,0.0,Success,POS_Terminal,Verified,0,12,-1,-0.08794771660426015
TXN000199949,CUST046171,2020-10-26,10:33,NRI,RTGS,216801.95,Debit,17873.48,Utilities,West Bengal,792,1,Personal,5731.33,Success,Web,Verified,0,10,-1,-0.0015694911462926786
TXN000200066,CUST047238,2020-10-26,06:21,Fixed Deposit,Cheque,2764251.53,Debit,1470.39,E-Commerce,Rajasthan,563,1,Auto,3375.52,Success,Mobile_App,Verified,0,6,-1,-0.054756948595701016
TXN000200135,CUST017128,2020-10-27,01:47,Current,RTGS,914796.54,Credit,8965.67,Healthcare,Maharashtra,385,0,Unknown,0.0,Pending,POS_Terminal,Verified,0,1,-1,-0.015909918361002084
TXN000200496,CUST027581,2020-10-28,11:23,Savings,UPI,221.76,Debit,64727.69,Travel,Rajasthan,505,0,Unknown,0.0,Success,Mobile_App,Verified,0,11,-1,-0.019537230236926217
TXN000200616,CUST069495,2020-10-28,10:50,Savings,Cheque,1027474.82,Debit,70389.11,Utilities,Delhi,815,0,Unknown,0.0,Success,Web,Verified,0,10,-1,-0.006356566642808481
TXN000200629,CUST038142,2020-10-28,16:39,Savings,UPI,2422.8,Credit,14553.9,Government,Telangana,898,1,Personal,51217.26,Success,POS_Terminal,Verified,0,16,-1,-0.00018517669259388025
TXN000200714,CUST053205,2020-10-29,16:12,NRI,IMPS,7341.57,Credit,129570.73,Peer Transfer,Telangana,372,0,Unknown,0.0,Success,ATM,Verified,0,16,-1,-0.01862714350051764
TXN000200867,CUST014090,2020-10-29,00:42,Savings,RTGS,1047261.17,Debit,41931.91,Education,Rajasthan,837,1,Home,10453.53,Success,Branch,Verified,1,0,-1,-0.01305968961474957
TXN000200868,CUST060694,2020-10-29,22:54,Savings,ATM_Withdrawal,2000.0,Debit,14962.28,Retail,Karnataka,332,1,Home,15461.0,Success,API,Verified,0,22,-1,-0.0034352430426357605
TXN000200921,CUST070499,2020-10-29,08:56,Savings,NEFT,717755.82,Credit,62972.67,Travel,Gujarat,792,0,Unknown,0.0,Success,Mobile_App,Verified,0,8,-1,-0.01202556261867438
TXN000200996,CUST001844,2020-10-29,05:11,Savings,UPI,344.32,Debit,2966.92,Government,Telangana,406,0,Unknown,0.0,Success,Mobile_App,Verified,0,5,-1,-0.01799505551592817
TXN000201020,CUST030336,2020-10-29,07:32,Current,POS,3339.83,Debit,26031.2,Salary,Telangana,792,0,Unknown,0.0,Success,Web,Verified,0,7,-1,-0.0038756512796096487
TXN000201068,CUST040233,2020-10-30,05:32,Current,RTGS,2066969.1,Debit,142658.82,Fuel,Karnataka,714,0,Unknown,0.0,Success,Mobile_App,Verified,0,5,-1,-0.12520897374244577
TXN000201106,CUST066431,2020-10-30,21:51,Savings,Cheque,1271022.16,Credit,32972.61,Investment,Delhi,755,1,Unknown,1061.24,Success,API,Verified,0,21,-1,-0.05901975032044593
TXN000201157,CUST061772,2020-10-30,21:26,Salary,Auto_Debit,4467.85,Debit,7082.22,E-Commerce,Telangana,782,0,Unknown,0.0,Success,Mobile_App,Verified,0,21,-1,-0.0006112639463664582
TXN000201334,CUST035998,2020-10-31,04:57,Current,UPI,26831.53,Debit,1655.66,Utilities,West Bengal,763,1,Unknown,26431.62,Success,ATM,Verified,0,4,-1,-0.006643928071012106
TXN000201377,CUST053830,2020-10-31,01:31,Savings,IMPS,3557.35,Credit,10342.66,Food & Dining,Delhi,372,0,Unknown,0.0,Pending,Web,Verified,0,1,-1,-0.013147292135432309
TXN000201409,CUST060229,2020-10-31,04:54,Savings,NEFT,22100.35,Credit,186821.62,Healthcare,Punjab,406,0,Unknown,0.0,Success,Mobile_App,Verified,0,4,-1,-0.017682981340661597
TXN000201503,CUST068798,2020-10-31,08:36,Savings,ATM_Withdrawal,2000.0,Debit,303926.08,Investment,Tamil Nadu,325,1,Personal,6207.66,Success,Mobile_App,Verified,0,8,-1,-0.005548356209769567
TXN000201671,CUST022753,2020-11-01,18:40,Savings,ATM_Withdrawal,1000.0,Debit,47160.14,Salary,Gujarat,505,0,Unknown,0.0,Success,ATM,Verified,0,18,-1,-0.013110546612876695
TXN000201786,CUST017612,2020-11-01,02:45,Salary,ATM_Withdrawal,5000.0,Debit,6005.03,Salary,Tamil Nadu,520,1,Business,25080.6,Success,Mobile_App,Verified,0,2,-1,-0.028005927227124028
TXN000201898,CUST047535,2020-11-02,20:41,Salary,RTGS,1091935.33,Debit,7433.52,Travel,Punjab,649,0,Unknown,0.0,Success,Web,Verified,1,20,-1,-0.07989180312371813
TXN000201901,CUST058629,2020-11-02,23:51,Fixed Deposit,POS,1497.28,Debit,56988.82,Entertainment,Delhi,585,1,Home,29006.21,Success,Branch,Verified,0,23,-1,-0.02908263906945907
TXN000201974,CUST033258,2020-11-02,11:08,Current,IMPS,2326.88,Debit,42189.5,Government,West Bengal,782,0,Unknown,0.0,Success,Branch,Verified,0,11,-1,-0.00029637605575272286
TXN000202187,CUST012244,2020-11-02,22:09,Fixed Deposit,RTGS,1104013.08,Credit,23662.98,Fuel,Karnataka,447,0,Unknown,0.0,Success,ATM,Verified,0,22,-1,-0.014770773929194903
TXN000202231,CUST020349,2020-11-03,00:16,Savings,RTGS,282017.4,Credit,124758.88,Utilities,Rajasthan,389,0,Unknown,0.0,Failed,Web,Verified,0,0,-1,-0.018931798531530375
TXN000202291,CUST062398,2020-11-03,15:05,Savings,UPI,185.57,Credit,114686.14,Retail,Karnataka,403,1,Personal,39322.92,Success,Mobile_App,Verified,0,15,-1,-0.021186268173519762
TXN000202297,CUST037542,2020-11-03,09:08,Fixed Deposit,RTGS,1934690.8,Debit,46905.6,Insurance,West Bengal,651,0,Unknown,0.0,Success,POS_Terminal,Verified,0,9,-1,-0.06023787084759036
TXN000202407,CUST012433,2020-11-03,23:03,Current,ATM_Withdrawal,10000.0,Debit,292828.88,Retail,Rajasthan,585,1,Business,21268.76,Success,Web,Pending,0,23,-1,-0.002249520321008114
TXN000202414,CUST066437,2020-11-03,02:59,Fixed Deposit,Cheque,993020.95,Debit,654.22,Travel,UP,815,1,Business,1349.21,Success,Mobile_App,Verified,0,2,-1,-0.02341416297318999
TXN000202465,CUST050079,2020-11-03,15:40,NRI,UPI,6867.82,Credit,72366.03,E-Commerce,Rajasthan,372,1,Business,5494.51,Success,Web,Verified,0,15,-1,-0.0039831984639442375
TXN000202780,CUST060299,2020-11-04,16:49,NRI,RTGS,616451.33,Credit,6404.1,Government,Delhi,446,0,Unknown,0.0,Success,Mobile_App,Verified,0,16,-1,-0.0032052495336436504
TXN000202925,CUST074694,2020-11-05,07:27,Savings,NEFT,3274.77,Credit,3295.22,Travel,Tamil Nadu,792,0,Unknown,0.0,Success,Mobile_App,Verified,0,7,-1,-0.0030097325717242107
TXN000203261,CUST006816,2020-11-06,19:22,Salary,RTGS,297848.67,Debit,105941.63,Utilities,Delhi,332,1,Personal,3191.87,Success,ATM,Verified,0,19,-1,-0.0013991531406536417
TXN000203318,CUST051221,2020-11-06,03:48,Savings,IMPS,3423.01,Debit,14675.08,Education,Karnataka,505,0,Unknown,0.0,Success,Mobile_App,Verified,0,3,-1,-0.031291159349506215
TXN000203395,CUST051061,2020-11-07,14:10,Savings,RTGS,1544954.58,Credit,62206.54,Salary,West Bengal,359,1,Home,3057.95,Success,Web,Verified,0,14,-1,-0.027541605382646717
TXN000203438,CUST039500,2020-11-07,19:56,Savings,RTGS,1037006.46,Credit,46813.23,Education,Maharashtra,452,1,Education,7552.84,Success,POS_Terminal,Verified,0,19,-1,-0.03491305464498773
TXN000203602,CUST043232,2020-11-07,09:23,Savings,NEFT,39569.78,Credit,28860.44,Investment,Maharashtra,505,0,Unknown,0.0,Success,Mobile_App,Verified,0,9,-1,-0.013537031872723926
TXN000203800,CUST075435,2020-11-08,18:07,Current,UPI,888.0,Debit,11288.08,Education,West Bengal,505,0,Unknown,0.0,Success,Mobile_App,Verified,0,18,-1,-0.01572636367445701
TXN000204289,CUST008410,2020-11-10,03:11,Salary,RTGS,463347.8,Credit,201778.95,Education,Delhi,328,0,Unknown,0.0,Success,Mobile_App,Verified,0,3,-1,-0.00256896957096997
TXN000204339,CUST008742,2020-11-10,15:41,Fixed Deposit,UPI,236.06,Credit,83755.64,Utilities,Rajasthan,406,0,Unknown,0.0,Reversed,ATM,Verified,0,15,-1,-0.020823149780235917
TXN000204507,CUST053131,2020-11-10,18:37,Salary,NEFT,66630.6,Debit,93986.19,Retail,UP,782,1,Personal,15398.38,Success,Mobile_App,Pending,0,18,-1,-0.017858082539664477
TXN000204599,CUST000779,2020-11-11,12:15,Savings,Net_Banking,1455.08,Credit,10938.6,Investment,West Bengal,782,1,Home,12018.93,Success,Mobile_App,Verified,0,12,-1,-0.005861175680504038
TXN000204672,CUST032401,2020-11-11,14:04,Savings,UPI,655.64,Debit,299476.97,Utilities,Maharashtra,821,1,Home,17787.26,Success,Branch,Verified,0,14,-1,-0.007862473661489844
TXN000204737,CUST003377,2020-11-11,07:24,Fixed Deposit,UPI,776.78,Credit,29846.49,Peer Transfer,Tamil Nadu,421,1,Business,47683.03,Success,ATM,Verified,0,7,-1,-0.04480341250950903
TXN000204792,CUST000517,2020-11-11,02:24,Current,UPI,1309.84,Debit,52847.49,Education,Telangana,649,1,Personal,2800.72,Success,Web,Verified,0,2,-1,-0.0020050362361907492
TXN000204797,CUST026137,2020-11-11,23:22,Salary,Credit_Card,3225.34,Debit,57258.91,E-Commerce,Gujarat,425,1,Auto,16773.46,Failed,Mobile_App,Verified,0,23,-1,-0.018392092621479783
TXN000204854,CUST032658,2020-11-11,05:13,Savings,RTGS,791130.72,Debit,63771.36,Food & Dining,Karnataka,682,0,Unknown,0.0,Success,Mobile_App,Verified,0,5,-1,-0.020018623158031268
TXN000205048,CUST033602,2020-11-12,17:41,Fixed Deposit,RTGS,56307.46,Credit,2338.47,Food & Dining,UP,739,0,Unknown,0.0,Success,ATM,Verified,0,17,-1,-0.0011282199725185516
TXN000205242,CUST048260,2020-11-13,12:55,Savings,UPI,146.19,Debit,71466.97,Salary,Karnataka,406,0,Unknown,0.0,Success,POS_Terminal,Verified,0,12,-1,-0.0014955176381303836
TXN000205472,CUST009114,2020-11-13,19:30,Current,POS,1018.15,Debit,1010.74,Food & Dining,Punjab,445,1,Business,51115.04,Success,POS_Terminal,Verified,0,19,-1,-0.050300469532883474
TXN000205580,CUST021736,2020-11-14,16:30,Savings,ATM_Withdrawal,500.0,Debit,189222.6,Government,Maharashtra,645,1,Business,46750.75,Success,Web,Verified,0,16,-1,-0.03809674800353957
TXN000205661,CUST029633,2020-11-14,21:15,Salary,UPI,45.84,Debit,10610.24,Retail,Delhi,505,0,Unknown,0.0,Success,ATM,Expired,0,21,-1,-0.004933361868774688
TXN000205879,CUST064138,2020-11-15,15:58,Savings,NEFT,2798.48,Credit,417244.92,Food & Dining,Telangana,774,1,Unknown,58130.07,Success,ATM,Pending,0,15,-1,-0.03606464556246314
TXN000205880,CUST024639,2020-11-15,08:20,NRI,RTGS,1047551.15,Credit,6875.02,Peer Transfer,Punjab,598,0,Unknown,0.0,Success,POS_Terminal,Verified,0,8,-1,-0.04183357831048684
TXN000205970,CUST067608,2020-11-15,09:23,Savings,Cheque,1697348.25,Credit,22873.44,Real Estate,West Bengal,856,0,Unknown,0.0,Success,API,Verified,0,9,-1,-0.024051114424854636
TXN000206007,CUST040907,2020-11-15,21:10,Current,UPI,524.92,Credit,36940.47,Salary,Tamil Nadu,372,0,Unknown,0.0,Success,Mobile_App,Verified,0,21,-1,-0.03178711956575231
TXN000206185,CUST075027,2020-11-16,14:33,Salary,NEFT,8706.01,Debit,22179.16,Investment,Punjab,612,1,Business,44955.96,Success,Web,Verified,0,14,-1,-0.016137357590721213
TXN000206258,CUST075096,2020-11-16,22:01,Salary,Cheque,45790.77,Debit,202986.65,Utilities,Tamil Nadu,676,0,Unknown,0.0,Success,Web,Verified,0,22,-1,-0.015903327837127224
TXN000206328,CUST051099,2020-11-16,02:16,Savings,ATM_Withdrawal,2000.0,Debit,53303.53,Entertainment,Tamil Nadu,649,1,Personal,8146.14,Failed,Mobile_App,Pending,0,2,-1,-0.030491744214713234
TXN000206334,CUST052661,2020-11-16,00:52,Salary,RTGS,596169.38,Debit,136697.18,Salary,West Bengal,487,1,Auto,10382.73,Success,POS_Terminal,Verified,0,0,-1,-0.005136196619136335
TXN000206682,CUST008829,2020-11-17,14:14,Fixed Deposit,RTGS,1513238.32,Credit,124150.27,E-Commerce,Gujarat,383,0,Unknown,0.0,Success,Branch,Pending,0,14,-1,-0.07001719719507349
TXN000206900,CUST049353,2020-11-18,15:54,Salary,RTGS,1982626.66,Credit,40452.61,Entertainment,Telangana,864,1,Personal,1886.61,Success,Mobile_App,Verified,0,15,-1,-0.07389572062181682
TXN000206929,CUST033755,2020-11-18,04:06,Salary,NEFT,1388709.0,Credit,188981.95,Investment,Maharashtra,487,0,Unknown,0.0,Success,POS_Terminal,Verified,0,4,-1,-0.04021116666497293
TXN000206964,CUST026149,2020-11-18,02:17,NRI,UPI,375.26,Credit,143218.29,Education,Tamil Nadu,406,0,Unknown,0.0,Success,Branch,Verified,0,2,-1,-0.006924874593307706
TXN000207044,CUST025769,2020-11-19,19:58,Current,POS,1228.41,Debit,6040.65,Real Estate,Maharashtra,853,1,Home,32940.29,Success,Mobile_App,Verified,0,19,-1,-0.00554603584456459
TXN000207064,CUST020986,2020-11-19,15:14,NRI,UPI,209.41,Credit,28905.98,Salary,UP,616,0,Unknown,0.0,Success,POS_Terminal,Verified,0,15,-1,-0.0034977092090512363
TXN000207221,CUST072998,2020-11-19,00:51,Fixed Deposit,RTGS,672563.75,Credit,147795.34,Fuel,Delhi,702,0,Unknown,0.0,Success,Mobile_App,Verified,0,0,-1,-0.009702618353951475
TXN000207464,CUST007460,2020-11-20,15:28,Savings,ATM_Withdrawal,1000.0,Debit,168378.76,Real Estate,Karnataka,714,0,Unknown,0.0,Success,ATM,Pending,0,15,-1,-0.002498220400092843
TXN000207545,CUST008853,2020-11-20,08:54,Current,RTGS,602281.17,Debit,49383.18,Government,Delhi,518,0,Unknown,0.0,Success,Mobile_App,Verified,0,8,-1,-0.03728883337165434
TXN000207644,CUST033601,2020-11-20,10:05,Savings,RTGS,2290458.37,Debit,137529.33,Retail,Gujarat,559,0,Unknown,0.0,Success,Branch,Verified,0,10,-1,-0.09168287373301065
TXN000207777,CUST019566,2020-11-21,02:46,Savings,RTGS,911213.3,Debit,118072.01,Fuel,Delhi,584,1,Auto,2785.74,Success,Web,Verified,0,2,-1,-0.033957879888841136
TXN000207798,CUST019734,2020-11-21,18:15,Current,RTGS,276721.9,Credit,36743.31,Investment,Telangana,896,0,Unknown,0.0,Success,Mobile_App,Verified,0,18,-1,-0.04922108270144554
TXN000207817,CUST019677,2020-11-21,18:37,Salary,RTGS,4430621.43,Debit,9529.72,Utilities,Delhi,880,0,Unknown,0.0,Success,Mobile_App,Verified,0,18,-1,-0.13282202276267074
TXN000208041,CUST075579,2020-11-22,17:35,Fixed Deposit,RTGS,135479.7,Credit,7159.29,Entertainment,Telangana,896,1,Business,2484.86,Success,POS_Terminal,Verified,0,17,-1,-0.04411608097612996
TXN000208258,CUST019547,2020-11-23,04:23,Salary,RTGS,1392542.68,Credit,25719.8,Retail,Rajasthan,742,1,Personal,2311.73,Success,ATM,Verified,0,4,-1,-0.02840469923802824
TXN000208293,CUST070410,2020-11-23,23:32,NRI,RTGS,108273.3,Credit,3633.35,Food & Dining,Tamil Nadu,505,0,Unknown,0.0,Success,Mobile_App,Verified,0,23,-1,-0.03573396642661475
TXN000208313,CUST061058,2020-11-23,01:41,Savings,RTGS,962943.93,Credit,4606.7,Education,Maharashtra,592,0,Unknown,0.0,Success,Mobile_App,Verified,0,1,-1,-0.008567274898382049
TXN000208437,CUST028485,2020-11-23,05:36,Current,RTGS,513501.07,Debit,7601.28,E-Commerce,Gujarat,649,0,Unknown,0.0,Success,Mobile_App,Verified,0,5,-1,-0.02322348248101347
TXN000208460,CUST047951,2020-11-23,19:14,Savings,RTGS,731630.25,Debit,6186.6,Healthcare,Rajasthan,763,0,Unknown,0.0,Failed,ATM,Verified,0,19,-1,-0.04365942949489676
TXN000208734,CUST066162,2020-11-24,21:09,Fixed Deposit,IMPS,38157.15,Credit,423570.81,Food & Dining,Delhi,640,0,Unknown,0.0,Success,Mobile_App,Verified,0,21,-1,-0.011951174221223604
TXN000208933,CUST015434,2020-11-25,03:34,Savings,POS,2369.85,Debit,4941271.97,Insurance,Telangana,363,0,Unknown,0.0,Success,Mobile_App,Verified,0,3,-1,-0.007247757809952904
TXN000209011,CUST051812,2020-11-25,20:20,Salary,UPI,2231.91,Credit,55519.12,Utilities,Delhi,729,1,Auto,37487.36,Success,API,Verified,0,20,-1,-0.03362869463190776
TXN000209054,CUST043321,2020-11-25,06:02,Savings,Cheque,1428923.89,Debit,39568.9,E-Commerce,West Bengal,800,1,Business,4885.4,Success,Branch,Verified,0,6,-1,-0.05796737158914134
TXN000209070,CUST030040,2020-11-25,12:25,Salary,RTGS,2555410.94,Debit,58817.82,E-Commerce,Karnataka,834,1,Personal,2135.77,Success,POS_Terminal,Verified,0,12,-1,-0.0610933818454904
TXN000209080,CUST011054,2020-11-25,17:03,Savings,RTGS,568581.82,Credit,109936.2,Investment,Punjab,629,0,Unknown,0.0,Success,Web,Pending,0,17,-1,-0.004825451369929512
TXN000209133,CUST065842,2020-11-25,19:51,Current,RTGS,715288.8,Credit,16106.93,Travel,Karnataka,408,0,Unknown,0.0,Success,Mobile_App,Verified,0,19,-1,-0.009283341105472576
TXN000209345,CUST000359,2020-11-26,03:11,Savings,UPI,580.73,Debit,23764.59,E-Commerce,Delhi,782,1,Education,4550.26,Success,Mobile_App,Verified,0,3,-1,-0.0044971198480527885
TXN000209442,CUST051715,2020-11-26,02:17,Savings,RTGS,1099877.02,Credit,15223.59,Investment,Gujarat,878,1,Business,3633.19,Success,Branch,Verified,1,2,-1,-0.042675582747759844
TXN000209464,CUST025297,2020-11-27,08:47,Savings,POS,110.53,Debit,116196.52,Salary,Karnataka,649,1,Business,4231.48,Success,Web,Verified,0,8,-1,-0.01134264119817785
TXN000209579,CUST066087,2020-11-27,19:56,NRI,RTGS,203697.68,Credit,9054.31,E-Commerce,Tamil Nadu,392,0,Unknown,0.0,Success,Web,Verified,0,19,-1,-0.012947984256602041
TXN000209639,CUST030061,2020-11-27,15:00,Current,RTGS,2103205.72,Debit,2389.41,Food & Dining,Delhi,568,0,Unknown,0.0,Reversed,Mobile_App,Verified,0,15,-1,-0.07973497164456167
TXN000209653,CUST048716,2020-11-27,15:45,Current,IMPS,812.43,Debit,35711.19,Entertainment,Gujarat,326,0,Unknown,0.0,Success,Web,Verified,0,15,-1,-0.003286557892898667
TXN000209770,CUST003290,2020-11-28,07:38,Savings,RTGS,2051221.37,Debit,126636.57,Fuel,Gujarat,441,1,Home,2124.36,Success,Mobile_App,Verified,0,7,-1,-0.10235764207628228
TXN000209847,CUST069650,2020-11-28,08:46,Fixed Deposit,Cheque,276528.11,Debit,13035.04,Education,Karnataka,739,0,Unknown,0.0,Success,Web,Verified,0,8,-1,-0.0017205357644820563
TXN000209911,CUST007070,2020-11-28,09:31,Salary,RTGS,325676.3,Credit,14279.36,Travel,Telangana,474,1,Auto,6456.66,Success,Web,Verified,0,9,-1,-0.019548111442481142
TXN000209991,CUST076153,2020-11-28,07:05,Savings,IMPS,429.85,Debit,89341.65,Retail,West Bengal,649,1,Business,16728.98,Success,Mobile_App,Verified,0,7,-1,-0.0037208306827076765
TXN000210254,CUST041230,2020-11-29,22:58,Savings,NEFT,810.55,Debit,35161.31,Utilities,Tamil Nadu,864,0,Unknown,0.0,Success,Mobile_App,Verified,0,22,-1,-0.0024067028195380313
TXN000210499,CUST061944,2020-11-30,21:15,Salary,RTGS,405151.44,Debit,44486.03,Entertainment,Telangana,896,0,Unknown,0.0,Success,API,Verified,0,21,-1,-0.046042850909264965
TXN000210571,CUST033319,2020-11-30,03:46,NRI,Auto_Debit,1302.51,Debit,25425.58,Utilities,Maharashtra,782,1,Business,17866.4,Success,ATM,Expired,0,3,-1,-0.04331399074003062
TXN000210800,CUST029140,2020-12-01,21:13,Current,RTGS,1373101.03,Credit,134459.27,Salary,Karnataka,771,0,Unknown,0.0,Success,POS_Terminal,Verified,0,21,-1,-0.021361078548319923
TXN000210972,CUST057665,2020-12-02,20:33,Savings,RTGS,1028305.16,Credit,90196.79,Utilities,Punjab,807,0,Unknown,0.0,Pending,Web,Verified,0,20,-1,-0.04096771844094027
TXN000211131,CUST013777,2020-12-02,02:47,Savings,Net_Banking,254395.54,Credit,40161.23,Government,Delhi,372,0,Unknown,0.0,Success,Web,Verified,0,2,-1,-0.0006368194890014056
TXN000211161,CUST023165,2020-12-02,16:02,Current,UPI,337.73,Credit,37916.65,Salary,Rajasthan,409,1,Personal,42738.2,Success,API,Verified,0,16,-1,-0.033218789654384295
TXN000211234,CUST006587,2020-12-03,18:20,Savings,Cheque,1570596.56,Debit,26713.75,Investment,UP,753,0,Unknown,0.0,Success,Web,Verified,0,18,-1,-0.06013188208908815
TXN000211271,CUST048639,2020-12-03,03:08,Salary,Credit_Card,239.0,Debit,741320.88,Retail,Telangana,585,1,Business,15854.67,Success,Web,Verified,0,3,-1,-0.010723130067421205
TXN000211285,CUST050316,2020-12-03,01:19,Savings,RTGS,1149542.97,Credit,62150.56,Government,Delhi,722,0,Unknown,0.0,Reversed,Mobile_App,Verified,0,1,-1,-0.04286023000320871
TXN000211387,CUST034087,2020-12-03,13:44,Current,Cheque,1027581.51,Debit,17716.94,E-Commerce,Karnataka,755,0,Unknown,0.0,Success,POS_Terminal,Verified,0,13,-1,-0.023781697105939692
TXN000211419,CUST062834,2020-12-03,16:10,Fixed Deposit,Cheque,148118.81,Credit,129992.29,Investment,Delhi,783,0,Unknown,0.0,Success,Mobile_App,Verified,0,16,-1,-0.003146791551393968
TXN000211620,CUST056503,2020-12-04,00:45,Salary,RTGS,546555.37,Credit,530.11,Salary,Maharashtra,654,1,Business,9883.47,Success,Branch,Verified,0,0,-1,-0.005483908284772077
TXN000211622,CUST052023,2020-12-04,10:59,NRI,NEFT,842377.96,Credit,90954.3,Fuel,West Bengal,423,0,Unknown,0.0,Failed,POS_Terminal,Verified,0,10,-1,-0.01839885412120079
TXN000211691,CUST052769,2020-12-04,03:50,Savings,RTGS,331710.48,Credit,7322.6,Investment,Maharashtra,629,1,Home,3607.15,Success,ATM,Verified,0,3,-1,-0.004517629289287672
TXN000212000,CUST045667,2020-12-05,08:23,NRI,POS,6984.61,Debit,70487.44,Healthcare,Gujarat,325,0,Unknown,0.0,Success,Branch,Verified,0,8,-1,-0.008100987905986456
TXN000212002,CUST076504,2020-12-05,00:43,NRI,NEFT,1086634.9,Credit,58202.75,Education,Tamil Nadu,676,0,Unknown,0.0,Success,Web,Verified,0,0,-1,-0.08944702830686602
TXN000212155,CUST014648,2020-12-06,10:50,Savings,ATM_Withdrawal,5000.0,Debit,34110.8,Salary,Maharashtra,379,1,Gold,57335.41,Success,POS_Terminal,Verified,0,10,-1,-0.024507819206218473
TXN000212172,CUST008303,2020-12-06,22:10,Savings,RTGS,649987.52,Credit,41640.3,Food & Dining,West Bengal,328,0,Unknown,0.0,Success,POS_Terminal,Verified,0,22,-1,-0.016192290531025777
TXN000212187,CUST066746,2020-12-06,19:43,Savings,UPI,540.72,Credit,80817.9,Peer Transfer,West Bengal,406,0,Unknown,0.0,Success,ATM,Verified,0,19,-1,-0.012131324862590609
TXN000212260,CUST044606,2020-12-06,18:47,Current,Cheque,7698537.27,Debit,34718.07,Investment,Rajasthan,875,0,Unknown,0.0,Success,Branch,Pending,0,18,-1,-0.08799828694381728
TXN000212286,CUST043232,2020-12-06,14:02,Savings,UPI,5405.76,Debit,35722.54,Fuel,West Bengal,551,1,Gold,30550.19,Reversed,Web,Verified,0,14,-1,-0.006804199360724628
TXN000212442,CUST028797,2020-12-07,17:30,Salary,Net_Banking,15834.36,Debit,12342.72,Travel,Tamil Nadu,782,1,Business,13337.27,Success,Mobile_App,Verified,0,17,-1,-0.01082698843854002
TXN000212515,CUST049369,2020-12-07,01:13,Savings,RTGS,1066974.25,Debit,38994.31,Entertainment,Karnataka,324,0,Unknown,0.0,Success,Mobile_App,Verified,0,1,-1,-0.032764251169208
TXN000212533,CUST012982,2020-12-07,12:37,Salary,Cheque,2910959.53,Debit,206527.84,Retail,Rajasthan,766,0,Unknown,0.0,Success,Mobile_App,Verified,0,12,-1,-0.0822189179431535
TXN000212573,CUST031149,2020-12-07,22:48,Savings,RTGS,467854.2,Credit,39770.95,Healthcare,Maharashtra,829,1,Unknown,5151.11,Success,Web,Verified,0,22,-1,-0.030131592607209545
TXN000212825,CUST075912,2020-12-08,00:31,Salary,UPI,780.79,Credit,758.81,Education,West Bengal,372,0,Unknown,0.0,Success,Mobile_App,Verified,0,0,-1,-0.009976504877395764
TXN000212982,CUST074850,2020-12-08,19:18,Salary,RTGS,220689.97,Credit,52668.39,Government,Gujarat,665,0,Unknown,0.0,Success,Mobile_App,Verified,0,19,-1,-0.014046786772941022
TXN000213179,CUST056871,2020-12-09,14:59,Savings,Auto_Debit,1914.32,Debit,172055.99,Investment,Telangana,406,0,Unknown,0.0,Success,Mobile_App,Verified,0,14,-1,-0.010618533371267724
TXN000213209,CUST057611,2020-12-09,21:13,Fixed Deposit,RTGS,828307.28,Credit,12053.68,Entertainment,Maharashtra,876,0,Unknown,0.0,Success,Branch,Verified,0,21,-1,-0.016064212609938733
TXN000213212,CUST016780,2020-12-09,07:37,Savings,RTGS,1425415.92,Credit,34391.86,Retail,Gujarat,305,0,Unknown,0.0,Success,Web,Verified,0,7,-1,-0.05934338227191405
TXN000213313,CUST077719,2020-12-10,12:05,NRI,RTGS,288481.82,Debit,17673.34,Peer Transfer,Tamil Nadu,739,1,Personal,24283.8,Success,Mobile_App,Verified,0,12,-1,-0.004963554754979449
TXN000213335,CUST076962,2020-12-10,14:45,Current,NEFT,3910.04,Credit,76007.35,Travel,Gujarat,474,1,Business,45931.27,Success,Mobile_App,Verified,0,14,-1,-0.0036458175474323173
TXN000213735,CUST058853,2020-12-11,04:55,Savings,Cheque,1513478.52,Debit,5568.49,Salary,Gujarat,816,1,Personal,6842.66,Success,Web,Verified,0,4,-1,-0.03938313955383588
TXN000213746,CUST058470,2020-12-11,03:57,Salary,RTGS,936488.43,Debit,20428.8,Food & Dining,West Bengal,764,0,Unknown,0.0,Success,Mobile_App,Verified,0,3,-1,-0.035892037114038544
TXN000213884,CUST010354,2020-12-11,03:21,Savings,POS,691.31,Debit,69902.86,Food & Dining,Telangana,793,1,Home,17572.19,Failed,POS_Terminal,Verified,0,3,-1,-0.007160961844105973
TXN000213910,CUST055932,2020-12-11,13:30,Salary,IMPS,14474.2,Debit,161145.02,Retail,Punjab,864,0,Unknown,0.0,Success,POS_Terminal,Verified,0,13,-1,-0.024739161025201684
TXN000213940,CUST023439,2020-12-11,21:34,Salary,POS,1240.05,Debit,135751.64,Food & Dining,Telangana,505,0,Unknown,0.0,Success,POS_Terminal,Verified,0,21,-1,-0.042277509132159885
TXN000213965,CUST024178,2020-12-12,07:35,Savings,POS,8674.29,Debit,10960.15,Retail,Tamil Nadu,505,0,Unknown,0.0,Success,POS_Terminal,Verified,0,7,-1,-0.013153711450434091
TXN000214059,CUST029487,2020-12-12,07:59,Savings,RTGS,1191098.14,Credit,35847.51,Peer Transfer,Karnataka,579,0,Unknown,0.0,Success,Web,Verified,0,7,-1,-0.016964936770752392
TXN000214335,CUST027308,2020-12-13,07:35,Current,RTGS,1137161.77,Credit,8948.44,Travel,Telangana,344,1,Auto,2627.91,Success,POS_Terminal,Verified,1,7,-1,-0.038283976945621245
TXN000214530,CUST004276,2020-12-13,17:34,Fixed Deposit,RTGS,322742.43,Credit,229281.75,Utilities,Delhi,718,1,Unknown,1454.56,Success,Mobile_App,Verified,0,17,-1,-0.019132662159126124
TXN000214569,CUST064286,2020-12-14,01:15,Salary,Cheque,842282.48,Debit,32326.7,Food & Dining,Maharashtra,849,0,Unknown,0.0,Success,ATM,Verified,0,1,-1,-0.024406592707765573
TXN000214582,CUST054697,2020-12-14,11:46,Savings,RTGS,1603902.06,Credit,34694.06,Utilities,Gujarat,696,0,Unknown,0.0,Success,API,Verified,0,11,-1,-0.038750785269717425
TXN000214590,CUST028861,2020-12-14,13:41,Savings,POS,3240.96,Debit,35290.2,Government,Maharashtra,411,1,Personal,37762.29,Success,Mobile_App,Verified,0,13,-1,-0.02386016524199075
TXN000214615,CUST075170,2020-12-14,20:35,Current,Cheque,3254060.33,Debit,46053.51,Retail,Karnataka,440,0,Unknown,0.0,Success,Mobile_App,Pending,0,20,-1,-0.0898222442692036
TXN000214623,CUST017752,2020-12-14,05:39,Salary,UPI,334.54,Credit,44278.95,Peer Transfer,Gujarat,645,1,Business,22159.27,Success,Web,Verified,0,5,-1,-0.0032771951762607943
TXN000214739,CUST051262,2020-12-14,20:05,Salary,RTGS,265018.78,Debit,5278.83,Education,Maharashtra,535,1,Home,20772.46,Success,POS_Terminal,Verified,0,20,-1,-0.007179517326718399
TXN000214813,CUST005649,2020-12-14,10:15,Current,Cheque,7778436.54,Debit,1147.59,Food & Dining,West Bengal,454,0,Unknown,0.0,Success,Mobile_App,Verified,0,10,-1,-0.06475966563431024
TXN000214832,CUST034700,2020-12-14,00:27,Savings,Cheque,995934.67,Credit,7062.9,Investment,Telangana,724,0,Unknown,0.0,Success,Web,Verified,0,0,-1,-0.08603997718558964
TXN000215249,CUST069673,2020-12-16,01:04,Savings,RTGS,762599.26,Credit,11274.05,Retail,UP,709,0,Unknown,0.0,Success,ATM,Verified,0,1,-1,-0.011842226565707659
TXN000215284,CUST044438,2020-12-16,11:36,NRI,IMPS,2932.82,Debit,45141.72,Travel,Maharashtra,896,1,Personal,9786.33,Success,Mobile_App,Verified,0,11,-1,-0.035143681698623586
TXN000215288,CUST076402,2020-12-16,03:28,Current,Auto_Debit,7670.42,Debit,123752.67,Utilities,Maharashtra,326,0,Unknown,0.0,Pending,Mobile_App,Verified,0,3,-1,-0.0363260293501011
TXN000215304,CUST025827,2020-12-16,15:02,Salary,POS,2909.88,Debit,70502.12,Investment,Rajasthan,470,1,Personal,49002.47,Pending,Branch,Expired,0,15,-1,-0.046994535029158624
TXN000215449,CUST062020,2020-12-17,19:01,Savings,Auto_Debit,1684.04,Debit,54261.54,Retail,Tamil Nadu,764,1,Unknown,75473.59,Success,Web,Verified,0,19,-1,-0.06883980971054371
TXN000215532,CUST065015,2020-12-17,14:07,Current,RTGS,135719.73,Debit,10044.71,Salary,Tamil Nadu,401,0,Unknown,0.0,Success,Branch,Verified,0,14,-1,-0.011686958439837025
TXN000215540,CUST079104,2020-12-17,16:46,NRI,Cheque,1263036.27,Credit,59568.74,Entertainment,Maharashtra,654,0,Unknown,0.0,Success,Mobile_App,Verified,0,16,-1,-0.10671435817363684
TXN000215610,CUST031411,2020-12-17,06:34,Salary,RTGS,355219.82,Credit,9708.15,Government,Tamil Nadu,749,1,Business,2305.27,Success,POS_Terminal,Verified,0,6,-1,-0.04188448927649113
TXN000215667,CUST032291,2020-12-17,06:19,Savings,RTGS,420559.72,Credit,13573.74,Retail,Delhi,802,0,Unknown,0.0,Success,Mobile_App,Verified,0,6,-1,-0.015419858413002419
TXN000215685,CUST020801,2020-12-18,07:44,Current,RTGS,889316.21,Credit,37360.38,Government,Tamil Nadu,381,0,Unknown,0.0,Success,Web,Verified,0,7,-1,-0.023547032188674266
TXN000215756,CUST053513,2020-12-18,04:35,Salary,RTGS,712828.62,Credit,115508.14,Investment,Punjab,792,0,Unknown,0.0,Success,Mobile_App,Verified,0,4,-1,-0.04897559318474243
TXN000215827,CUST000229,2020-12-18,18:41,Savings,UPI,746.01,Debit,91372.98,Utilities,Punjab,803,0,Unknown,0.0,Success,Mobile_App,Pending,0,18,-1,-0.017613515952454417
TXN000215998,CUST015455,2020-12-19,21:47,Current,RTGS,1049882.55,Credit,68083.13,E-Commerce,Maharashtra,754,0,Unknown,0.0,Success,ATM,Expired,0,21,-1,-0.02582874670141755
TXN000216071,CUST025895,2020-12-19,09:12,NRI,RTGS,597228.84,Debit,40809.79,Insurance,Rajasthan,474,1,Education,2658.0,Success,Mobile_App,Verified,1,9,-1,-0.0008206261253316249
TXN000216221,CUST030139,2020-12-19,02:03,Salary,RTGS,443943.46,Credit,18028.01,Retail,West Bengal,535,1,Unknown,6097.84,Success,Mobile_App,Verified,0,2,-1,-0.02286423494971146
TXN000216307,CUST033155,2020-12-20,06:51,Salary,UPI,578.3,Debit,73615.35,Education,UP,782,0,Unknown,0.0,Success,Branch,Verified,0,6,-1,-0.019008836264559292
TXN000216376,CUST022712,2020-12-20,04:52,Current,RTGS,684001.84,Debit,69970.34,Utilities,Telangana,680,1,Education,2602.5,Success,ATM,Verified,0,4,-1,-0.01141194970909254
TXN000216925,CUST013335,2020-12-22,19:21,Savings,UPI,312.2,Debit,7394.88,E-Commerce,Telangana,406,0,Unknown,0.0,Success,ATM,Verified,0,19,-1,-0.009582566808477355
TXN000216962,CUST000346,2020-12-22,09:10,Salary,RTGS,134124.27,Debit,8188.82,Food & Dining,Delhi,649,0,Unknown,0.0,Success,Mobile_App,Verified,0,9,-1,-0.0015777943775068248
TXN000217002,CUST037999,2020-12-22,21:56,Fixed Deposit,Cheque,3239315.41,Debit,12005.3,Entertainment,West Bengal,818,0,Unknown,0.0,Pending,POS_Terminal,Pending,0,21,-1,-0.07544418765597516
TXN000217135,CUST061593,2020-12-22,20:24,Salary,Cheque,3654149.55,Credit,73955.91,Salary,Gujarat,574,1,Business,17749.26,Success,Web,Verified,0,20,-1,-0.11035235040566704
TXN000217212,CUST003606,2020-12-23,19:27,NRI,ATM_Withdrawal,500.0,Debit,176818.52,Utilities,Telangana,488,1,Personal,17182.9,Success,Branch,Expired,0,19,-1,-0.021942737237455434
TXN000217290,CUST042157,2020-12-23,00:44,Savings,UPI,249.71,Credit,9244.11,Healthcare,Karnataka,803,0,Unknown,0.0,Success,POS_Terminal,Verified,0,0,-1,-0.014984237318792282
TXN000217351,CUST006169,2020-12-23,10:09,NRI,RTGS,1776577.8,Debit,130344.98,Insurance,Maharashtra,860,1,Auto,1618.99,Success,Mobile_App,Verified,0,10,-1,-0.06393854162736423
TXN000217522,CUST048166,2020-12-24,09:52,Current,RTGS,1116477.19,Debit,3139.18,Healthcare,Delhi,611,1,Business,6324.88,Success,Mobile_App,Verified,0,9,-1,-0.014369744481492308
TXN000217626,CUST040860,2020-12-24,15:56,Salary,POS,222.62,Debit,10015.09,Fuel,Telangana,310,1,Education,31436.52,Success,API,Verified,0,15,-1,-0.00954182478867227
TXN000217781,CUST073094,2020-12-25,23:57,Savings,RTGS,551206.28,Credit,581529.03,Investment,Delhi,708,0,Unknown,0.0,Success,Mobile_App,Pending,0,23,-1,-0.02132883682731579
TXN000217812,CUST016079,2020-12-25,04:52,Savings,RTGS,1030680.26,Debit,86767.88,Education,Gujarat,301,0,Unknown,0.0,Success,ATM,Verified,0,4,-1,-0.03645181056002922
TXN000217838,CUST024250,2020-12-25,00:49,Fixed Deposit,UPI,384.64,Debit,3975.18,Entertainment,Delhi,568,1,Business,53864.74,Success,Branch,Verified,0,0,-1,-0.020260905556130915
TXN000217898,CUST072543,2020-12-25,01:05,Savings,IMPS,1227.29,Credit,80063.71,Retail,Maharashtra,803,0,Unknown,0.0,Success,Mobile_App,Pending,0,1,-1,-0.01278583907105968
TXN000217920,CUST008068,2020-12-25,09:39,Salary,RTGS,613592.16,Credit,26441.09,Education,Rajasthan,831,0,Unknown,0.0,Success,Mobile_App,Verified,0,9,-1,-0.01327013647625852
TXN000218002,CUST046951,2020-12-25,11:15,Savings,RTGS,1901576.63,Credit,3746.41,Salary,West Bengal,825,1,Home,3122.52,Success,Mobile_App,Verified,0,11,-1,-0.049066271624624846
TXN000218168,CUST009744,2020-12-26,17:05,Current,RTGS,966603.36,Credit,32362.81,Entertainment,Punjab,607,0,Unknown,0.0,Failed,Branch,Verified,0,17,-1,-0.02897796999026414
TXN000218180,CUST042967,2020-12-26,08:47,Savings,RTGS,101006.74,Credit,12422.58,E-Commerce,Maharashtra,699,0,Unknown,0.0,Success,API,Verified,0,8,-1,-0.004205845357414195
TXN000218243,CUST046961,2020-12-26,09:24,Salary,RTGS,1129232.02,Credit,93355.88,Food & Dining,Maharashtra,488,0,Unknown,0.0,Success,POS_Terminal,Verified,0,9,-1,-0.03828971168704831
TXN000218246,CUST038844,2020-12-26,13:55,Current,RTGS,655520.87,Credit,5452.68,Retail,Tamil Nadu,622,0,Unknown,0.0,Success,Mobile_App,Verified,0,13,-1,-0.051400629473938864
TXN000218552,CUST070620,2020-12-27,06:56,Savings,ATM_Withdrawal,3000.0,Debit,21660.11,Retail,Delhi,782,1,Business,7746.51,Success,ATM,Pending,0,6,-1,-0.020071375980469486
TXN000218564,CUST079132,2020-12-27,11:07,Current,ATM_Withdrawal,2000.0,Debit,33121.23,Fuel,Gujarat,864,0,Unknown,0.0,Success,API,Verified,0,11,-1,-0.020870021210498302
TXN000218738,CUST002270,2020-12-28,10:19,Salary,UPI,586.69,Debit,71696.65,Food & Dining,Rajasthan,750,1,Education,25239.22,Pending,Branch,Verified,0,10,-1,-0.02457360288791044
TXN000218759,CUST070812,2020-12-28,11:59,Salary,Cheque,1723862.65,Debit,62506.03,Fuel,Delhi,811,0,Unknown,0.0,Success,Mobile_App,Verified,1,11,-1,-0.016069890110569363
TXN000218778,CUST039631,2020-12-28,01:11,Salary,UPI,258.88,Debit,456845.21,Salary,Tamil Nadu,655,1,Home,43694.2,Success,Mobile_App,Verified,0,1,-1,-0.0165564920973853
TXN000218872,CUST058047,2020-12-28,13:12,Fixed Deposit,Cheque,4055.18,Debit,12250.71,E-Commerce,Karnataka,640,1,Gold,417.99,Success,Mobile_App,Verified,0,13,-1,-0.016930081717728696
TXN000218885,CUST075319,2020-12-28,15:14,Savings,Auto_Debit,2265.77,Debit,6358.21,Education,Karnataka,785,1,Home,19360.85,Success,Web,Verified,0,15,-1,-0.0029750056206170328
TXN000219031,CUST074168,2020-12-29,05:10,Salary,RTGS,3202101.28,Debit,32749.0,Investment,Telangana,651,0,Unknown,0.0,Success,Web,Verified,0,5,-1,-0.06954109425423716
TXN000219060,CUST053989,2020-12-29,12:07,NRI,NEFT,1331152.47,Debit,10197.77,Food & Dining,Karnataka,724,0,Unknown,0.0,Success,ATM,Expired,0,12,-1,-0.0432030441779675
TXN000219169,CUST056537,2020-12-29,03:39,Current,Credit_Card,1291.04,Debit,84520.85,Salary,Karnataka,406,0,Unknown,0.0,Success,ATM,Verified,0,3,-1,-0.009791291969633464
TXN000219538,CUST041333,2020-12-30,02:57,Savings,RTGS,175193.71,Debit,3945.49,Real Estate,Maharashtra,640,0,Unknown,0.0,Success,ATM,Verified,0,2,-1,-0.006001297324646049
TXN000219691,CUST026067,2020-12-31,22:12,Current,Cheque,458153.22,Debit,16030.89,Investment,Maharashtra,585,0,Unknown,0.0,Success,Web,Verified,0,22,-1,-0.030243473836904955
TXN000219808,CUST027975,2020-12-31,05:19,Salary,IMPS,1880.11,Credit,82748.88,E-Commerce,Maharashtra,505,0,Unknown,0.0,Success,Branch,Verified,0,5,-1,-0.01755976653749669
TXN000219999,CUST013781,2021-01-01,15:39,Savings,Auto_Debit,832.55,Debit,185845.84,Salary,Gujarat,406,1,Personal,23141.65,Success,Mobile_App,Verified,0,15,-1,-0.03469983017143041
TXN000220074,CUST014605,2021-01-01,03:25,Salary,RTGS,2617065.76,Debit,17074.4,Education,Telangana,598,0,Unknown,0.0,Success,Mobile_App,Verified,0,3,-1,-0.09277312960202788
TXN000220104,CUST060665,2021-01-01,22:46,Savings,RTGS,259409.55,Credit,789539.68,Investment,Karnataka,768,0,Unknown,0.0,Success,ATM,Verified,0,22,-1,-6.411790505966852e-05
TXN000220208,CUST072416,2021-01-02,07:46,Current,RTGS,598541.1,Debit,17452.06,Real Estate,Karnataka,401,0,Unknown,0.0,Success,Mobile_App,Verified,0,7,-1,-0.029072525581112174
TXN000220373,CUST052593,2021-01-02,08:08,Savings,RTGS,35709.5,Credit,17329.56,E-Commerce,West Bengal,640,0,Unknown,0.0,Success,POS_Terminal,Pending,0,8,-1,-0.028621910501138825
TXN000220389,CUST039301,2021-01-02,04:16,NRI,RTGS,2316695.33,Debit,9849.95,Retail,Karnataka,585,0,Unknown,0.0,Success,Mobile_App,Verified,0,4,-1,-0.1318400642339873
TXN000220487,CUST053676,2021-01-03,18:17,Savings,Cheque,1385321.25,Debit,67585.01,Investment,Telangana,469,0,Unknown,0.0,Success,API,Expired,0,18,-1,-0.03171088730492966
TXN000220603,CUST026130,2021-01-03,10:32,Salary,RTGS,1016994.5,Credit,113673.39,Peer Transfer,Maharashtra,802,0,Unknown,0.0,Success,ATM,Verified,0,10,-1,-0.07063609290300554
TXN000220637,CUST078745,2021-01-03,10:32,Salary,RTGS,814622.54,Credit,63896.33,Travel,Delhi,301,0,Unknown,0.0,Success,Mobile_App,Verified,0,10,-1,-0.030550537566132352
TXN000220677,CUST011584,2021-01-03,16:23,Savings,Auto_Debit,1377.75,Debit,27858.56,Retail,Maharashtra,762,1,Education,24746.8,Success,Web,Expired,0,16,-1,-0.0024309328211999937
TXN000220809,CUST054817,2021-01-04,02:52,Salary,UPI,278.42,Debit,180380.11,Retail,Karnataka,501,0,Unknown,0.0,Pending,API,Verified,0,2,-1,-0.006570577501180952
TXN000220852,CUST056268,2021-01-04,09:52,Savings,RTGS,615303.02,Debit,53764.23,Retail,Karnataka,880,0,Unknown,0.0,Success,Branch,Verified,1,9,-1,-0.004931125929144797
TXN000220927,CUST019023,2021-01-04,11:52,Current,ATM_Withdrawal,1000.0,Debit,448427.67,Retail,UP,326,1,Gold,1766.57,Success,Web,Verified,0,11,-1,-0.007904738932506095
TXN000220947,CUST060789,2021-01-04,07:27,Current,UPI,47.97,Debit,18761.42,Retail,Telangana,501,1,Education,26970.22,Success,Branch,Verified,0,7,-1,-0.021309347606355833
TXN000220949,CUST045970,2021-01-04,11:45,Fixed Deposit,RTGS,5385595.72,Debit,133616.01,Travel,Rajasthan,789,0,Unknown,0.0,Success,ATM,Verified,0,11,-1,-0.07242588224753688
TXN000221001,CUST079661,2021-01-04,12:51,Current,RTGS,361987.85,Debit,31382.53,Utilities,Karnataka,357,0,Unknown,0.0,Success,Web,Verified,0,12,-1,-0.0006285823236275023
TXN000221004,CUST004743,2021-01-04,12:30,Current,RTGS,968402.85,Debit,18880.6,Investment,Telangana,538,0,Unknown,0.0,Success,Mobile_App,Verified,0,12,-1,-0.03553402959361751
TXN000221007,CUST006939,2021-01-04,21:37,Savings,UPI,401.3,Credit,284107.87,Retail,West Bengal,782,0,Unknown,0.0,Success,Web,Verified,0,21,-1,-0.007868988301055979
TXN000221014,CUST067524,2021-01-04,09:23,Savings,Cheque,1751787.44,Debit,232503.23,E-Commerce,Rajasthan,509,0,Unknown,0.0,Success,Branch,Verified,0,9,-1,-0.053417804547400416
TXN000221034,CUST029864,2021-01-04,07:03,Savings,Net_Banking,32289.53,Debit,7003.01,Salary,Gujarat,792,1,Personal,8312.76,Success,Mobile_App,Verified,0,7,-1,-0.0017531586690952006
TXN000221071,CUST038068,2021-01-04,00:06,Current,RTGS,302534.22,Debit,174468.49,Food & Dining,Maharashtra,792,0,Unknown,0.0,Success,API,Verified,0,0,-1,-0.03753523114650448
TXN000221074,CUST019558,2021-01-04,11:24,Savings,RTGS,68540.54,Credit,19404.25,Education,Telangana,505,0,Unknown,0.0,Success,ATM,Verified,0,11,-1,-0.034569044466343235
TXN000221080,CUST006134,2021-01-04,12:50,Salary,UPI,2074.55,Credit,90041.9,Salary,Delhi,623,1,Home,54719.62,Success,Branch,Verified,0,12,-1,-0.02050398448066515
TXN000221331,CUST069604,2021-01-05,16:13,Salary,IMPS,473.65,Credit,60486.92,Retail,Maharashtra,372,1,Business,1878.84,Success,Mobile_App,Pending,0,16,-1,-0.00567110229611123
TXN000221346,CUST052845,2021-01-05,00:47,Savings,RTGS,1086251.33,Credit,15581.57,Government,Delhi,619,1,Auto,3999.61,Success,Mobile_App,Verified,0,0,-1,-0.029684826530171904
TXN000221506,CUST009520,2021-01-06,03:02,Savings,Auto_Debit,7042.35,Debit,26577.55,Fuel,Tamil Nadu,483,1,Personal,31446.57,Success,Web,Pending,0,3,-1,-0.09261865854646112
TXN000221534,CUST034553,2021-01-06,11:38,Salary,RTGS,1298948.9,Debit,71565.87,Real Estate,Maharashtra,642,1,Business,1185.45,Success,Web,Verified,0,11,-1,-0.031087096827663863
TXN000221574,CUST014836,2021-01-06,09:59,Savings,NEFT,3630.24,Credit,701658.39,Salary,Punjab,501,0,Unknown,0.0,Success,API,Verified,0,9,-1,-0.02192570037525965
TXN000221582,CUST048882,2021-01-06,19:34,Salary,Cheque,1751706.45,Credit,8515.1,Fuel,Tamil Nadu,660,0,Unknown,0.0,Success,Branch,Verified,0,19,-1,-0.030586265005053237
TXN000221686,CUST065565,2021-01-06,02:02,Salary,Credit_Card,29028.0,Debit,43228.86,Fuel,Karnataka,426,1,Auto,37273.6,Success,Web,Verified,0,2,-1,-0.04309117285905517
TXN000222299,CUST012321,2021-01-08,14:05,Fixed Deposit,IMPS,2648.85,Debit,179551.03,E-Commerce,Maharashtra,470,0,Unknown,0.0,Success,Mobile_App,Verified,0,14,-1,-0.006017018830887233
TXN000222474,CUST020821,2021-01-09,12:30,Current,RTGS,475921.4,Debit,8448.37,Salary,Tamil Nadu,798,0,Unknown,0.0,Success,POS_Terminal,Verified,0,12,-1,-0.015654704782064544
TXN000222484,CUST017990,2021-01-09,22:09,Salary,Net_Banking,4559.93,Debit,78813.35,Education,Tamil Nadu,676,0,Unknown,0.0,Success,Web,Verified,0,22,-1,-0.0044253442278157085
TXN000222717,CUST006177,2021-01-10,13:40,Current,RTGS,481191.79,Credit,83983.29,Government,Rajasthan,730,0,Unknown,0.0,Failed,Mobile_App,Verified,0,13,-1,-0.0015748421184772488
TXN000222744,CUST005535,2021-01-10,02:23,Salary,RTGS,772090.75,Debit,25104.25,Salary,Karnataka,866,0,Unknown,0.0,Success,Branch,Pending,0,2,-1,-0.007650297302017273
TXN000222795,CUST067544,2021-01-10,02:10,Salary,UPI,1210.74,Debit,55597.2,Salary,Delhi,886,1,Business,33975.67,Success,ATM,Verified,0,2,-1,-0.019923767580784513
TXN000222808,CUST047221,2021-01-10,19:25,Fixed Deposit,Auto_Debit,16610.91,Debit,2049294.57,Salary,Tamil Nadu,878,1,Business,24019.47,Success,Web,Verified,0,19,-1,-0.03433041537927839
TXN000222836,CUST048287,2021-01-10,01:12,Salary,RTGS,247268.43,Credit,78001.42,Utilities,Tamil Nadu,759,0,Unknown,0.0,Success,POS_Terminal,Verified,0,1,-1,-0.011564501914533398
TXN000222941,CUST046415,2021-01-10,20:11,Salary,Cheque,730713.26,Credit,80622.42,Travel,Karnataka,629,0,Unknown,0.0,Success,POS_Terminal,Verified,0,20,-1,-0.016127298978431015
TXN000222959,CUST019574,2021-01-11,20:28,Fixed Deposit,Net_Banking,29688.32,Debit,14823.32,Food & Dining,Gujarat,471,1,Home,45196.83,Success,Mobile_App,Verified,0,20,-1,-0.0003228273422499761
TXN000223446,CUST014572,2021-01-12,17:57,Savings,Cheque,167755.25,Credit,114222.99,Travel,Telangana,505,1,Personal,12396.63,Success,POS_Terminal,Verified,0,17,-1,-0.010073502271380819
TXN000223512,CUST049721,2021-01-12,09:02,Current,RTGS,762142.32,Credit,19849.88,Government,Delhi,629,1,Home,4796.76,Success,ATM,Verified,0,9,-1,-0.03254830881933368
TXN000223583,CUST012363,2021-01-13,10:15,Savings,RTGS,559962.99,Credit,162487.25,Healthcare,Karnataka,501,0,Unknown,0.0,Success,ATM,Expired,0,10,-1,-0.04098418683802152
TXN000223654,CUST073507,2021-01-13,18:59,Savings,RTGS,1328656.63,Debit,23689.72,E-Commerce,Karnataka,578,0,Unknown,0.0,Failed,ATM,Verified,1,18,-1,-0.02388860580096097
TXN000223819,CUST040110,2021-01-13,12:09,Salary,POS,515.43,Debit,11404.83,Investment,UP,417,1,Home,57596.62,Success,ATM,Verified,0,12,-1,-0.01485580127144992
TXN000223928,CUST018047,2021-01-14,13:01,Salary,POS,152.24,Debit,835726.0,Education,Karnataka,649,1,Unknown,11071.93,Success,Mobile_App,Verified,0,13,-1,-0.02352238859758682
TXN000223946,CUST037257,2021-01-14,06:02,Savings,Cheque,714004.34,Credit,6461.29,Retail,Telangana,782,1,Home,12490.16,Success,Branch,Verified,0,6,-1,-0.05871002211997922
TXN000224049,CUST059258,2021-01-14,12:31,Current,Credit_Card,5846.81,Debit,224413.61,Healthcare,Tamil Nadu,548,1,Auto,37340.1,Success,ATM,Verified,0,12,-1,-0.009932024320841504
TXN000224055,CUST020134,2021-01-14,02:50,Current,RTGS,5035851.03,Credit,6702.22,Entertainment,Telangana,817,1,Personal,35660.26,Success,Branch,Verified,1,2,-1,-0.08515855035491515
TXN000224071,CUST016477,2021-01-14,23:15,NRI,Auto_Debit,3541.84,Debit,4383.59,Insurance,Karnataka,470,0,Unknown,0.0,Failed,ATM,Verified,0,23,-1,-0.029674656213851347
TXN000224119,CUST062707,2021-01-14,19:24,NRI,RTGS,1559758.61,Credit,20850.05,Travel,Karnataka,836,0,Unknown,0.0,Failed,Web,Verified,0,19,-1,-0.02751922601995549
TXN000224233,CUST034828,2021-01-15,09:13,Salary,IMPS,1610.4,Credit,4715.55,Retail,Tamil Nadu,494,1,Home,75793.1,Success,POS_Terminal,Verified,0,9,-1,-0.06610916832675173
TXN000224249,CUST012002,2021-01-15,15:06,Salary,Net_Banking,8954.46,Debit,23529.15,Retail,Karnataka,326,0,Unknown,0.0,Success,Mobile_App,Verified,0,15,-1,-0.001335977145003664
TXN000224375,CUST066837,2021-01-15,22:13,Current,RTGS,2054786.2,Credit,17740.51,Entertainment,Gujarat,833,0,Unknown,0.0,Success,POS_Terminal,Expired,0,22,-1,-0.07588219162978505
TXN000224384,CUST044554,2021-01-15,03:31,NRI,Auto_Debit,812.85,Debit,159110.32,Travel,Maharashtra,326,0,Unknown,0.0,Success,Mobile_App,Verified,0,3,-1,-0.04448721427072
TXN000224833,CUST034909,2021-01-17,09:28,Current,ATM_Withdrawal,500.0,Debit,16981.87,Food & Dining,Maharashtra,325,1,Home,3928.23,Success,Branch,Verified,0,9,-1,-0.01693066088598838
TXN000224873,CUST026326,2021-01-17,02:46,Fixed Deposit,RTGS,724234.73,Credit,48401.2,Food & Dining,Karnataka,853,1,Home,6077.24,Success,ATM,Verified,0,2,-1,-0.003704167581810025
TXN000224891,CUST000093,2021-01-17,01:43,Current,RTGS,675140.1,Credit,27557.41,E-Commerce,Karnataka,474,0,Unknown,0.0,Reversed,Branch,Verified,0,1,-1,-0.030374290437781948
TXN000225290,CUST056003,2021-01-18,04:14,Fixed Deposit,UPI,635.17,Debit,3442.36,Entertainment,West Bengal,535,1,Home,25652.19,Success,Mobile_App,Verified,0,4,-1,-0.04614954126685622
TXN000225494,CUST027029,2021-01-19,02:29,Savings,Cheque,1936244.76,Credit,90569.15,Utilities,Gujarat,326,0,Unknown,0.0,Success,Mobile_App,Verified,0,2,-1,-0.06719695229963196
TXN000225780,CUST059986,2021-01-20,10:33,Savings,Net_Banking,10736.79,Debit,121322.9,E-Commerce,Punjab,461,1,Auto,33731.72,Success,ATM,Pending,0,10,-1,-0.0024851929577376364
TXN000225810,CUST007733,2021-01-20,13:37,Current,Auto_Debit,1062.96,Debit,6765.96,Entertainment,Delhi,505,0,Unknown,0.0,Success,Mobile_App,Verified,0,13,-1,-0.05978705580540955
TXN000225868,CUST073837,2021-01-20,15:00,Current,ATM_Withdrawal,5000.0,Debit,112478.26,Peer Transfer,Tamil Nadu,406,0,Unknown,0.0,Success,Mobile_App,Verified,0,15,-1,-0.007253342885174763
TXN000226100,CUST061509,2021-01-21,09:59,Current,IMPS,15429.8,Debit,10375.97,Utilities,Tamil Nadu,782,1,Home,9680.29,Success,Mobile_App,Verified,0,9,-1,-0.013864236402649666
TXN000226407,CUST061686,2021-01-22,02:21,Salary,RTGS,2286667.35,Credit,37726.74,Retail,Maharashtra,837,0,Unknown,0.0,Success,Mobile_App,Pending,0,2,-1,-0.042989891999522745
TXN000226462,CUST063585,2021-01-22,11:06,Salary,RTGS,1974827.13,Debit,7804.8,Peer Transfer,Gujarat,697,0,Unknown,0.0,Success,Branch,Expired,0,11,-1,-0.06447261561529793
TXN000226465,CUST043959,2021-01-22,05:19,Savings,IMPS,1566.23,Credit,29106.17,Fuel,Rajasthan,505,0,Unknown,0.0,Success,Branch,Verified,0,5,-1,-0.030125321258247184
TXN000226477,CUST011625,2021-01-22,10:25,Savings,Net_Banking,13098.39,Credit,25475.81,Peer Transfer,Gujarat,591,1,Auto,34971.85,Pending,API,Verified,0,10,-1,-0.04897139209326706
TXN000226693,CUST021227,2021-01-23,17:22,Fixed Deposit,Credit_Card,4545.56,Debit,10634.84,Investment,Rajasthan,714,1,Home,12934.15,Success,Web,Pending,0,17,-1,-0.012083880794056534
TXN000226720,CUST005506,2021-01-23,23:04,Salary,Cheque,686127.31,Debit,41316.59,Investment,Karnataka,314,0,Unknown,0.0,Success,POS_Terminal,Verified,0,23,-1,-0.015308274788876086
TXN000226867,CUST000213,2021-01-23,11:23,Current,RTGS,1188320.96,Debit,3657.58,Entertainment,Maharashtra,838,0,Unknown,0.0,Success,Mobile_App,Verified,0,11,-1,-0.028345329924152618
TXN000226947,CUST034175,2021-01-24,15:03,Savings,RTGS,659119.87,Debit,48451.61,Food & Dining,Rajasthan,488,1,Unknown,5889.95,Success,Web,Verified,0,15,-1,-0.00808634605784253
TXN000227016,CUST067077,2021-01-24,11:09,Savings,Cheque,987803.48,Debit,36830.8,Food & Dining,Punjab,800,1,Home,3582.17,Success,Web,Verified,0,11,-1,-0.014905056036295994
TXN000227306,CUST043403,2021-01-25,15:49,Current,ATM_Withdrawal,1000.0,Debit,14263.03,Food & Dining,West Bengal,326,0,Unknown,0.0,Success,Web,Expired,0,15,-1,-0.011850327806731453
TXN000227318,CUST079974,2021-01-25,08:45,NRI,NEFT,3186.09,Debit,49083.94,Government,Gujarat,445,1,Auto,23394.82,Success,POS_Terminal,Verified,0,8,-1,-0.007951865949438197
TXN000227323,CUST055124,2021-01-25,15:38,Current,RTGS,1258225.83,Debit,15662.53,Fuel,Rajasthan,362,0,Unknown,0.0,Success,API,Verified,0,15,-1,-0.022756841135315398
TXN000227434,CUST035018,2021-01-25,08:03,Savings,RTGS,272217.08,Credit,36275.83,Entertainment,Rajasthan,676,1,Personal,2390.67,Success,API,Verified,0,8,-1,-0.009284397387092636
TXN000227467,CUST014102,2021-01-26,15:07,Savings,RTGS,691525.25,Credit,16258.39,Real Estate,Maharashtra,408,1,Auto,3094.84,Success,ATM,Verified,0,15,-1,-0.0040307305445174135
TXN000227563,CUST045714,2021-01-26,06:14,Current,IMPS,4285.96,Credit,12483.17,Healthcare,Rajasthan,505,0,Unknown,0.0,Success,Mobile_App,Verified,0,6,-1,-0.014226967687438918
TXN000227690,CUST022305,2021-01-26,22:40,Current,RTGS,803099.9,Debit,208920.97,Food & Dining,Karnataka,862,0,Unknown,0.0,Success,Mobile_App,Verified,0,22,-1,-0.0007340118911343119
TXN000227721,CUST071363,2021-01-26,21:20,Fixed Deposit,RTGS,87459.76,Debit,7283.39,Retail,Karnataka,372,1,Personal,40034.72,Success,Mobile_App,Verified,0,21,-1,-0.01862095223210558
TXN000227897,CUST015427,2021-01-27,23:24,Savings,UPI,7648.8,Debit,303345.87,Insurance,Tamil Nadu,406,0,Unknown,0.0,Success,ATM,Verified,0,23,-1,-0.015035072457524445
TXN000227934,CUST012537,2021-01-27,19:29,Current,RTGS,656888.97,Debit,53006.19,Food & Dining,Rajasthan,783,0,Unknown,0.0,Success,Mobile_App,Verified,0,19,-1,-0.009062969259298725
TXN000228190,CUST073266,2021-01-28,18:45,Current,RTGS,1211483.33,Credit,9154.99,Utilities,Delhi,802,0,Unknown,0.0,Success,Mobile_App,Verified,0,18,-1,-0.0835053094819801
TXN000228201,CUST053899,2021-01-28,11:27,NRI,Net_Banking,1347.17,Debit,6890.58,Insurance,Maharashtra,313,1,Auto,63462.39,Success,Mobile_App,Verified,0,11,-1,-0.014081379986644271
TXN000228319,CUST058402,2021-01-28,08:35,Current,POS,4920.32,Debit,30422.26,Retail,Telangana,714,1,Home,3156.54,Success,ATM,Verified,0,8,-1,-0.01348210024019092
TXN000228558,CUST057475,2021-01-29,10:58,Savings,IMPS,4683.85,Debit,174718.64,Real Estate,Karnataka,750,1,Personal,14808.02,Success,POS_Terminal,Expired,0,10,-1,-0.00797017017013757
TXN000228566,CUST032178,2021-01-29,05:11,Fixed Deposit,RTGS,1595798.32,Debit,53641.86,Travel,Gujarat,704,0,Unknown,0.0,Success,API,Verified,0,5,-1,-0.043356898309082625
TXN000228630,CUST011434,2021-01-29,07:04,Salary,RTGS,1114957.12,Credit,18803.89,Peer Transfer,Gujarat,563,0,Unknown,0.0,Success,API,Verified,0,7,-1,-0.021895607214352908
TXN000228691,CUST010876,2021-01-30,15:19,NRI,Auto_Debit,1808.83,Debit,20857.78,Entertainment,Delhi,551,1,Business,26095.93,Success,Mobile_App,Verified,0,15,-1,-0.02260986747471727
TXN000228703,CUST040423,2021-01-30,01:51,Savings,RTGS,524933.05,Debit,37932.86,Travel,Maharashtra,896,0,Unknown,0.0,Success,Mobile_App,Verified,0,1,-1,-0.007562354010125172
TXN000228814,CUST040215,2021-01-30,23:54,Savings,Auto_Debit,862.13,Debit,62888.1,E-Commerce,Telangana,687,0,Unknown,0.0,Success,POS_Terminal,Verified,0,23,-1,-0.00030298832211195226
TXN000228968,CUST035362,2021-01-30,11:19,Fixed Deposit,RTGS,205329.92,Credit,17998.94,E-Commerce,Maharashtra,505,0,Unknown,0.0,Success,Web,Verified,0,11,-1,-0.05024904638447636
TXN000229103,CUST075542,2021-01-31,22:44,Current,RTGS,2252399.71,Credit,146075.3,Entertainment,Tamil Nadu,768,1,Unknown,2669.02,Success,Mobile_App,Verified,1,22,-1,-0.12519445570206178
TXN000229127,CUST023498,2021-01-31,00:36,Salary,Net_Banking,34523.44,Debit,35074.16,Utilities,Telangana,505,0,Unknown,0.0,Success,POS_Terminal,Verified,0,0,-1,-0.010901166351829139
TXN000229358,CUST076448,2021-02-01,01:35,Salary,Cheque,1241038.25,Debit,77277.72,Peer Transfer,UP,638,0,Unknown,0.0,Success,Branch,Verified,0,1,-1,-0.027731808262391633
TXN000229407,CUST027379,2021-02-01,12:27,Salary,Cheque,2439245.25,Debit,12021.55,Retail,Delhi,311,1,Home,2748.13,Success,Web,Verified,1,12,-1,-0.058397908793907716
TXN000229459,CUST058329,2021-02-01,19:38,Savings,UPI,451.69,Credit,28783.35,Healthcare,Karnataka,429,1,Personal,17261.36,Success,Web,Verified,0,19,-1,-0.012881124773020058
TXN000229514,CUST010242,2021-02-01,02:15,Salary,IMPS,4127.51,Debit,60928.73,E-Commerce,Maharashtra,649,1,Home,10977.41,Success,Mobile_App,Verified,0,2,-1,-0.0023730277471948336
TXN000229559,CUST014850,2021-02-01,06:45,Savings,UPI,6747.03,Credit,240058.58,E-Commerce,Delhi,829,1,Business,37109.35,Success,Branch,Verified,0,6,-1,-0.05394900892211463
TXN000229766,CUST058272,2021-02-02,04:00,Salary,UPI,236.49,Debit,53673.95,Peer Transfer,Tamil Nadu,406,0,Unknown,0.0,Success,ATM,Verified,0,4,-1,-0.021368045952742443
TXN000229781,CUST023602,2021-02-02,12:32,Current,RTGS,432003.55,Debit,36430.08,Investment,Tamil Nadu,759,1,Personal,10160.95,Success,Branch,Verified,0,12,-1,-0.009398711700931983
TXN000229817,CUST048382,2021-02-02,02:38,Current,RTGS,1433456.41,Credit,56569.99,Government,Maharashtra,381,0,Unknown,0.0,Success,Web,Verified,0,2,-1,-0.06027773620219701
TXN000229839,CUST078734,2021-02-02,22:57,Savings,Cheque,9254.86,Debit,110003.93,Entertainment,Telangana,591,1,Business,44090.95,Success,POS_Terminal,Verified,0,22,-1,-0.01308792792242941
TXN000229855,CUST028080,2021-02-02,21:49,Savings,RTGS,1744496.98,Debit,23625.51,Utilities,Rajasthan,466,0,Unknown,0.0,Success,ATM,Pending,0,21,-1,-0.05782726868703325
TXN000229948,CUST012447,2021-02-03,04:51,Current,ATM_Withdrawal,1000.0,Debit,4860.53,Entertainment,UP,575,1,Auto,45817.27,Success,POS_Terminal,Verified,0,4,-1,-0.022038748658401164
TXN000230035,CUST042141,2021-02-03,15:08,Salary,RTGS,876245.99,Credit,140519.24,Entertainment,Karnataka,505,0,Unknown,0.0,Success,Mobile_App,Verified,0,15,-1,-0.057951275081969955
TXN000230041,CUST062726,2021-02-03,06:57,Current,NEFT,30620.88,Credit,18146.77,E-Commerce,Gujarat,877,1,Unknown,10457.62,Success,API,Verified,0,6,-1,-0.022745169790477693
TXN000230169,CUST019204,2021-02-03,22:35,Fixed Deposit,Cheque,174567.16,Credit,62262.09,Travel,Tamil Nadu,763,0,Unknown,0.0,Success,Web,Verified,0,22,-1,-0.0237567537774509
TXN000230192,CUST018011,2021-02-03,06:28,NRI,Cheque,2346683.78,Debit,60816.3,Food & Dining,UP,670,0,Unknown,0.0,Success,API,Verified,0,6,-1,-0.10502228001666336
TXN000230302,CUST048518,2021-02-04,02:27,Fixed Deposit,POS,6228.71,Debit,190713.36,Travel,UP,535,0,Unknown,0.0,Success,POS_Terminal,Pending,0,2,-1,-0.011526329648708256
TXN000230375,CUST014138,2021-02-04,20:47,Savings,IMPS,5164.5,Credit,7021.75,Government,Gujarat,406,0,Unknown,0.0,Success,Mobile_App,Verified,0,20,-1,-0.012601257706329139
TXN000230396,CUST075169,2021-02-04,16:37,Current,RTGS,793130.48,Debit,22024.99,Insurance,Karnataka,676,0,Unknown,0.0,Success,Web,Verified,0,16,-1,-0.08189347351671694
TXN000230745,CUST014987,2021-02-05,14:31,Salary,RTGS,484958.48,Credit,5870.74,Education,Rajasthan,891,0,Unknown,0.0,Success,Web,Verified,0,14,-1,-0.0005586727413362524
TXN000230771,CUST067005,2021-02-05,15:04,Savings,POS,8240.34,Debit,4264689.93,Education,Maharashtra,616,0,Unknown,0.0,Success,Mobile_App,Pending,0,15,-1,-0.06837631484091933
TXN000230972,CUST055720,2021-02-06,22:55,Savings,POS,346.28,Debit,79256.02,Education,Karnataka,782,0,Unknown,0.0,Success,ATM,Verified,0,22,-1,-0.020714072556628937
TXN000231241,CUST054613,2021-02-07,11:49,Salary,RTGS,1073390.98,Debit,6577.43,Retail,Telangana,834,1,Home,1915.66,Success,Mobile_App,Verified,0,11,-1,-0.014242939909930752
TXN000231650,CUST001328,2021-02-08,23:33,Savings,Cheque,625787.41,Credit,3397.0,Food & Dining,Tamil Nadu,688,0,Unknown,0.0,Success,Mobile_App,Pending,0,23,-1,-0.0034492800312929672
TXN000231692,CUST015297,2021-02-08,17:23,Savings,RTGS,551111.85,Credit,29920.75,Investment,Maharashtra,803,1,Home,3353.24,Success,POS_Terminal,Verified,0,17,-1,-0.016738567049503383
TXN000231721,CUST001294,2021-02-09,17:11,Salary,RTGS,825255.49,Credit,34389.94,Insurance,Delhi,314,0,Unknown,0.0,Success,Mobile_App,Verified,0,17,-1,-0.02368603924466195
TXN000231748,CUST078911,2021-02-09,03:42,Current,Credit_Card,552.91,Debit,43987.35,Retail,West Bengal,782,1,Auto,3633.74,Success,POS_Terminal,Verified,0,3,-1,-0.009343245174870174
TXN000231769,CUST028533,2021-02-09,14:35,Savings,RTGS,519587.06,Credit,196824.89,Salary,Gujarat,676,1,Personal,11442.74,Success,Web,Verified,0,14,-1,-0.028483929911228834
TXN000232023,CUST050481,2021-02-09,07:19,Salary,NEFT,1985.0,Credit,194031.37,Education,Punjab,501,0,Unknown,0.0,Success,Web,Verified,0,7,-1,-0.008614151038040974
TXN000232104,CUST077806,2021-02-10,06:10,NRI,RTGS,1580391.19,Credit,20717.85,E-Commerce,Maharashtra,629,1,Personal,2271.73,Success,ATM,Verified,0,6,-1,-0.08588477943475781
TXN000232143,CUST054862,2021-02-10,00:40,Current,Credit_Card,10506.54,Debit,112597.31,Government,Telangana,406,0,Unknown,0.0,Failed,ATM,Verified,0,0,-1,-0.00015652792803122484
TXN000232182,CUST043390,2021-02-10,08:19,Savings,RTGS,167337.29,Credit,70243.1,Salary,Rajasthan,676,1,Home,6744.94,Success,Web,Verified,0,8,-1,-0.013276675819161143
TXN000232187,CUST054707,2021-02-10,17:04,NRI,Cheque,1696092.07,Credit,25503.08,Utilities,Delhi,787,1,Business,11430.51,Success,Mobile_App,Verified,0,17,-1,-0.030408344049944414
TXN000232361,CUST067613,2021-02-11,06:36,Savings,RTGS,491982.14,Debit,10721.31,Utilities,Tamil Nadu,407,0,Unknown,0.0,Success,Web,Verified,0,6,-1,-0.0160190745610318
TXN000232509,CUST007485,2021-02-11,20:51,Fixed Deposit,ATM_Withdrawal,500.0,Debit,397073.12,Real Estate,Punjab,397,1,Personal,59346.09,Failed,Mobile_App,Verified,0,20,-1,-0.024653187695376055
TXN000232524,CUST057718,2021-02-11,11:20,Savings,RTGS,364681.65,Credit,22716.28,Government,Karnataka,553,0,Unknown,0.0,Success,Mobile_App,Verified,0,11,-1,-0.010033477441226513
TXN000232807,CUST071936,2021-02-12,13:59,Current,RTGS,331738.16,Credit,20961.58,Insurance,West Bengal,649,0,Unknown,0.0,Failed,POS_Terminal,Verified,0,13,-1,-0.005168527644792809
TXN000232882,CUST016658,2021-02-12,16:45,Current,RTGS,154648.11,Debit,3014631.93,Education,West Bengal,438,1,Personal,29955.1,Success,Mobile_App,Verified,0,16,-1,-0.051546232646719314
TXN000232927,CUST058409,2021-02-12,06:57,Salary,UPI,399.88,Credit,19975.05,Utilities,Rajasthan,749,1,Gold,13649.2,Success,Web,Verified,0,6,-1,-0.031187640923015847
TXN000233091,CUST012298,2021-02-13,01:21,NRI,RTGS,990446.79,Debit,93358.72,Retail,Tamil Nadu,448,0,Unknown,0.0,Success,Mobile_App,Verified,0,1,-1,-0.02175166736581058
TXN000233149,CUST036186,2021-02-13,05:48,Current,Net_Banking,901242.26,Debit,7860.56,Retail,Maharashtra,401,0,Unknown,0.0,Success,Branch,Pending,0,5,-1,-0.00938569532463196
TXN000233252,CUST002455,2021-02-14,12:11,Current,RTGS,717843.34,Credit,4856.39,Peer Transfer,Telangana,699,0,Unknown,0.0,Success,POS_Terminal,Verified,0,12,-1,-0.089630854076032
TXN000233256,CUST041004,2021-02-14,06:22,Current,Auto_Debit,427.9,Debit,10059.9,Education,Delhi,560,1,Personal,50098.77,Success,ATM,Verified,0,6,-1,-0.014080885882020278
TXN000233274,CUST078655,2021-02-14,19:39,Current,NEFT,53656.23,Debit,8031.27,Retail,Delhi,659,1,Home,33855.22,Success,Mobile_App,Verified,0,19,-1,-0.010807565741199565
TXN000233286,CUST037720,2021-02-14,10:35,Current,POS,4332.93,Debit,102695.66,Retail,UP,702,1,Gold,69712.42,Success,Mobile_App,Verified,0,10,-1,-0.055992419504800384
TXN000233397,CUST042527,2021-02-14,12:26,Current,Cheque,3115021.26,Credit,147973.54,Healthcare,Maharashtra,772,1,Unknown,3521.04,Success,API,Expired,0,12,-1,-0.07273969094992894
TXN000233439,CUST042074,2021-02-14,10:01,Current,RTGS,1204507.53,Credit,3615.16,Entertainment,Tamil Nadu,559,1,Auto,9782.29,Success,ATM,Verified,0,10,-1,-0.024680423454254363
TXN000233477,CUST057869,2021-02-14,13:55,Fixed Deposit,IMPS,4726.66,Credit,301383.23,Salary,Punjab,640,1,Unknown,2298.09,Success,Web,Verified,0,13,-1,-0.0031870001397201753
TXN000233585,CUST052320,2021-02-15,14:07,Savings,RTGS,1675110.17,Debit,5216.61,Retail,Tamil Nadu,492,0,Unknown,0.0,Success,Web,Verified,0,14,-1,-0.04050930486098536
TXN000233815,CUST016436,2021-02-16,06:17,Salary,UPI,967.52,Debit,7723.77,Retail,Karnataka,792,0,Unknown,0.0,Success,API,Pending,0,6,-1,-0.004133764210039748
TXN000234134,CUST041944,2021-02-17,08:00,Savings,RTGS,997378.88,Credit,75561.63,Salary,Delhi,500,0,Unknown,0.0,Success,Mobile_App,Verified,0,8,-1,-0.03430760720909787
TXN000234177,CUST034990,2021-02-17,20:17,NRI,Cheque,3364453.03,Credit,426812.61,Retail,Rajasthan,602,0,Unknown,0.0,Success,ATM,Verified,0,20,-1,-0.07494984245819514
TXN000234313,CUST029549,2021-02-17,21:05,Savings,UPI,832.05,Debit,108268.69,Utilities,West Bengal,782,1,Personal,3983.0,Success,Web,Verified,0,21,-1,-0.013830663086570882
TXN000234383,CUST009033,2021-02-17,08:06,Fixed Deposit,IMPS,974.55,Debit,78498.59,Travel,Karnataka,406,0,Unknown,0.0,Success,Branch,Verified,0,8,-1,-0.003495278145910219
TXN000234406,CUST070440,2021-02-17,22:37,NRI,POS,271.59,Debit,18417.22,Retail,Gujarat,792,0,Unknown,0.0,Success,API,Verified,0,22,-1,-0.001844301937827808
TXN000234481,CUST077864,2021-02-18,23:25,Current,RTGS,3762044.4,Credit,15092.0,Fuel,UP,808,0,Unknown,0.0,Success,Mobile_App,Verified,0,23,-1,-0.08980741558624272
TXN000234551,CUST069630,2021-02-18,22:36,Savings,RTGS,1224226.25,Debit,11139.33,Salary,Delhi,691,0,Unknown,0.0,Success,Web,Pending,0,22,-1,-0.07626714453526018
TXN000234654,CUST015126,2021-02-18,11:27,Current,Auto_Debit,7274.24,Debit,117605.51,Healthcare,West Bengal,505,0,Unknown,0.0,Success,ATM,Verified,0,11,-1,-0.05435875527804912
TXN000234697,CUST073698,2021-02-18,17:43,Savings,RTGS,711539.69,Debit,185823.52,Food & Dining,Tamil Nadu,753,1,Education,11679.56,Success,Web,Verified,0,17,-1,-0.008101889182109745
TXN000234709,CUST076256,2021-02-18,03:51,Fixed Deposit,UPI,1105.39,Debit,45646.87,Travel,Gujarat,470,1,Auto,3954.49,Success,ATM,Verified,0,3,-1,-0.01932317416192808
TXN000234781,CUST004345,2021-02-19,13:36,Current,RTGS,2874381.15,Debit,118463.41,Travel,Gujarat,639,0,Unknown,0.0,Success,POS_Terminal,Verified,0,13,-1,-0.06946804935782713
TXN000234869,CUST052415,2021-02-19,11:37,Current,RTGS,35308.45,Debit,573765.85,Travel,Karnataka,640,1,Home,8481.2,Success,POS_Terminal,Verified,0,11,-1,-0.008288532633888401
TXN000234890,CUST063632,2021-02-19,12:24,Salary,RTGS,1442226.1,Debit,13615.62,Peer Transfer,Delhi,716,1,Unknown,5046.36,Success,Web,Verified,0,12,-1,-0.014259702511455807
TXN000234905,CUST059150,2021-02-19,06:17,Savings,UPI,296.39,Debit,13628.11,Food & Dining,Delhi,674,1,Unknown,44645.51,Success,Mobile_App,Expired,0,6,-1,-0.022424939219040096
TXN000234913,CUST032343,2021-02-19,02:50,NRI,POS,1193.28,Debit,35616.7,Travel,Punjab,308,1,Auto,81368.42,Success,Mobile_App,Verified,0,2,-1,-0.01911928515464556
TXN000235018,CUST024333,2021-02-19,07:14,Savings,RTGS,594191.12,Debit,139923.12,Salary,Maharashtra,802,1,Personal,4231.48,Success,Mobile_App,Verified,0,7,-1,-0.004742506062011431
TXN000235047,CUST055581,2021-02-20,18:41,Fixed Deposit,RTGS,81880.43,Debit,14605.76,Peer Transfer,Telangana,699,1,Personal,7415.28,Success,Mobile_App,Verified,0,18,-1,-0.005952333997091053
TXN000235102,CUST055157,2021-02-20,12:23,Savings,RTGS,1136311.9,Credit,27387.31,Real Estate,Karnataka,460,0,Unknown,0.0,Success,API,Verified,0,12,-1,-0.007369832265882059
TXN000235187,CUST078203,2021-02-20,18:16,Savings,UPI,1186.39,Debit,6905.44,Utilities,Karnataka,505,0,Unknown,0.0,Success,Mobile_App,Verified,0,18,-1,-0.010557759047677862
TXN000235454,CUST018573,2021-02-21,08:24,Salary,Cheque,621528.92,Debit,57646.08,Education,Telangana,676,0,Unknown,0.0,Success,Mobile_App,Verified,0,8,-1,-0.057985111196350525
TXN000235477,CUST018574,2021-02-21,19:46,Savings,NEFT,2020281.85,Credit,8442.67,Utilities,Tamil Nadu,374,1,Education,4912.94,Success,Branch,Expired,1,19,-1,-0.034403418275643194
TXN000235499,CUST036337,2021-02-21,05:34,Savings,RTGS,279048.88,Credit,6268.39,Entertainment,Maharashtra,792,0,Unknown,0.0,Success,ATM,Pending,0,5,-1,-0.0038067812311656235
TXN000235547,CUST013283,2021-02-21,20:44,Savings,Cheque,1035432.65,Credit,20411.38,Entertainment,Delhi,807,0,Unknown,0.0,Success,Branch,Verified,0,20,-1,-0.03439705034768881
TXN000235977,CUST063333,2021-02-23,11:34,Current,IMPS,7844.76,Credit,77468.77,Travel,Maharashtra,505,0,Unknown,0.0,Success,POS_Terminal,Verified,0,11,-1,-0.051827655874749134
TXN000236007,CUST063871,2021-02-23,21:55,Savings,UPI,143.08,Debit,78271.94,Investment,West Bengal,393,1,Auto,39303.82,Success,Mobile_App,Verified,0,21,-1,-0.03064909682877548
TXN000236202,CUST049871,2021-02-23,06:14,Current,Net_Banking,4466.75,Debit,132966.82,E-Commerce,Karnataka,762,1,Personal,32090.36,Success,Mobile_App,Verified,0,6,-1,-0.02600140873008938
TXN000236275,CUST046199,2021-02-24,08:50,Savings,ATM_Withdrawal,5000.0,Debit,2700149.49,Real Estate,Maharashtra,716,1,Unknown,31634.18,Success,Mobile_App,Verified,0,8,-1,-0.009182518242728421
TXN000236477,CUST046958,2021-02-24,12:23,Current,RTGS,1025726.71,Credit,67081.72,Travel,Tamil Nadu,662,0,Unknown,0.0,Success,ATM,Verified,0,12,-1,-0.04819759791240108
TXN000236489,CUST008000,2021-02-24,00:24,Fixed Deposit,RTGS,803037.99,Credit,17407.53,Travel,Delhi,815,1,Personal,4910.79,Success,Web,Verified,0,0,-1,-0.03501717558740003
TXN000236539,CUST050918,2021-02-24,11:03,NRI,RTGS,1080039.53,Credit,266578.3,Fuel,Tamil Nadu,343,0,Unknown,0.0,Success,Web,Verified,0,11,-1,-0.0030429537109142313
TXN000236638,CUST040689,2021-02-25,00:18,Current,POS,2259.93,Debit,86221.37,Investment,West Bengal,649,1,Business,20757.71,Success,Web,Verified,0,0,-1,-0.0316224987358934
TXN000236643,CUST065819,2021-02-25,08:50,Salary,Net_Banking,61994.4,Debit,125034.77,Insurance,Karnataka,406,0,Unknown,0.0,Success,Web,Verified,0,8,-1,-0.001424431882232069
TXN000236772,CUST061165,2021-02-25,01:15,Savings,IMPS,5013.95,Credit,9165.55,Travel,Tamil Nadu,310,1,Home,38056.04,Success,Branch,Verified,0,1,-1,-0.008542479448627294
TXN000236828,CUST031943,2021-02-25,12:58,Current,IMPS,1847.24,Debit,30226.48,Salary,Karnataka,505,0,Unknown,0.0,Success,Mobile_App,Verified,0,12,-1,-0.016102849231610983
TXN000236832,CUST013759,2021-02-25,14:01,NRI,IMPS,2806.73,Debit,87174.4,Retail,Gujarat,406,0,Unknown,0.0,Success,Mobile_App,Verified,0,14,-1,-0.007913807472310075
TXN000236864,CUST039352,2021-02-25,02:33,Current,RTGS,26437.98,Credit,143350.02,Salary,UP,817,0,Unknown,0.0,Success,Web,Verified,0,2,-1,-0.008921742635909058
TXN000236899,CUST047065,2021-02-26,08:29,Current,RTGS,212969.77,Credit,52402.64,E-Commerce,Delhi,763,0,Unknown,0.0,Success,Web,Verified,0,8,-1,-0.03464088395992493
TXN000237028,CUST060178,2021-02-26,06:50,Salary,NEFT,6435.27,Credit,111854.63,Peer Transfer,West Bengal,313,1,Home,21207.81,Success,Mobile_App,Expired,0,6,-1,-0.01021614346639288
TXN000237292,CUST055618,2021-02-27,10:44,Savings,UPI,468.41,Debit,175475.27,Retail,West Bengal,803,0,Unknown,0.0,Success,POS_Terminal,Verified,0,10,-1,-0.0027774064656993502
TXN000237410,CUST008438,2021-02-27,07:41,Salary,IMPS,5540.41,Debit,873668.35,Peer Transfer,Delhi,841,1,Education,28294.71,Success,Web,Verified,0,7,-1,-0.01593798368877697
TXN000237545,CUST042097,2021-02-28,16:58,Savings,Auto_Debit,4609.49,Debit,129687.21,Peer Transfer,Rajasthan,470,1,Education,6801.96,Success,API,Verified,0,16,-1,-0.00024087037777376086
TXN000237597,CUST041399,2021-02-28,03:08,Current,Cheque,185364.07,Debit,8675.46,Food & Dining,Rajasthan,793,1,Education,35787.71,Success,Mobile_App,Verified,0,3,-1,-0.04940419123947415
TXN000237724,CUST017628,2021-02-28,08:49,Salary,RTGS,763204.46,Credit,45230.49,Entertainment,Tamil Nadu,500,0,Unknown,0.0,Success,ATM,Verified,0,8,-1,-0.026663977176686338
TXN000237812,CUST024505,2021-03-01,10:30,NRI,Cheque,111080.2,Credit,79021.12,E-Commerce,Tamil Nadu,676,0,Unknown,0.0,Success,Web,Verified,0,10,-1,-0.031099953313695305
TXN000238048,CUST070219,2021-03-02,03:17,Current,ATM_Withdrawal,500.0,Debit,30885.06,Government,Telangana,470,1,Personal,8219.85,Success,Mobile_App,Pending,0,3,-1,-0.01718755811412387
TXN000238118,CUST026114,2021-03-02,10:00,Savings,RTGS,87563.01,Credit,9339.81,E-Commerce,West Bengal,792,1,Home,846.46,Success,Branch,Verified,0,10,-1,-0.004365018830283063
TXN000238151,CUST059277,2021-03-02,04:44,Savings,RTGS,935882.18,Debit,183996.99,Education,Delhi,403,0,Unknown,0.0,Success,Branch,Verified,0,4,-1,-0.026767183926999283
TXN000238276,CUST010878,2021-03-02,17:35,Savings,UPI,905.78,Credit,36983.46,Investment,Telangana,582,1,Personal,30767.01,Success,POS_Terminal,Verified,0,17,-1,-0.007191938028855871
TXN000238373,CUST054316,2021-03-03,02:04,Current,RTGS,26809.52,Credit,8658.15,E-Commerce,Gujarat,864,0,Unknown,0.0,Success,Mobile_App,Pending,0,2,-1,-0.0010936461302069045
TXN000238450,CUST052791,2021-03-03,11:31,Savings,UPI,2619.88,Credit,31007.66,E-Commerce,Punjab,631,1,Auto,66070.76,Success,API,Verified,0,11,-1,-0.006518476961978936
TXN000238507,CUST041489,2021-03-03,04:00,Savings,RTGS,436262.79,Credit,11052.77,Utilities,Karnataka,518,0,Unknown,0.0,Success,Mobile_App,Verified,0,4,-1,-0.011282529149108655
TXN000238688,CUST070877,2021-03-04,01:39,Fixed Deposit,RTGS,475266.06,Credit,9232.17,Healthcare,Punjab,763,1,Home,3070.25,Failed,Mobile_App,Verified,0,1,-1,-0.03879682446494259
TXN000238736,CUST027524,2021-03-04,12:21,Salary,RTGS,297885.83,Credit,13842.47,Real Estate,West Bengal,325,1,Home,5186.88,Success,API,Verified,0,12,-1,-0.0009117083175029794
TXN000238756,CUST019837,2021-03-04,02:09,Savings,UPI,191.84,Credit,250065.24,Salary,Punjab,406,1,Auto,10609.22,Success,Mobile_App,Verified,0,2,-1,-0.02033457100291347
TXN000238805,CUST002331,2021-03-04,13:09,NRI,NEFT,6201.12,Credit,21338.66,Healthcare,Maharashtra,864,0,Unknown,0.0,Success,Web,Verified,0,13,-1,-0.0016654290491142643
TXN000238926,CUST052280,2021-03-05,02:36,Salary,RTGS,1131568.57,Credit,5361.7,Investment,Rajasthan,463,0,Unknown,0.0,Success,Branch,Verified,1,2,-1,-0.04104574923741933
TXN000238939,CUST056866,2021-03-05,02:54,Savings,RTGS,1023453.56,Credit,22763.62,Salary,Gujarat,867,0,Unknown,0.0,Success,Mobile_App,Verified,0,2,-1,-0.006607261332138403
TXN000238958,CUST024245,2021-03-05,15:12,Savings,UPI,1533.32,Credit,111760.26,Food & Dining,UP,372,0,Unknown,0.0,Success,POS_Terminal,Verified,0,15,-1,-0.042987344396613336
TXN000239019,CUST062598,2021-03-05,13:45,Current,RTGS,37704.22,Credit,28493.77,Healthcare,Rajasthan,792,1,Business,1329.31,Success,Web,Verified,0,13,-1,-0.0013481119073519565
TXN000239021,CUST059529,2021-03-05,05:41,NRI,POS,7819.31,Debit,51765.53,Education,Gujarat,406,0,Unknown,0.0,Success,Mobile_App,Verified,0,5,-1,-0.008568892990161059
TXN000239025,CUST005845,2021-03-05,03:58,Fixed Deposit,ATM_Withdrawal,500.0,Debit,151046.98,Insurance,Tamil Nadu,878,1,Business,27336.26,Failed,Mobile_App,Verified,0,3,-1,-0.004833229212272028
TXN000239032,CUST008929,2021-03-05,13:28,Savings,RTGS,1297798.26,Debit,34805.04,Utilities,Tamil Nadu,698,0,Unknown,0.0,Success,Mobile_App,Verified,0,13,-1,-0.03378187048934589
TXN000239221,CUST052612,2021-03-06,19:03,Salary,NEFT,42338.21,Debit,34638.52,Healthcare,Delhi,625,1,Home,32710.26,Reversed,Web,Verified,0,19,-1,-0.02642014692199046
TXN000239262,CUST026418,2021-03-06,18:01,Savings,IMPS,2035.36,Debit,14069.68,Utilities,Tamil Nadu,782,0,Unknown,0.0,Success,Mobile_App,Verified,0,18,-1,-0.004347052338320001
TXN000239295,CUST042291,2021-03-06,07:26,Savings,RTGS,250299.87,Credit,28040.85,Travel,Tamil Nadu,662,1,Gold,2649.68,Success,ATM,Verified,0,7,-1,-0.0033960002028977643
TXN000239345,CUST035686,2021-03-06,03:15,NRI,Cheque,2220058.72,Debit,19450.67,Real Estate,Maharashtra,727,1,Unknown,4545.08,Reversed,Mobile_App,Verified,0,3,-1,-0.1032529781262157
TXN000239405,CUST016183,2021-03-06,03:44,Savings,Cheque,2344742.99,Credit,6590.87,Retail,Maharashtra,796,1,Personal,3859.27,Success,Mobile_App,Verified,0,3,-1,-0.13424957230217138
TXN000239449,CUST011510,2021-03-06,23:17,Savings,RTGS,1169093.42,Debit,24616.83,Retail,Maharashtra,334,1,Personal,2320.19,Success,ATM,Verified,0,23,-1,-0.001120121262793039
TXN000239477,CUST023068,2021-03-06,02:26,NRI,RTGS,1591747.22,Debit,9154.94,Food & Dining,Karnataka,533,1,Education,2765.47,Failed,Mobile_App,Verified,0,2,-1,-0.07348096106659585
TXN000239554,CUST058633,2021-03-07,20:02,Salary,NEFT,18767.39,Credit,80852.59,Food & Dining,Gujarat,501,0,Unknown,0.0,Success,Web,Pending,0,20,-1,-0.01938502729538194
TXN000239877,CUST044256,2021-03-08,02:30,Savings,RTGS,1217615.69,Debit,37949.53,Entertainment,Punjab,854,0,Unknown,0.0,Success,POS_Terminal,Verified,0,2,-1,-0.05511080766657139
TXN000240049,CUST024070,2021-03-08,14:54,Savings,Net_Banking,14735.56,Credit,142840.14,Utilities,Delhi,326,1,Home,16063.79,Success,API,Verified,0,14,-1,-0.02237751644221808
TXN000240137,CUST005429,2021-03-09,18:20,Salary,NEFT,13855.48,Credit,1291793.98,Retail,Delhi,782,1,Unknown,9154.1,Success,Web,Verified,0,18,-1,-0.02902548214865941
TXN000240390,CUST079139,2021-03-09,11:41,Salary,Auto_Debit,1203.89,Debit,5985.88,Insurance,Tamil Nadu,326,0,Unknown,0.0,Success,API,Verified,0,11,-1,-0.019912196659864767
TXN000240480,CUST061615,2021-03-10,02:59,Fixed Deposit,RTGS,1199699.84,Credit,7906.45,Salary,Karnataka,864,0,Unknown,0.0,Success,Mobile_App,Verified,0,2,-1,-0.04871198686651501
TXN000240528,CUST069776,2021-03-10,08:59,Savings,Cheque,1070322.88,Credit,65776.03,Travel,Tamil Nadu,349,0,Unknown,0.0,Success,ATM,Verified,0,8,-1,-0.06276996075639474
TXN000240783,CUST013729,2021-03-11,11:39,Salary,POS,11641.89,Debit,7034.75,Government,Karnataka,792,0,Unknown,0.0,Success,Web,Expired,0,11,-1,-0.0005052151066751165
TXN000240931,CUST059828,2021-03-11,21:15,Savings,UPI,2156.53,Credit,11263.77,E-Commerce,Tamil Nadu,799,1,Home,4525.21,Success,API,Verified,0,21,-1,-0.005005412747968396
TXN000241033,CUST078886,2021-03-12,07:53,Fixed Deposit,Cheque,1128257.1,Debit,3943.65,E-Commerce,Gujarat,721,0,Unknown,0.0,Success,Mobile_App,Verified,0,7,-1,-0.013946067574955312
TXN000241365,CUST017155,2021-03-13,01:04,NRI,UPI,433.28,Debit,24871.58,Travel,Karnataka,406,1,Personal,3323.54,Success,Mobile_App,Verified,0,1,-1,-0.025618545705053397
TXN000241376,CUST032786,2021-03-13,12:40,Fixed Deposit,RTGS,1750207.12,Credit,2449.68,E-Commerce,Telangana,345,0,Unknown,0.0,Success,Mobile_App,Verified,0,12,-1,-0.08028506637226085
TXN000241426,CUST068560,2021-03-13,01:28,Savings,NEFT,3059161.69,Debit,17013.22,E-Commerce,West Bengal,657,0,Unknown,0.0,Success,ATM,Verified,0,1,-1,-0.08126085840037811
TXN000241485,CUST049464,2021-03-13,08:15,Savings,Cheque,927253.36,Credit,85303.53,Retail,Maharashtra,610,1,Business,4396.47,Failed,Mobile_App,Verified,0,8,-1,-0.015203386612911318
TXN000241493,CUST000316,2021-03-13,16:26,Current,UPI,1521.53,Debit,9497.43,Healthcare,Tamil Nadu,406,0,Unknown,0.0,Reversed,Web,Verified,0,16,-1,-0.015036770566479563
TXN000241515,CUST034354,2021-03-13,04:15,Salary,RTGS,674438.89,Credit,112341.72,Real Estate,Karnataka,370,1,Personal,8666.84,Success,POS_Terminal,Verified,0,4,-1,-0.026107835613090047
TXN000241518,CUST075809,2021-03-13,05:19,Fixed Deposit,RTGS,1091065.32,Credit,58508.12,E-Commerce,Gujarat,504,0,Unknown,0.0,Success,Branch,Verified,0,5,-1,-0.034393130030201946
TXN000241530,CUST074841,2021-03-13,21:32,Savings,UPI,111.39,Credit,57854.68,Investment,Delhi,372,0,Unknown,0.0,Success,Web,Verified,0,21,-1,-0.014243520612082339
TXN000241546,CUST067893,2021-03-13,15:55,NRI,RTGS,106049.1,Credit,43527.93,E-Commerce,West Bengal,616,1,Unknown,16085.24,Success,Web,Verified,0,15,-1,-0.013550067947811661
TXN000241570,CUST058286,2021-03-14,01:48,Savings,RTGS,1177275.38,Debit,34677.49,Salary,Maharashtra,705,0,Unknown,0.0,Success,Mobile_App,Verified,0,1,-1,-0.022589916320828962
TXN000241655,CUST061059,2021-03-14,22:07,Current,RTGS,494089.77,Debit,108596.36,Retail,Tamil Nadu,370,1,Education,4851.96,Failed,Mobile_App,Verified,0,22,-1,-0.010934718067662108
TXN000241688,CUST069519,2021-03-14,13:30,Current,NEFT,1048971.74,Debit,23626.96,E-Commerce,Telangana,801,1,Auto,33321.94,Success,POS_Terminal,Pending,0,13,-1,-0.008657242859571701
TXN000242036,CUST068081,2021-03-15,09:28,Current,RTGS,2028344.62,Debit,79242.95,Insurance,Karnataka,671,1,Personal,1588.81,Failed,POS_Terminal,Verified,0,9,-1,-0.054915255685144104
TXN000242093,CUST043585,2021-03-15,04:02,Salary,IMPS,711.67,Debit,5045.95,Salary,Tamil Nadu,575,1,Business,28232.36,Success,Web,Verified,0,4,-1,-0.014892576472672059
TXN000242271,CUST027971,2021-03-16,23:03,Savings,RTGS,1086923.28,Credit,16146.6,Fuel,Telangana,755,1,Auto,4119.55,Success,POS_Terminal,Verified,0,23,-1,-0.06015064636380185
TXN000242289,CUST039209,2021-03-16,15:59,Current,ATM_Withdrawal,1000.0,Debit,43487.47,Utilities,Maharashtra,406,1,Personal,9432.19,Success,Mobile_App,Verified,0,15,-1,-0.001328587518477642
TXN000242297,CUST056730,2021-03-16,19:18,Salary,RTGS,7899297.23,Credit,7566.34,Food & Dining,Maharashtra,328,0,Unknown,0.0,Success,POS_Terminal,Expired,0,19,-1,-0.07490984141069701
TXN000242552,CUST041253,2021-03-17,11:42,Savings,NEFT,83317.16,Credit,18112.28,Food & Dining,West Bengal,585,1,Home,35287.91,Success,Mobile_App,Verified,0,11,-1,-0.01388450063139579
TXN000242626,CUST004617,2021-03-17,10:13,Salary,IMPS,2946.63,Debit,3041.19,Insurance,Telangana,388,1,Gold,41939.16,Success,POS_Terminal,Verified,0,10,-1,-0.028140516433579732
TXN000242683,CUST017724,2021-03-17,12:50,Fixed Deposit,UPI,919.36,Credit,4586.6,Salary,Rajasthan,640,0,Unknown,0.0,Pending,POS_Terminal,Verified,0,12,-1,-0.02920923346030624
TXN000242753,CUST039884,2021-03-18,05:14,Savings,Cheque,5143045.54,Debit,135109.3,Entertainment,UP,489,1,Auto,10272.03,Success,Branch,Verified,0,5,-1,-0.09246385522594391
TXN000242773,CUST026441,2021-03-18,15:11,Fixed Deposit,Cheque,2387662.19,Debit,69196.75,Food & Dining,Maharashtra,760,0,Unknown,0.0,Success,Branch,Verified,0,15,-1,-0.09216536627531313
TXN000242828,CUST073143,2021-03-18,05:43,Current,Auto_Debit,2727.39,Debit,14843.33,Salary,Punjab,406,1,Unknown,28427.24,Success,Mobile_App,Verified,1,5,-1,-0.005975423404128155
TXN000242961,CUST024388,2021-03-18,07:07,Salary,Cheque,547430.01,Debit,41309.72,Education,Gujarat,796,1,Home,4304.13,Success,Web,Verified,0,7,-1,-0.033616810914045114
TXN000243031,CUST051894,2021-03-18,06:50,Salary,RTGS,1174676.71,Debit,16725.38,Peer Transfer,UP,878,0,Unknown,0.0,Success,Mobile_App,Verified,0,6,-1,-0.012708240707565044
TXN000243084,CUST030740,2021-03-19,15:04,Savings,RTGS,217062.05,Debit,85722.37,Healthcare,Gujarat,699,1,Home,4317.06,Success,POS_Terminal,Verified,0,15,-1,-0.027640364333460177
TXN000243248,CUST000346,2021-03-19,21:01,Savings,UPI,48.01,Credit,4827.71,Government,Maharashtra,645,1,Gold,2933.84,Success,Mobile_App,Verified,0,21,-1,-0.0035302205470507664
TXN000243270,CUST003648,2021-03-19,06:42,Savings,RTGS,304423.83,Debit,12658.88,Peer Transfer,Telangana,729,1,Unknown,6198.34,Success,Mobile_App,Verified,0,6,-1,-0.0024399042878153754
TXN000243290,CUST037875,2021-03-19,05:59,Savings,RTGS,229044.22,Credit,164405.47,Retail,Maharashtra,372,1,Auto,5960.78,Success,Mobile_App,Pending,0,5,-1,-0.012497338718703288
TXN000243326,CUST010634,2021-03-19,15:46,Savings,Credit_Card,276.89,Debit,9776.2,Travel,Gujarat,470,1,Auto,9711.35,Success,ATM,Verified,0,15,-1,-0.0032543604838130014
TXN000243534,CUST028554,2021-03-20,09:45,Current,Cheque,1503769.48,Credit,73003.58,Utilities,Karnataka,549,0,Unknown,0.0,Success,Mobile_App,Verified,0,9,-1,-0.06337532126386136
TXN000243563,CUST059186,2021-03-20,23:00,Savings,POS,418.8,Debit,54318.69,Insurance,West Bengal,782,1,Home,18808.86,Success,Web,Verified,0,23,-1,-0.06179862276821979
TXN000243744,CUST034552,2021-03-21,21:02,Savings,RTGS,117075.36,Credit,342326.44,Education,Rajasthan,332,0,Unknown,0.0,Success,Mobile_App,Verified,0,21,-1,-0.002926351168305974
TXN000243761,CUST046966,2021-03-21,12:49,Savings,RTGS,2583106.3,Credit,21411.57,Travel,Rajasthan,635,1,Personal,1677.87,Failed,POS_Terminal,Verified,0,12,-1,-0.09318618210459706
TXN000243865,CUST066588,2021-03-21,13:26,Fixed Deposit,UPI,846.72,Debit,63708.62,Government,Gujarat,549,1,Unknown,15833.48,Success,Mobile_App,Verified,0,13,-1,-0.005387248656059218
TXN000243912,CUST020817,2021-03-21,23:58,Current,ATM_Withdrawal,500.0,Debit,12084.3,Fuel,Maharashtra,505,0,Unknown,0.0,Success,Mobile_App,Verified,0,23,-1,-0.012849025826610294
TXN000244130,CUST040249,2021-03-22,13:31,Savings,RTGS,2701362.96,Debit,170834.15,Peer Transfer,Telangana,373,0,Unknown,0.0,Success,ATM,Pending,1,13,-1,-0.07356167501925248
TXN000244347,CUST073124,2021-03-23,18:20,Salary,Cheque,832799.05,Debit,81868.54,Government,Telangana,753,0,Unknown,0.0,Success,ATM,Verified,0,18,-1,-0.0007624972633506477
TXN000244566,CUST026979,2021-03-24,16:48,Current,IMPS,76125.18,Credit,27921.95,Travel,Maharashtra,499,1,Home,59411.92,Success,Branch,Pending,0,16,-1,-0.06129946174330647
TXN000244607,CUST070803,2021-03-24,03:21,Current,RTGS,1455433.08,Debit,12407.93,Peer Transfer,Karnataka,393,0,Unknown,0.0,Success,Mobile_App,Verified,0,3,-1,-0.026255195351999383
TXN000244983,CUST073326,2021-03-25,14:12,Fixed Deposit,Auto_Debit,2036.28,Debit,23383.51,Education,Maharashtra,793,1,Auto,8631.89,Success,POS_Terminal,Verified,0,14,-1,-0.024925637718907212
TXN000245305,CUST077549,2021-03-26,15:59,Salary,Auto_Debit,718.86,Debit,53019.96,Education,Tamil Nadu,470,0,Unknown,0.0,Success,Web,Verified,0,15,-1,-0.019467717208660806
TXN000245326,CUST028039,2021-03-26,14:34,Current,UPI,373.61,Debit,26812.07,Government,Maharashtra,878,1,Auto,40489.56,Success,Mobile_App,Verified,0,14,-1,-0.03189182174650296
TXN000245345,CUST057243,2021-03-26,18:24,Salary,ATM_Withdrawal,1000.0,Debit,1861.19,Food & Dining,Gujarat,725,1,Home,32587.94,Reversed,Branch,Verified,0,18,-1,-0.007186349627145927
TXN000245432,CUST059605,2021-03-26,16:54,Salary,RTGS,190452.6,Debit,10438.01,Retail,Delhi,699,0,Unknown,0.0,Failed,Mobile_App,Verified,0,16,-1,-0.020349738809487983
TXN000245509,CUST069388,2021-03-27,04:50,NRI,RTGS,1726310.29,Debit,22636.42,Salary,Karnataka,686,0,Unknown,0.0,Success,Web,Pending,0,4,-1,-0.07401461032078105
TXN000245547,CUST059699,2021-03-27,03:14,Salary,Auto_Debit,2638.92,Debit,12657.86,Food & Dining,Punjab,782,0,Unknown,0.0,Success,Mobile_App,Verified,0,3,-1,-0.004802958994921447
TXN000245564,CUST022384,2021-03-27,22:42,Savings,RTGS,601548.22,Credit,7983.25,Travel,Tamil Nadu,574,0,Unknown,0.0,Success,Web,Verified,0,22,-1,-0.0014535338755778948
TXN000245633,CUST003816,2021-03-27,03:15,Current,Credit_Card,88.29,Debit,68889.13,Government,Rajasthan,782,1,Home,10747.7,Success,Web,Verified,0,3,-1,-0.02887689182337483
TXN000245650,CUST053178,2021-03-27,11:07,Savings,Auto_Debit,1143.98,Debit,66322.73,Salary,Maharashtra,470,1,Education,6077.43,Success,ATM,Pending,0,11,-1,-0.0138884593269063
TXN000245742,CUST073428,2021-03-27,08:39,Current,RTGS,93670.58,Credit,42006.37,Government,Maharashtra,714,0,Unknown,0.0,Success,POS_Terminal,Verified,0,8,-1,-0.010108157642369275
TXN000245809,CUST063655,2021-03-28,05:26,Current,RTGS,192517.62,Debit,6476.64,Entertainment,Gujarat,896,0,Unknown,0.0,Success,POS_Terminal,Verified,0,5,-1,-0.028199312376520957
TXN000246077,CUST007289,2021-03-28,02:40,NRI,NEFT,93601.67,Debit,55313.11,E-Commerce,Karnataka,803,1,Unknown,10404.94,Failed,Mobile_App,Pending,0,2,-1,-0.006868340943330886
TXN000246156,CUST068822,2021-03-29,06:17,Savings,RTGS,475629.16,Credit,4205.23,Salary,Delhi,763,0,Unknown,0.0,Success,POS_Terminal,Verified,0,6,-1,-0.06960428845121691
TXN000246222,CUST071471,2021-03-29,06:59,Savings,Auto_Debit,740.19,Debit,333213.04,Retail,Delhi,782,0,Unknown,0.0,Success,Mobile_App,Verified,0,6,-1,-0.010911050244257314
TXN000246297,CUST070974,2021-03-29,02:52,Current,RTGS,1326682.84,Credit,78749.46,Salary,Gujarat,880,0,Unknown,0.0,Success,Mobile_App,Verified,0,2,-1,-0.058731400266630596
TXN000246336,CUST068498,2021-03-29,03:11,Savings,Auto_Debit,4254.44,Debit,106550.48,Travel,Telangana,326,1,Auto,5496.95,Success,ATM,Verified,0,3,-1,-0.05085690874357118
TXN000246438,CUST077506,2021-03-30,11:39,Savings,IMPS,646.76,Debit,7934.36,Healthcare,Gujarat,326,0,Unknown,0.0,Success,ATM,Verified,0,11,-1,-0.015099721122914689
TXN000246628,CUST007325,2021-03-30,04:45,NRI,Credit_Card,3170.51,Debit,29065.75,E-Commerce,Delhi,615,1,Personal,16646.71,Success,Web,Pending,0,4,-1,-0.004690545596593876
TXN000246883,CUST069201,2021-03-31,10:25,Current,UPI,154.96,Credit,2175.98,Salary,West Bengal,632,1,Auto,53917.56,Success,Branch,Verified,0,10,-1,-0.03190075706263995
TXN000246995,CUST068710,2021-03-31,22:08,Salary,Cheque,184473.8,Credit,169026.2,Education,Karnataka,750,1,Personal,16269.03,Success,POS_Terminal,Verified,0,22,-1,-0.004526004201187095
TXN000247291,CUST038322,2021-04-01,04:17,NRI,IMPS,4579.34,Debit,2327578.04,Entertainment,Maharashtra,488,0,Unknown,0.0,Success,Mobile_App,Verified,0,4,-1,-0.03689558145150229
TXN000247341,CUST021292,2021-04-02,21:05,Salary,POS,732.96,Debit,210521.09,Government,Karnataka,483,1,Gold,47421.43,Reversed,Branch,Verified,0,21,-1,-0.05797659403124433
TXN000247358,CUST070767,2021-04-02,04:49,Fixed Deposit,RTGS,692557.33,Debit,19344.72,Retail,Gujarat,620,1,Unknown,2284.28,Success,Branch,Verified,0,4,-1,-0.0055920431550061656
TXN000247414,CUST042126,2021-04-02,10:33,Current,POS,680.76,Debit,38437.01,Salary,Rajasthan,777,1,Home,38859.2,Success,Mobile_App,Verified,0,10,-1,-0.003829766516776356
TXN000247437,CUST016122,2021-04-02,04:35,Salary,POS,1088.87,Debit,69274.21,Investment,Maharashtra,622,1,Unknown,23287.31,Success,POS_Terminal,Verified,0,4,-1,-0.017996089663184778
TXN000247508,CUST048107,2021-04-02,21:56,Savings,UPI,887.63,Debit,733.43,Retail,Gujarat,782,0,Unknown,0.0,Success,Mobile_App,Verified,0,21,-1,-0.005048238341652578
TXN000247582,CUST009278,2021-04-02,00:40,Savings,RTGS,470203.16,Debit,14986.88,Food & Dining,Gujarat,796,0,Unknown,0.0,Success,Mobile_App,Verified,0,0,-1,-0.006686428913200704
TXN000247688,CUST038419,2021-04-03,03:16,Current,ATM_Withdrawal,1000.0,Debit,7514.86,Insurance,Maharashtra,505,0,Unknown,0.0,Success,Mobile_App,Verified,0,3,-1,-0.0186455967960103
TXN000247830,CUST016022,2021-04-03,08:06,Savings,RTGS,1475915.82,Credit,18710.71,E-Commerce,Karnataka,412,0,Unknown,0.0,Success,Web,Verified,1,8,-1,-0.04460008340245536
TXN000247941,CUST061231,2021-04-04,20:19,Current,NEFT,59979.42,Credit,21685.97,Salary,Delhi,457,1,Business,153325.74,Success,Web,Verified,0,20,-1,-0.043809508669676145
TXN000248287,CUST011959,2021-04-05,15:19,Savings,Net_Banking,11647.75,Credit,58993.19,Entertainment,Karnataka,608,1,Business,99721.33,Success,Mobile_App,Verified,0,15,-1,-0.03384989820803208
TXN000248772,CUST007215,2021-04-06,10:25,Current,UPI,324.28,Debit,16593.33,Investment,Telangana,406,0,Unknown,0.0,Success,Web,Verified,0,10,-1,-0.009051365098486253
TXN000248845,CUST058442,2021-04-07,06:12,NRI,RTGS,307782.46,Credit,32439.44,Healthcare,Gujarat,332,0,Unknown,0.0,Success,Web,Verified,0,6,-1,-0.06092189387001057
TXN000249090,CUST068718,2021-04-08,06:31,Salary,UPI,519.85,Credit,5408.12,Salary,West Bengal,864,0,Unknown,0.0,Success,Mobile_App,Verified,0,6,-1,-0.005623560771981007
TXN000249193,CUST058557,2021-04-08,19:23,Current,RTGS,190847.15,Debit,1701550.8,Salary,Gujarat,640,1,Business,8735.09,Success,ATM,Pending,0,19,-1,-0.021949581959196274
TXN000249212,CUST016561,2021-04-08,23:49,Savings,NEFT,5344.1,Credit,17251.37,E-Commerce,Tamil Nadu,505,0,Unknown,0.0,Reversed,POS_Terminal,Verified,0,23,-1,-0.04451372326730052
TXN000249235,CUST066562,2021-04-08,15:47,Savings,RTGS,770400.18,Credit,45676.63,Entertainment,Tamil Nadu,786,0,Unknown,0.0,Reversed,POS_Terminal,Verified,0,15,-1,-0.007795639319540748
TXN000249237,CUST045026,2021-04-08,22:23,Current,RTGS,1114002.42,Debit,20859.95,Fuel,Gujarat,604,0,Unknown,0.0,Success,POS_Terminal,Verified,0,22,-1,-0.02364655066709498
TXN000249250,CUST021216,2021-04-08,01:33,Current,Auto_Debit,400.94,Debit,99580.97,Government,UP,326,0,Unknown,0.0,Success,Mobile_App,Verified,0,1,-1,-0.0012995139189101446
TXN000249253,CUST027081,2021-04-08,18:56,Savings,IMPS,969.79,Credit,49480.92,Utilities,Maharashtra,742,1,Home,59266.62,Success,Web,Verified,0,18,-1,-0.052745277315272454
TXN000249308,CUST000877,2021-04-08,17:30,Savings,Net_Banking,2880.31,Debit,11603.86,Investment,Tamil Nadu,505,0,Unknown,0.0,Success,Mobile_App,Pending,0,17,-1,-0.0033903689266893133
TXN000249387,CUST015182,2021-04-08,14:19,Fixed Deposit,RTGS,1407155.12,Credit,40022.07,E-Commerce,Maharashtra,539,1,Business,1431.73,Success,Branch,Verified,0,14,-1,-0.02489943250139648
TXN000249478,CUST000253,2021-04-09,02:20,Savings,Net_Banking,5207.19,Debit,23088.84,Fuel,Gujarat,649,1,Business,4193.08,Success,Web,Verified,0,2,-1,-0.0001517381305001786
TXN000249521,CUST021052,2021-04-09,21:22,Current,RTGS,197837.68,Credit,2187.41,Salary,Tamil Nadu,657,1,Home,10329.39,Success,POS_Terminal,Verified,0,21,-1,-0.013315550355376016
TXN000249590,CUST000730,2021-04-09,07:48,Savings,Cheque,1808394.17,Credit,138304.66,E-Commerce,Karnataka,359,1,Personal,10571.46,Success,POS_Terminal,Verified,1,7,-1,-0.04911614359446581
TXN000249647,CUST049172,2021-04-09,04:03,Savings,RTGS,1147943.24,Debit,61876.12,Healthcare,West Bengal,387,0,Unknown,0.0,Success,Mobile_App,Verified,0,4,-1,-0.043306164525388935
TXN000249714,CUST066579,2021-04-10,11:42,Savings,IMPS,10184.07,Debit,67514.42,E-Commerce,Tamil Nadu,782,1,Personal,3965.45,Success,Web,Verified,0,11,-1,-0.008581273160944258
TXN000249722,CUST061415,2021-04-10,09:52,Salary,Net_Banking,782.9,Debit,18685.44,Government,Maharashtra,583,1,Personal,46221.03,Success,POS_Terminal,Verified,0,9,-1,-0.002544952404236689
TXN000249844,CUST025012,2021-04-10,18:13,NRI,RTGS,1079625.4,Credit,144165.73,Retail,Delhi,744,1,Business,6175.61,Success,Mobile_App,Verified,0,18,-1,-0.003481893772637079
TXN000249897,CUST030632,2021-04-10,17:28,Savings,Cheque,907940.64,Credit,95111.38,Peer Transfer,Delhi,339,0,Unknown,0.0,Success,Web,Pending,0,17,-1,-0.003787233147914848
TXN000249934,CUST032510,2021-04-10,14:48,Current,RTGS,151692.71,Debit,134742.34,E-Commerce,UP,483,1,Unknown,3907.32,Success,Web,Verified,0,14,-1,-0.004465373803439254
TXN000249963,CUST060088,2021-04-10,16:30,Savings,RTGS,827098.33,Debit,214164.58,Travel,Gujarat,845,0,Unknown,0.0,Success,Mobile_App,Verified,0,16,-1,-0.000774534452652742
TXN000249974,CUST006358,2021-04-10,11:48,Salary,ATM_Withdrawal,500.0,Debit,10950.93,Retail,Maharashtra,505,0,Unknown,0.0,Success,ATM,Pending,0,11,-1,-0.015873361000858455
TXN000250047,CUST016156,2021-04-11,02:21,Current,UPI,1175.2,Credit,26740.47,Entertainment,Karnataka,803,1,Auto,2478.19,Success,Web,Verified,0,2,-1,-0.0007582781421581197
TXN000250112,CUST002423,2021-04-11,04:19,Salary,RTGS,934734.95,Debit,11003.07,Salary,Karnataka,415,0,Unknown,0.0,Success,Web,Pending,0,4,-1,-0.027830761527136372
TXN000250494,CUST058823,2021-04-12,08:52,Savings,RTGS,1000656.44,Debit,31428.33,Retail,Punjab,877,0,Unknown,0.0,Success,API,Verified,0,8,-1,-0.02198725744603469
TXN000250544,CUST061094,2021-04-12,10:48,Savings,IMPS,2657.76,Credit,1708768.42,Peer Transfer,West Bengal,310,1,Education,49616.3,Success,Web,Verified,0,10,-1,-0.0593377766756823
TXN000250673,CUST020601,2021-04-13,04:21,NRI,RTGS,1466548.79,Debit,9146.02,Insurance,Maharashtra,368,1,Home,17302.51,Success,ATM,Verified,0,4,-1,-0.03026500162946233
TXN000250824,CUST001133,2021-04-13,12:37,Salary,POS,542.99,Debit,6033.39,Entertainment,Punjab,870,1,Home,39170.73,Success,Branch,Verified,0,12,-1,-0.014981802028997793
TXN000250874,CUST079841,2021-04-13,11:38,Salary,Cheque,1175646.16,Credit,2056.2,Fuel,Karnataka,634,0,Unknown,0.0,Success,Mobile_App,Verified,1,11,-1,-0.0041804394253489585
TXN000251081,CUST062812,2021-04-14,04:31,Fixed Deposit,RTGS,282095.74,Credit,36526.46,Entertainment,Tamil Nadu,819,0,Unknown,0.0,Success,Mobile_App,Verified,0,4,-1,-0.028402081568399407
TXN000251093,CUST022124,2021-04-14,07:25,Savings,Credit_Card,2712.54,Debit,22412.95,Retail,Karnataka,425,1,Gold,15206.38,Success,Web,Verified,0,7,-1,-0.04771634926500745
TXN000251109,CUST059356,2021-04-14,08:46,Savings,NEFT,1357276.33,Debit,16447.99,Healthcare,Delhi,521,1,Personal,2492.03,Success,Mobile_App,Verified,0,8,-1,-0.010101053723475584
TXN000251173,CUST024519,2021-04-14,18:21,Current,ATM_Withdrawal,5000.0,Debit,37021.97,Real Estate,Delhi,505,0,Unknown,0.0,Success,Mobile_App,Verified,0,18,-1,-0.010889952590463103
TXN000251187,CUST020257,2021-04-14,11:08,Salary,POS,902.94,Debit,269889.05,Utilities,Delhi,604,1,Business,16368.75,Success,POS_Terminal,Verified,0,11,-1,-0.0009409672168473326
TXN000251520,CUST046520,2021-04-16,20:16,Current,POS,568.68,Debit,132488.32,E-Commerce,Rajasthan,518,1,Business,6789.14,Success,Mobile_App,Pending,0,20,-1,-0.006595575500527695
TXN000251529,CUST059721,2021-04-16,00:12,Salary,RTGS,683556.99,Credit,915.52,Salary,Telangana,870,1,Unknown,3470.67,Success,Branch,Verified,0,0,-1,-0.021818073033003427
TXN000251658,CUST076654,2021-04-16,15:49,NRI,RTGS,2093346.77,Credit,27445.37,E-Commerce,West Bengal,406,1,Home,3458.19,Success,Web,Verified,1,15,-1,-0.12729451879438014
TXN000251733,CUST023384,2021-04-16,09:35,Savings,RTGS,1255831.63,Debit,40668.82,Retail,Delhi,818,0,Unknown,0.0,Success,ATM,Verified,0,9,-1,-0.014265484894568137
TXN000251868,CUST030626,2021-04-17,14:13,Current,Cheque,1163002.84,Debit,68331.26,Travel,Rajasthan,680,0,Unknown,0.0,Success,API,Verified,0,14,-1,-0.017964212783576627
TXN000251936,CUST000879,2021-04-17,14:45,Salary,UPI,3462.51,Debit,8841.5,Entertainment,Delhi,707,1,Home,36256.57,Success,Mobile_App,Verified,0,14,-1,-0.025850123338591824
TXN000252016,CUST079330,2021-04-17,21:24,Salary,UPI,648.11,Credit,11386.55,E-Commerce,Maharashtra,777,1,Business,42177.82,Success,POS_Terminal,Verified,0,21,-1,-0.02780314310483223
TXN000252108,CUST055395,2021-04-17,02:36,Current,RTGS,788834.36,Credit,66372.77,Retail,Karnataka,353,0,Unknown,0.0,Success,Mobile_App,Verified,0,2,-1,-0.029893240154215572
TXN000252149,CUST028394,2021-04-18,19:24,Savings,RTGS,488234.53,Debit,44296.48,Travel,Tamil Nadu,645,1,Education,7188.73,Success,Mobile_App,Verified,0,19,-1,-0.004408726564860688
TXN000252193,CUST075306,2021-04-18,00:32,Savings,RTGS,1756501.53,Credit,44321.21,Food & Dining,Maharashtra,334,1,Education,15367.09,Success,POS_Terminal,Verified,0,0,-1,-0.050683502823811954
TXN000252200,CUST051846,2021-04-18,17:01,Salary,Cheque,1558457.94,Debit,38017.37,Peer Transfer,Karnataka,345,0,Unknown,0.0,Success,Web,Verified,0,17,-1,-0.043077884763323415
TXN000252243,CUST015420,2021-04-18,22:47,Current,UPI,5323.8,Credit,39275.85,Travel,UP,429,1,Home,31399.53,Success,Mobile_App,Verified,0,22,-1,-0.0223293177920163
TXN000252257,CUST005248,2021-04-18,16:59,Salary,UPI,149.96,Credit,20475.19,E-Commerce,Tamil Nadu,640,0,Unknown,0.0,Success,POS_Terminal,Verified,0,16,-1,-0.0074365479247205934
TXN000252277,CUST002070,2021-04-18,16:07,Current,UPI,284.27,Credit,5913.0,Retail,Telangana,752,1,Auto,45214.46,Success,Web,Verified,0,16,-1,-0.01203711121772566
TXN000252320,CUST054077,2021-04-18,06:03,Current,RTGS,1070706.38,Debit,115252.2,Utilities,Telangana,780,0,Unknown,0.0,Success,Web,Verified,0,6,-1,-0.01946867680888187
TXN000252400,CUST000571,2021-04-18,16:37,Savings,RTGS,1314655.14,Debit,10344.49,Peer Transfer,Gujarat,781,0,Unknown,0.0,Success,Mobile_App,Verified,0,16,-1,-0.0025580457068479223
TXN000252442,CUST028316,2021-04-19,17:14,Salary,RTGS,900563.1,Debit,17322.49,Peer Transfer,Tamil Nadu,753,0,Unknown,0.0,Success,Mobile_App,Verified,0,17,-1,-0.043958316473212466
TXN000252542,CUST040825,2021-04-19,10:52,Savings,NEFT,1318609.18,Credit,38015.53,E-Commerce,Karnataka,727,0,Unknown,0.0,Success,Branch,Verified,1,10,-1,-0.005754921484267594
TXN000252602,CUST079634,2021-04-19,01:09,Savings,RTGS,183638.62,Debit,12008.16,Salary,Telangana,640,0,Unknown,0.0,Success,Web,Verified,0,1,-1,-0.017519262881150133
TXN000252636,CUST066240,2021-04-19,22:24,Savings,RTGS,705799.97,Credit,43183.13,Salary,Gujarat,430,1,Personal,5080.94,Success,Mobile_App,Verified,0,22,-1,-0.009559556191712115
TXN000252761,CUST018577,2021-04-20,15:49,Current,RTGS,571806.63,Credit,141022.11,Utilities,Maharashtra,792,0,Unknown,0.0,Success,Web,Verified,0,15,-1,-0.02356975462089883
TXN000252942,CUST046568,2021-04-20,07:32,Current,IMPS,1686.2,Credit,119892.16,Utilities,Delhi,561,1,Business,82179.0,Success,Mobile_App,Verified,0,7,-1,-0.04049870809548484
TXN000252944,CUST063128,2021-04-20,13:42,Current,RTGS,242995.31,Debit,19697.18,Retail,Gujarat,649,1,Education,12525.11,Success,Branch,Verified,0,13,-1,-0.02927878173591414
TXN000252985,CUST066937,2021-04-20,03:12,NRI,RTGS,312567.7,Credit,68000.46,Entertainment,West Bengal,699,0,Unknown,0.0,Success,Branch,Verified,0,3,-1,-0.04773858747932247
TXN000253078,CUST034423,2021-04-21,11:47,Current,Cheque,334201.66,Debit,35482.41,E-Commerce,Delhi,792,0,Unknown,0.0,Success,Web,Verified,0,11,-1,-0.024419776482037636
TXN000253142,CUST027951,2021-04-21,01:49,Salary,Cheque,1499914.78,Debit,72731.06,Peer Transfer,Delhi,809,1,Auto,2647.48,Success,Mobile_App,Verified,0,1,-1,-0.0034130245594659048
TXN000253162,CUST038786,2021-04-21,19:59,Salary,RTGS,3349582.37,Credit,26977.13,Food & Dining,West Bengal,497,1,Unknown,2327.11,Success,Mobile_App,Verified,0,19,-1,-0.07048898120501601
TXN000253200,CUST057805,2021-04-21,15:01,Salary,Cheque,1744712.02,Credit,6979.85,Retail,Telangana,758,0,Unknown,0.0,Success,Web,Verified,0,15,-1,-0.024028880551170806
TXN000253366,CUST006869,2021-04-22,07:23,NRI,RTGS,1417421.74,Credit,6449.93,Peer Transfer,Maharashtra,756,1,Personal,7249.8,Success,Mobile_App,Expired,0,7,-1,-0.05532916232461238
TXN000253474,CUST061406,2021-04-22,08:33,Current,RTGS,902901.02,Credit,28105.11,Retail,Telangana,679,0,Unknown,0.0,Success,ATM,Verified,0,8,-1,-0.020200296817475816
TXN000253616,CUST036047,2021-04-23,06:36,Current,Cheque,31530.13,Debit,112831.72,Entertainment,Delhi,792,1,Auto,1519.08,Success,Mobile_App,Verified,0,6,-1,-0.003954779569634637
TXN000254011,CUST024115,2021-04-24,10:45,Savings,RTGS,834279.69,Credit,53757.5,Investment,UP,654,0,Unknown,0.0,Success,Mobile_App,Verified,0,10,-1,-0.04619280649035118
TXN000254017,CUST064410,2021-04-24,19:02,Savings,Net_Banking,5639.26,Debit,198199.83,E-Commerce,West Bengal,406,0,Unknown,0.0,Success,Web,Verified,0,19,-1,-0.01919195754232028
TXN000254078,CUST045905,2021-04-24,03:54,Savings,IMPS,665.35,Credit,35173.58,Entertainment,Tamil Nadu,406,1,Home,16724.25,Success,Web,Verified,0,3,-1,-0.006763096250131717
TXN000254221,CUST026306,2021-04-24,14:15,Savings,Net_Banking,3572.45,Credit,3136058.25,Salary,UP,872,0,Unknown,0.0,Success,ATM,Verified,0,14,-1,-0.01975213515531915
TXN000254282,CUST061214,2021-04-25,17:00,Savings,Auto_Debit,5520.96,Debit,31343.74,Insurance,Delhi,553,1,Business,5572.9,Pending,POS_Terminal,Verified,0,17,-1,-0.004866713248549037
TXN000254298,CUST036957,2021-04-25,11:23,NRI,Net_Banking,685.75,Credit,49073.28,Entertainment,Tamil Nadu,640,0,Unknown,0.0,Success,POS_Terminal,Verified,0,11,-1,-0.010053911068604648
TXN000254498,CUST011404,2021-04-25,18:34,Current,UPI,778.67,Debit,59444.22,Education,Delhi,505,0,Unknown,0.0,Success,Mobile_App,Verified,0,18,-1,-0.010265497017742486
TXN000254536,CUST065029,2021-04-26,16:01,Savings,UPI,5732.28,Credit,61365.36,Healthcare,Karnataka,616,0,Unknown,0.0,Success,ATM,Verified,0,16,-1,-0.014542286285741945
TXN000254628,CUST033062,2021-04-26,01:57,Current,RTGS,996854.64,Debit,20456.39,Travel,Karnataka,757,0,Unknown,0.0,Success,Mobile_App,Verified,0,1,-1,-0.03949341546873353
TXN000254890,CUST076058,2021-04-27,20:15,Salary,RTGS,1327442.73,Credit,85087.68,Food & Dining,Karnataka,619,0,Unknown,0.0,Success,Web,Verified,0,20,-1,-0.05763963592546517
TXN000254999,CUST019773,2021-04-27,12:47,Fixed Deposit,NEFT,34549.23,Credit,37628.01,Government,UP,505,0,Unknown,0.0,Success,Mobile_App,Verified,0,12,-1,-0.006373330910913966
TXN000255046,CUST046171,2021-04-27,10:03,Savings,NEFT,1504320.98,Credit,90469.04,Insurance,Karnataka,604,0,Unknown,0.0,Success,Mobile_App,Verified,0,10,-1,-0.021591755064589102
TXN000255585,CUST024634,2021-04-29,20:00,Current,UPI,1384.28,Debit,4501315.64,Government,Gujarat,866,0,Unknown,0.0,Success,Mobile_App,Verified,0,20,-1,-0.028245268912320598
TXN000255625,CUST040025,2021-04-29,01:02,Salary,RTGS,97570.78,Credit,4472.05,Healthcare,Rajasthan,312,0,Unknown,0.0,Success,Web,Verified,0,1,-1,-0.006048572572105004
TXN000255797,CUST060435,2021-04-30,21:35,Current,RTGS,1740474.78,Debit,65378.82,Government,Rajasthan,832,0,Unknown,0.0,Failed,Web,Verified,0,21,-1,-0.06875791870658221
TXN000255857,CUST035684,2021-04-30,08:29,Savings,ATM_Withdrawal,1000.0,Debit,60379.12,Food & Dining,Maharashtra,361,1,Personal,40563.61,Success,API,Verified,0,8,-1,-0.0377901800448287
TXN000255925,CUST053356,2021-04-30,03:57,Salary,RTGS,1540577.02,Debit,113011.4,Salary,Karnataka,405,1,Unknown,4078.19,Reversed,Mobile_App,Verified,0,3,-1,-0.05308974515575593
TXN000255942,CUST065725,2021-04-30,06:14,Savings,RTGS,934170.88,Credit,4334.65,Fuel,Maharashtra,704,0,Unknown,0.0,Success,POS_Terminal,Verified,0,6,-1,-0.027255830361217814
TXN000256333,CUST021599,2021-05-01,03:22,Fixed Deposit,Auto_Debit,760.56,Debit,18044.52,Investment,Karnataka,699,0,Unknown,0.0,Success,Web,Verified,0,3,-1,-0.0013447736168668012
TXN000256487,CUST002541,2021-05-02,07:36,Salary,RTGS,286798.72,Credit,6903.19,Retail,Maharashtra,505,0,Unknown,0.0,Success,POS_Terminal,Verified,0,7,-1,-0.029909975394115662
TXN000256539,CUST042736,2021-05-02,11:46,Current,Cheque,4363.6,Debit,27891.91,Food & Dining,Punjab,819,1,Unknown,44808.57,Success,Web,Pending,0,11,-1,-0.036249363772147825
TXN000256697,CUST034939,2021-05-03,23:48,Savings,UPI,878.31,Debit,30485.92,E-Commerce,Rajasthan,406,0,Unknown,0.0,Success,Mobile_App,Verified,0,23,-1,-0.00463088194343364
TXN000256786,CUST037925,2021-05-03,12:17,Current,RTGS,1103480.33,Credit,59185.14,Investment,Tamil Nadu,341,1,Home,36544.85,Success,Mobile_App,Verified,0,12,-1,-0.014580972829066785
TXN000256933,CUST044337,2021-05-04,20:57,Salary,RTGS,1017800.47,Credit,41669.9,Retail,UP,645,0,Unknown,0.0,Failed,Mobile_App,Verified,0,20,-1,-0.02985057621304854
TXN000257012,CUST011269,2021-05-04,04:18,Savings,UPI,500.9,Credit,4776603.58,Salary,Tamil Nadu,872,0,Unknown,0.0,Success,Mobile_App,Verified,0,4,-1,-0.03252617136113445
TXN000257153,CUST063276,2021-05-04,16:42,NRI,RTGS,2137910.76,Credit,1651.5,Retail,Punjab,843,0,Unknown,0.0,Success,Web,Verified,0,16,-1,-0.04998664551849841
TXN000257278,CUST025991,2021-05-05,04:01,Savings,RTGS,706416.71,Debit,53042.99,Salary,Maharashtra,870,0,Unknown,0.0,Success,Web,Expired,1,4,-1,-0.02986919322437709
TXN000257369,CUST032098,2021-05-05,01:30,NRI,RTGS,1069751.87,Credit,28763.35,Investment,Gujarat,701,0,Unknown,0.0,Success,API,Verified,0,1,-1,-0.005644173605839908
TXN000257406,CUST005827,2021-05-05,16:02,Salary,UPI,76.22,Debit,7769.38,Peer Transfer,Punjab,803,0,Unknown,0.0,Success,Mobile_App,Verified,0,16,-1,-0.00980854338770043
TXN000257426,CUST068072,2021-05-05,10:13,Current,RTGS,285549.85,Credit,13515.66,Healthcare,West Bengal,358,0,Unknown,0.0,Success,Mobile_App,Verified,0,10,-1,-0.01740441263057857
TXN000257690,CUST008208,2021-05-06,18:32,Savings,IMPS,5918.08,Credit,8334.63,Food & Dining,Tamil Nadu,520,1,Auto,38529.69,Success,ATM,Verified,0,18,-1,-0.017028194204998237
TXN000257783,CUST041361,2021-05-07,05:58,Savings,RTGS,994807.76,Debit,97653.93,Education,Rajasthan,648,1,Auto,2592.56,Success,ATM,Verified,0,5,-1,-0.003642020938225743
TXN000257812,CUST034578,2021-05-07,09:29,Savings,IMPS,5394.97,Debit,14592.77,Government,Tamil Nadu,694,1,Business,45030.08,Failed,ATM,Verified,0,9,-1,-0.029727462712908714
TXN000257949,CUST064410,2021-05-07,08:09,Savings,UPI,585.09,Debit,84127.42,E-Commerce,Tamil Nadu,741,1,Home,40945.25,Success,Mobile_App,Verified,0,8,-1,-0.014014841970775294
TXN000258207,CUST079467,2021-05-08,04:41,Savings,RTGS,965800.75,Debit,3954.04,Food & Dining,Telangana,891,0,Unknown,0.0,Success,Web,Verified,0,4,-1,-0.05883856978126323
TXN000258248,CUST064414,2021-05-08,22:28,Savings,Credit_Card,7417.24,Debit,6262.57,Travel,Delhi,676,0,Unknown,0.0,Success,Web,Verified,0,22,-1,-0.00901697316267025
TXN000258304,CUST006830,2021-05-08,00:06,Current,NEFT,1902250.76,Debit,6709.85,Entertainment,Karnataka,513,1,Education,15001.05,Success,POS_Terminal,Verified,1,0,-1,-0.019194353787423735
TXN000258408,CUST016233,2021-05-09,16:53,Current,RTGS,903751.49,Debit,91332.22,Peer Transfer,Telangana,722,0,Unknown,0.0,Success,Web,Verified,0,16,-1,-0.00316613708693525
TXN000258451,CUST046259,2021-05-09,17:44,Current,RTGS,3878608.16,Debit,35858.91,E-Commerce,Delhi,833,0,Unknown,0.0,Success,ATM,Verified,1,17,-1,-0.07847421211342476
TXN000258500,CUST049718,2021-05-09,19:23,Savings,Net_Banking,7130.92,Debit,84660.95,Travel,Gujarat,839,1,Unknown,17340.33,Success,Mobile_App,Verified,0,19,-1,-0.0034535512578772742
TXN000258509,CUST041588,2021-05-09,11:28,Savings,RTGS,51928.93,Debit,20441.34,Food & Dining,Gujarat,425,1,Business,9376.68,Failed,Web,Verified,0,11,-1,-0.016859674991534623
TXN000258534,CUST026402,2021-05-09,02:10,Fixed Deposit,RTGS,189059.11,Debit,20018.03,Government,Gujarat,659,1,Unknown,29461.53,Success,POS_Terminal,Verified,0,2,-1,-0.008878169168622718
TXN000258629,CUST009501,2021-05-09,23:19,Current,Cheque,1770524.09,Credit,39658.85,Food & Dining,Karnataka,445,1,Home,4273.74,Success,ATM,Verified,0,23,-1,-0.06502247888358137
TXN000258669,CUST070798,2021-05-09,03:45,NRI,RTGS,1279095.07,Credit,30167.63,Government,Karnataka,486,0,Unknown,0.0,Success,Mobile_App,Verified,0,3,-1,-0.011712496671485884
TXN000258873,CUST060406,2021-05-10,21:02,Current,Net_Banking,5272.87,Debit,6406.86,Travel,West Bengal,592,1,Personal,46728.38,Success,POS_Terminal,Pending,0,21,-1,-0.015099070180436436
TXN000258908,CUST024480,2021-05-10,15:42,NRI,Cheque,277879.09,Debit,66638.87,Healthcare,Gujarat,401,0,Unknown,0.0,Success,Mobile_App,Verified,0,15,-1,-0.008944707493150239
TXN000258917,CUST072360,2021-05-10,01:25,Salary,RTGS,946746.08,Credit,209516.83,Food & Dining,Maharashtra,510,1,Personal,2836.62,Success,Mobile_App,Verified,0,1,-1,-0.009847333447479123
TXN000258928,CUST060931,2021-05-10,09:38,Salary,RTGS,933856.61,Credit,20351.62,Investment,Karnataka,444,0,Unknown,0.0,Success,Mobile_App,Verified,0,9,-1,-0.01570416958311105
TXN000259060,CUST012629,2021-05-11,20:08,Salary,Cheque,1496044.17,Debit,50372.07,Fuel,Gujarat,541,0,Unknown,0.0,Success,Web,Verified,0,20,-1,-0.01933612098051707
TXN000259063,CUST052249,2021-05-11,22:42,Savings,IMPS,4206.71,Credit,13776.5,E-Commerce,Karnataka,782,0,Unknown,0.0,Success,ATM,Verified,0,22,-1,-0.012607527133733032
TXN000259084,CUST035219,2021-05-11,06:54,Savings,POS,130.18,Debit,63681.97,Salary,Karnataka,505,0,Unknown,0.0,Success,POS_Terminal,Verified,0,6,-1,-0.011598575027317093
TXN000259103,CUST077488,2021-05-11,08:46,Salary,RTGS,710581.95,Debit,27560.76,Fuel,Tamil Nadu,501,1,Home,2200.51,Success,Web,Verified,0,8,-1,-0.04227426154695424
TXN000259146,CUST000006,2021-05-11,22:55,Savings,RTGS,83473.69,Debit,15976.95,Government,Delhi,649,1,Auto,16282.27,Success,Web,Verified,0,22,-1,-0.010067829465248535
TXN000259233,CUST026522,2021-05-11,12:40,Savings,RTGS,1105985.87,Credit,14053.57,Retail,Karnataka,560,0,Unknown,0.0,Success,Mobile_App,Verified,0,12,-1,-0.022863405172455553
TXN000259304,CUST038326,2021-05-12,03:35,Savings,IMPS,41642.99,Debit,126475.53,E-Commerce,Tamil Nadu,814,1,Unknown,5263.71,Success,Mobile_App,Verified,0,3,-1,-0.012278265233654606
TXN000259358,CUST064172,2021-05-12,05:12,NRI,Credit_Card,3880.13,Debit,110601.87,Insurance,Delhi,615,1,Personal,22034.8,Success,Branch,Verified,0,5,-1,-0.006053466383405204
TXN000259467,CUST066460,2021-05-12,17:04,Savings,RTGS,1288020.36,Credit,8300.81,Investment,Telangana,783,0,Unknown,0.0,Success,Mobile_App,Pending,0,17,-1,-0.06111056775243762
TXN000259669,CUST045493,2021-05-13,17:51,Savings,RTGS,1665488.28,Debit,2764.11,Real Estate,Gujarat,728,0,Unknown,0.0,Success,Mobile_App,Verified,0,17,-1,-0.0640556159997755
TXN000259757,CUST077926,2021-05-13,13:31,Fixed Deposit,RTGS,163791.34,Debit,66308.33,Retail,Gujarat,505,1,Home,5345.16,Success,Mobile_App,Verified,0,13,-1,-0.0069423978381976115
TXN000259882,CUST019354,2021-05-14,18:35,Salary,Cheque,438828.17,Credit,41533.06,Fuel,Telangana,325,0,Unknown,0.0,Success,Web,Verified,0,18,-1,-0.0036533286071143145
TXN000259960,CUST002756,2021-05-14,02:00,Savings,Cheque,290009.61,Debit,86053.42,Real Estate,Tamil Nadu,699,0,Unknown,0.0,Success,Mobile_App,Verified,0,2,-1,-0.00791626535425305
TXN000260062,CUST007038,2021-05-14,15:13,Current,RTGS,730148.58,Credit,271706.26,Salary,Tamil Nadu,659,0,Unknown,0.0,Success,Mobile_App,Verified,0,15,-1,-0.022779159489235368
TXN000260085,CUST044831,2021-05-14,01:38,Fixed Deposit,RTGS,1098152.31,Credit,25199.59,Utilities,Delhi,476,0,Unknown,0.0,Success,POS_Terminal,Verified,0,1,-1,-0.06593043804815235
TXN000260200,CUST065531,2021-05-15,16:15,Savings,Cheque,2089031.93,Credit,33690.86,Food & Dining,Rajasthan,558,1,Home,5192.6,Reversed,Mobile_App,Verified,0,16,-1,-0.06339653582488636
TXN000260593,CUST056298,2021-05-16,04:49,Salary,RTGS,2182679.75,Credit,35344.29,E-Commerce,Karnataka,723,1,Unknown,3445.18,Success,Mobile_App,Verified,1,4,-1,-0.059863542507883505
TXN000260723,CUST019182,2021-05-16,23:23,Savings,IMPS,3386.92,Credit,183462.28,Insurance,Delhi,740,1,Business,29485.73,Success,Mobile_App,Verified,0,23,-1,-0.010123973852369517
TXN000260737,CUST027819,2021-05-16,15:35,Savings,Auto_Debit,1200.09,Debit,11826.41,Travel,West Bengal,616,0,Unknown,0.0,Success,API,Verified,0,15,-1,-0.005362929572826247
TXN000260881,CUST073422,2021-05-17,02:11,Salary,RTGS,342556.63,Credit,164544.61,Salary,Delhi,310,0,Unknown,0.0,Reversed,ATM,Verified,0,2,-1,-0.006138293637502623
TXN000261040,CUST001471,2021-05-17,07:31,Salary,Cheque,3008.96,Debit,67193.75,Utilities,Punjab,792,0,Unknown,0.0,Success,Mobile_App,Verified,0,7,-1,-0.014287165872494012
TXN000261260,CUST048114,2021-05-18,23:50,Salary,Net_Banking,7171.85,Credit,59551.92,Retail,Karnataka,429,1,Education,12465.17,Success,API,Verified,0,23,-1,-0.016491679337644283
TXN000261319,CUST024993,2021-05-18,08:02,Savings,RTGS,430489.02,Credit,60005.83,Salary,Delhi,864,0,Unknown,0.0,Success,POS_Terminal,Verified,0,8,-1,-0.004124030360618147
TXN000261344,CUST005025,2021-05-18,15:13,Current,IMPS,1528.63,Debit,12824.47,Retail,Maharashtra,535,1,Business,27658.23,Success,Mobile_App,Verified,0,15,-1,-0.05734230789744921
TXN000261421,CUST025920,2021-05-19,14:55,Salary,UPI,1753.7,Debit,37816.14,Investment,Punjab,406,0,Unknown,0.0,Success,ATM,Verified,0,14,-1,-0.000983682978672018
TXN000261516,CUST076236,2021-05-19,19:25,Fixed Deposit,RTGS,16543.91,Credit,39650.34,Food & Dining,Karnataka,640,1,Education,7944.57,Success,Mobile_App,Expired,0,19,-1,-0.05460991124019077
TXN000261545,CUST072958,2021-05-19,22:49,Savings,Credit_Card,24073.58,Debit,231982.85,Real Estate,Gujarat,542,1,Auto,47150.05,Pending,Web,Verified,0,22,-1,-0.018048598822979045
TXN000261552,CUST034291,2021-05-19,23:02,NRI,Auto_Debit,626.07,Debit,9118.34,E-Commerce,West Bengal,645,1,Personal,39357.64,Success,Mobile_App,Verified,0,23,-1,-0.0651350738312787
TXN000261717,CUST069232,2021-05-20,11:07,Current,UPI,705.75,Debit,20524.4,Food & Dining,Tamil Nadu,472,1,Home,58971.57,Success,Mobile_App,Verified,0,11,-1,-0.008495703639193164
TXN000261808,CUST013963,2021-05-20,04:16,NRI,RTGS,201451.47,Debit,8576.51,E-Commerce,Tamil Nadu,676,1,Personal,5393.4,Success,Mobile_App,Verified,0,4,-1,-0.010650970875889398
TXN000261850,CUST056984,2021-05-20,11:44,Salary,UPI,1205.04,Debit,36980.24,Utilities,Karnataka,469,1,Education,42857.14,Success,API,Verified,0,11,-1,-0.01769422119564168
TXN000261876,CUST023203,2021-05-20,02:10,Salary,RTGS,774011.36,Debit,147616.83,Utilities,Karnataka,768,1,Personal,10061.68,Success,Web,Expired,0,2,-1,-0.002608826664867836
TXN000261904,CUST069866,2021-05-20,21:42,Savings,IMPS,645.54,Credit,11060.11,Healthcare,Karnataka,740,1,Personal,20541.74,Success,Mobile_App,Verified,0,21,-1,-0.011334963320734581
TXN000262137,CUST024565,2021-05-21,21:52,Savings,RTGS,262689.24,Credit,12010.7,Government,Telangana,749,0,Unknown,0.0,Success,Web,Expired,0,21,-1,-0.026463181363688526
TXN000262145,CUST068406,2021-05-21,00:42,NRI,RTGS,1995740.7,Debit,16343.14,Education,Maharashtra,505,0,Unknown,0.0,Success,Mobile_App,Verified,0,0,-1,-0.08106369415440029
TXN000262183,CUST055734,2021-05-21,02:17,Current,Cheque,2350095.44,Debit,11306.53,Fuel,Tamil Nadu,300,0,Unknown,0.0,Success,Web,Verified,0,2,-1,-0.040132062519096734
TXN000262366,CUST054294,2021-05-22,13:55,Savings,ATM_Withdrawal,2000.0,Debit,32583.4,Utilities,Maharashtra,505,0,Unknown,0.0,Success,Mobile_App,Verified,0,13,-1,-0.020052551111763295
TXN000262513,CUST022141,2021-05-22,10:11,Current,RTGS,136777.24,Debit,3801.45,Education,Tamil Nadu,354,1,Education,99801.23,Success,Mobile_App,Verified,0,10,-1,-0.037951481703268786
TXN000262625,CUST059174,2021-05-23,20:19,Savings,POS,8928.21,Debit,272355.38,Retail,West Bengal,645,1,Personal,32513.97,Pending,Mobile_App,Verified,0,20,-1,-0.03688588831832007
TXN000262674,CUST059809,2021-05-23,19:09,Current,POS,244.1,Debit,7484.57,Real Estate,Karnataka,625,1,Personal,77734.33,Success,Branch,Verified,0,19,-1,-0.053475406294824945
TXN000263415,CUST022025,2021-05-25,01:21,NRI,RTGS,2047733.78,Debit,49343.97,Education,Maharashtra,529,0,Unknown,0.0,Success,POS_Terminal,Verified,0,1,-1,-0.09258752484572785
TXN000263579,CUST028957,2021-05-26,10:44,Savings,Net_Banking,6405.83,Debit,14413.02,Government,Gujarat,406,1,Unknown,8459.08,Success,Mobile_App,Verified,0,10,-1,-0.021611115902824052
TXN000263616,CUST054004,2021-05-26,03:31,Salary,UPI,2327.6,Debit,249795.23,Investment,West Bengal,866,1,Auto,45393.22,Success,Web,Verified,0,3,-1,-0.002401385609285489
TXN000263708,CUST006287,2021-05-26,14:05,Current,RTGS,1328029.63,Credit,8281.18,E-Commerce,Punjab,498,0,Unknown,0.0,Success,Mobile_App,Verified,0,14,-1,-0.05030920675009276
TXN000263929,CUST042148,2021-05-27,03:46,Current,RTGS,111951.71,Debit,44152.28,Salary,Karnataka,640,0,Unknown,0.0,Success,ATM,Verified,0,3,-1,-0.010539604910394296
TXN000263937,CUST064342,2021-05-27,03:40,Fixed Deposit,RTGS,634699.75,Credit,24101.76,Fuel,West Bengal,307,0,Unknown,0.0,Success,POS_Terminal,Verified,0,3,-1,-0.006248917142699817
TXN000263993,CUST058509,2021-05-27,11:38,Salary,POS,229.97,Debit,26749.87,Investment,UP,864,0,Unknown,0.0,Failed,POS_Terminal,Verified,0,11,-1,-0.009915878454935467
TXN000264066,CUST062045,2021-05-27,00:34,Savings,Credit_Card,479.09,Debit,6558.71,Education,Karnataka,406,0,Unknown,0.0,Success,Mobile_App,Verified,0,0,-1,-0.005208190612152275
TXN000264071,CUST000577,2021-05-27,19:23,Current,Cheque,18007.3,Debit,4574.34,Peer Transfer,West Bengal,488,1,Auto,37093.09,Success,API,Verified,0,19,-1,-0.055724656485263035
TXN000264186,CUST030972,2021-05-28,16:23,Savings,NEFT,4784.73,Credit,36972.24,Education,Karnataka,372,0,Unknown,0.0,Success,Mobile_App,Verified,0,16,-1,-0.013829080745054179
TXN000264330,CUST059198,2021-05-28,04:19,Fixed Deposit,UPI,245.77,Credit,42151.67,Real Estate,Gujarat,640,0,Unknown,0.0,Success,Mobile_App,Verified,0,4,-1,-0.02448033299647212
TXN000264491,CUST040483,2021-05-29,04:51,Savings,UPI,1622.65,Debit,124355.7,Salary,West Bengal,819,1,Education,39101.1,Success,Web,Pending,0,4,-1,-0.0016596798890877729
TXN000264516,CUST016480,2021-05-29,23:11,Fixed Deposit,RTGS,1040925.0,Credit,66025.96,Education,Telangana,573,0,Unknown,0.0,Success,Branch,Verified,0,23,-1,-0.08214721304833528
TXN000264577,CUST047122,2021-05-29,00:40,Salary,NEFT,115308.67,Credit,4556.72,E-Commerce,Telangana,792,1,Auto,7010.67,Success,Branch,Verified,0,0,-1,-0.00044272666406941497
TXN000265095,CUST007010,2021-05-31,05:07,NRI,Auto_Debit,1681.29,Debit,14827.32,Peer Transfer,Karnataka,406,1,Auto,29087.52,Success,ATM,Verified,0,5,-1,-0.022374902385330797
TXN000265097,CUST056719,2021-05-31,10:14,Fixed Deposit,RTGS,798005.85,Debit,161833.31,Insurance,Telangana,676,0,Unknown,0.0,Success,Web,Verified,0,10,-1,-0.0927764001129594
TXN000265129,CUST021006,2021-05-31,03:33,Current,RTGS,180212.77,Credit,14893.45,Food & Dining,Maharashtra,401,0,Unknown,0.0,Failed,ATM,Verified,0,3,-1,-0.004854075681882564
TXN000265138,CUST033368,2021-05-31,19:46,Current,Auto_Debit,894.23,Debit,136167.21,Salary,West Bengal,326,1,Personal,2111.39,Success,Web,Verified,0,19,-1,-0.0017696463027360165
TXN000265144,CUST002565,2021-05-31,04:09,Savings,RTGS,250518.2,Debit,4446.9,Real Estate,Karnataka,759,0,Unknown,0.0,Reversed,Mobile_App,Verified,0,4,-1,-0.02307446796150725
TXN000265236,CUST078911,2021-05-31,16:49,Savings,UPI,262.76,Credit,544144.69,Peer Transfer,Karnataka,882,1,Business,20563.57,Failed,ATM,Verified,0,16,-1,-0.024975525398651888
TXN000265310,CUST021059,2021-05-31,10:58,Fixed Deposit,UPI,275.99,Credit,706032.7,E-Commerce,Gujarat,803,0,Unknown,0.0,Success,Mobile_App,Expired,0,10,-1,-0.0021297842644351084
TXN000265333,CUST003632,2021-05-31,13:26,Current,POS,10424.23,Debit,136208.36,Retail,Maharashtra,714,1,Home,4037.28,Success,Mobile_App,Verified,0,13,-1,-0.013777000600960432
TXN000265479,CUST058306,2021-06-01,03:35,Salary,ATM_Withdrawal,2000.0,Debit,243665.45,Peer Transfer,Tamil Nadu,782,1,Personal,3120.68,Success,Web,Verified,0,3,-1,-0.007154594117382174
TXN000265518,CUST053187,2021-06-01,03:32,Salary,RTGS,705207.19,Credit,40258.52,Retail,Karnataka,730,1,Unknown,2297.98,Success,POS_Terminal,Verified,1,3,-1,-0.027945329400987706
TXN000265618,CUST077804,2021-06-01,14:34,Fixed Deposit,UPI,278.12,Debit,105171.31,E-Commerce,Telangana,425,1,Home,9116.45,Success,Web,Verified,0,14,-1,-0.0019667022974666493
TXN000265725,CUST027668,2021-06-02,23:59,Salary,RTGS,536770.37,Credit,26318.41,Education,Rajasthan,392,0,Unknown,0.0,Success,Web,Verified,0,23,-1,-0.011684138489361673
TXN000265960,CUST066542,2021-06-02,20:40,Salary,IMPS,484.1,Debit,32877.07,Salary,Karnataka,406,0,Unknown,0.0,Success,ATM,Verified,0,20,-1,-0.0015276592009436651
TXN000265992,CUST004623,2021-06-02,15:39,Savings,RTGS,1185931.38,Debit,90994.69,Food & Dining,West Bengal,389,0,Unknown,0.0,Success,Web,Verified,0,15,-1,-0.06149126216906953
TXN000266147,CUST037446,2021-06-03,13:42,Salary,RTGS,376712.55,Debit,25399.49,Insurance,West Bengal,501,0,Unknown,0.0,Success,Mobile_App,Verified,0,13,-1,-0.0030279688907495217
TXN000266269,CUST059143,2021-06-03,11:33,NRI,NEFT,3407.09,Debit,96671.55,Food & Dining,Karnataka,714,1,Auto,30981.21,Success,Web,Verified,0,11,-1,-0.04371430972404178
TXN000266299,CUST062733,2021-06-04,18:44,Fixed Deposit,Cheque,2448535.01,Credit,11891.05,E-Commerce,Gujarat,313,0,Unknown,0.0,Success,Mobile_App,Verified,0,18,-1,-0.038521681588109535
TXN000266328,CUST072436,2021-06-04,23:28,Savings,UPI,238.89,Credit,94614.94,Government,Delhi,645,1,Education,8661.16,Pending,Mobile_App,Verified,0,23,-1,-0.013298103909201053
TXN000266330,CUST007032,2021-06-04,06:41,Savings,Cheque,538604.73,Debit,221560.29,Entertainment,Karnataka,380,0,Unknown,0.0,Success,Mobile_App,Pending,0,6,-1,-0.004655231541941696
TXN000266388,CUST071706,2021-06-04,15:17,NRI,NEFT,15029.18,Debit,19721.02,Retail,Rajasthan,505,0,Unknown,0.0,Success,Mobile_App,Verified,0,15,-1,-0.002188818614194732
TXN000266516,CUST011778,2021-06-04,09:07,Current,RTGS,1330111.52,Credit,59777.98,Food & Dining,Karnataka,776,0,Unknown,0.0,Failed,Mobile_App,Verified,0,9,-1,-0.015303990085027697
TXN000266552,CUST047597,2021-06-04,01:46,Salary,Net_Banking,5195.47,Credit,79490.18,Insurance,Delhi,724,0,Unknown,0.0,Success,ATM,Verified,0,1,-1,-0.012873758082747488
TXN000266699,CUST035803,2021-06-05,02:47,Salary,RTGS,265465.86,Credit,13206.26,Fuel,Maharashtra,518,0,Unknown,0.0,Success,Mobile_App,Verified,0,2,-1,-0.04211854508325363
TXN000266821,CUST035940,2021-06-05,08:58,Current,UPI,130.91,Debit,9677.07,Food & Dining,West Bengal,714,1,Auto,9636.73,Success,Mobile_App,Pending,0,8,-1,-0.008606610323967923
TXN000266847,CUST010320,2021-06-05,15:59,Savings,RTGS,1087359.51,Credit,162173.53,Investment,Maharashtra,739,0,Unknown,0.0,Success,Web,Verified,0,15,-1,-0.0735663651980506
TXN000266908,CUST012667,2021-06-06,12:32,Salary,RTGS,761736.24,Debit,153683.57,E-Commerce,Maharashtra,891,0,Unknown,0.0,Success,Web,Verified,0,12,-1,-0.01826757073302243
TXN000267043,CUST075814,2021-06-06,04:22,NRI,RTGS,852755.69,Debit,28752.06,Education,UP,860,1,Home,2877.12,Success,ATM,Verified,0,4,-1,-0.012521636691274818
TXN000267199,CUST075819,2021-06-06,15:08,Fixed Deposit,Auto_Debit,798.37,Debit,73236.31,Healthcare,Telangana,680,1,Personal,4062.67,Success,Mobile_App,Verified,0,15,-1,-0.020798925331040885
TXN000267440,CUST004619,2021-06-07,03:49,Salary,POS,575.91,Debit,13227.43,E-Commerce,Rajasthan,782,1,Home,9788.29,Reversed,Web,Verified,0,3,-1,-0.026224647859575123
TXN000267453,CUST065765,2021-06-07,01:23,Salary,Net_Banking,3824.06,Credit,9784.51,Food & Dining,Karnataka,544,0,Unknown,0.0,Success,Web,Verified,0,1,-1,-0.0011410527520779867
TXN000267699,CUST041970,2021-06-08,07:43,Current,Cheque,608963.77,Credit,26828.19,Utilities,Telangana,332,1,Home,3243.2,Success,ATM,Verified,0,7,-1,-0.02034733530543542
TXN000267900,CUST064290,2021-06-09,16:00,Salary,Net_Banking,12087.85,Debit,971298.08,Retail,Maharashtra,535,1,Personal,40104.33,Success,Mobile_App,Verified,0,16,-1,-0.06796682869648696
TXN000267917,CUST004726,2021-06-09,05:43,Savings,RTGS,1735166.76,Debit,51567.84,Travel,Gujarat,312,0,Unknown,0.0,Success,Mobile_App,Expired,0,5,-1,-0.08855190653802714
TXN000267961,CUST078834,2021-06-09,22:53,Fixed Deposit,UPI,1009.5,Debit,16709.46,Investment,Delhi,377,1,Personal,49756.98,Success,Branch,Verified,0,22,-1,-0.00016154062743622966
TXN000268512,CUST026465,2021-06-11,13:29,Current,Cheque,2210755.39,Debit,10380.38,Government,Maharashtra,628,1,Auto,10473.43,Success,Web,Verified,0,13,-1,-0.09759362620461232
TXN000268576,CUST052093,2021-06-11,22:15,Current,RTGS,136960.78,Credit,12967.47,Healthcare,West Bengal,821,1,Unknown,6729.37,Success,Mobile_App,Verified,0,22,-1,-0.012688220648718884
TXN000268789,CUST038833,2021-06-12,22:01,Savings,IMPS,998.08,Credit,41774.57,Healthcare,Gujarat,792,1,Business,6179.95,Success,ATM,Verified,0,22,-1,-0.003001298473011116
TXN000268801,CUST002801,2021-06-12,09:16,Fixed Deposit,RTGS,1025621.24,Debit,322531.75,Real Estate,Gujarat,763,0,Unknown,0.0,Success,API,Verified,0,9,-1,-0.06347571013275355
TXN000268955,CUST062718,2021-06-12,03:43,Salary,RTGS,810993.71,Debit,94671.52,Food & Dining,Rajasthan,434,1,Personal,3795.92,Success,POS_Terminal,Verified,0,3,-1,-0.022872002496996613
TXN000269103,CUST061045,2021-06-13,02:50,Current,RTGS,327318.33,Debit,109470.97,Food & Dining,Tamil Nadu,885,0,Unknown,0.0,Success,POS_Terminal,Verified,0,2,-1,-0.0030988842383803394
TXN000269355,CUST058669,2021-06-13,00:17,Savings,IMPS,4324.86,Credit,110776.81,Retail,Delhi,372,0,Unknown,0.0,Success,Mobile_App,Verified,0,0,-1,-0.022578906177441516
TXN000269361,CUST040712,2021-06-13,19:17,Savings,Net_Banking,7887.59,Credit,21257.74,Investment,UP,406,1,Personal,2794.77,Success,Web,Verified,0,19,-1,-0.012610489380441736
TXN000269415,CUST032708,2021-06-14,18:05,Savings,IMPS,431.62,Credit,60192.94,Entertainment,Karnataka,325,1,Personal,39980.93,Success,Web,Verified,0,18,-1,-0.023158964936145
TXN000269470,CUST045377,2021-06-14,19:59,Current,Cheque,1773374.25,Debit,59220.08,Entertainment,Telangana,423,0,Unknown,0.0,Failed,ATM,Verified,0,19,-1,-0.10162970514922276
TXN000269475,CUST073175,2021-06-14,11:05,Savings,Net_Banking,16656.18,Debit,16400.95,Fuel,Tamil Nadu,792,1,Unknown,23081.95,Success,ATM,Verified,0,11,-1,-0.004514605535749006
TXN000269494,CUST052651,2021-06-14,00:38,Salary,UPI,612.37,Credit,1018229.23,Salary,Delhi,372,1,Unknown,24764.43,Success,Mobile_App,Verified,0,0,-1,-0.0009000997443330272
TXN000269606,CUST015932,2021-06-14,23:45,Current,IMPS,5664.04,Credit,137474.02,Food & Dining,Tamil Nadu,814,1,Auto,10226.25,Success,POS_Terminal,Verified,0,23,-1,-0.012819009725882013
TXN000269864,CUST050422,2021-06-15,19:10,Savings,RTGS,110666.34,Credit,209345.3,Insurance,Gujarat,749,0,Unknown,0.0,Success,ATM,Expired,0,19,-1,-0.002066391531892031
TXN000269881,CUST039637,2021-06-15,21:45,Current,NEFT,2474.61,Credit,16342.94,Retail,Maharashtra,505,0,Unknown,0.0,Success,Mobile_App,Verified,0,21,-1,-0.03747966431461247
TXN000270117,CUST033358,2021-06-16,08:55,Savings,RTGS,769832.16,Credit,207712.1,Salary,Maharashtra,670,0,Unknown,0.0,Success,ATM,Verified,1,8,-1,-0.004311737979068253
TXN000270167,CUST070664,2021-06-16,14:41,Current,POS,277.84,Debit,1388041.39,Entertainment,Karnataka,645,1,Home,13602.15,Success,Web,Verified,0,14,-1,-0.0006491792221823278
TXN000270180,CUST015104,2021-06-16,14:41,Savings,Auto_Debit,2738.48,Debit,253710.83,Utilities,Punjab,470,0,Unknown,0.0,Success,ATM,Verified,0,14,-1,-0.02372319606273432
TXN000270404,CUST027530,2021-06-17,11:21,Fixed Deposit,Credit_Card,2133.37,Debit,1111694.54,E-Commerce,Tamil Nadu,688,1,Gold,12524.94,Failed,POS_Terminal,Verified,0,11,-1,-0.02061906311138284
TXN000270476,CUST058212,2021-06-17,13:34,Savings,RTGS,113791.75,Credit,35580.59,Retail,West Bengal,839,1,Business,14609.2,Success,Branch,Verified,0,13,-1,-0.008242423622589201
TXN000270616,CUST016685,2021-06-18,06:39,NRI,RTGS,263354.5,Debit,136457.48,Fuel,Tamil Nadu,676,0,Unknown,0.0,Success,Web,Verified,0,6,-1,-0.03034921183634265
TXN000270627,CUST012825,2021-06-18,03:48,Current,UPI,180.53,Debit,240127.89,Food & Dining,Gujarat,326,1,Personal,8717.65,Success,Branch,Verified,1,3,-1,-0.0024774255951998114
TXN000270642,CUST029074,2021-06-18,12:06,Current,RTGS,1604647.91,Debit,10150.73,Salary,Maharashtra,837,0,Unknown,0.0,Success,ATM,Verified,0,12,-1,-0.06530640604347582
TXN000270659,CUST051479,2021-06-18,23:43,Savings,Auto_Debit,3330.41,Debit,72864.14,Government,Tamil Nadu,640,0,Unknown,0.0,Success,POS_Terminal,Pending,0,23,-1,-0.003159917693545178
TXN000270677,CUST004061,2021-06-18,07:46,Current,IMPS,1687.41,Debit,25083.52,E-Commerce,Karnataka,714,1,Home,26823.58,Success,Web,Verified,0,7,-1,-0.026877869390701803
TXN000270721,CUST042626,2021-06-18,01:01,Fixed Deposit,Cheque,1042.85,Credit,158212.36,Retail,Karnataka,488,1,Unknown,17007.52,Success,POS_Terminal,Verified,0,1,-1,-0.03990251760347685
TXN000270810,CUST014835,2021-06-18,06:31,Savings,NEFT,23863.28,Debit,2960.93,Investment,UP,864,0,Unknown,0.0,Success,Mobile_App,Pending,0,6,-1,-0.009572440382209058
TXN000270819,CUST019626,2021-06-18,23:20,Savings,RTGS,220617.17,Credit,10303.51,Peer Transfer,Tamil Nadu,332,0,Unknown,0.0,Success,POS_Terminal,Verified,0,23,-1,-0.006135838235533986
TXN000271170,CUST014563,2021-06-19,21:13,Salary,RTGS,1171278.9,Credit,30225.51,Retail,Telangana,814,1,Personal,1686.22,Failed,Mobile_App,Pending,1,21,-1,-0.0857205880323636
TXN000271297,CUST066557,2021-06-20,04:26,Savings,RTGS,1647967.75,Credit,21155.93,Entertainment,Karnataka,677,0,Unknown,0.0,Success,Mobile_App,Verified,0,4,-1,-0.08293437094433964
TXN000271309,CUST001823,2021-06-20,06:11,Fixed Deposit,RTGS,1503077.34,Debit,54859.57,Entertainment,Karnataka,809,0,Unknown,0.0,Success,Web,Verified,0,6,-1,-0.04649762305936811
TXN000271439,CUST071880,2021-06-20,17:28,Salary,UPI,1002.24,Credit,611453.08,Government,Telangana,304,1,Personal,41093.25,Success,Mobile_App,Verified,0,17,-1,-0.018608369099411104
TXN000271455,CUST026666,2021-06-20,11:26,NRI,RTGS,539444.77,Credit,233561.08,Utilities,Tamil Nadu,327,0,Unknown,0.0,Reversed,Mobile_App,Verified,0,11,-1,-0.01921587217918641
TXN000271459,CUST002046,2021-06-20,13:32,Savings,RTGS,702039.79,Debit,25705.65,Peer Transfer,UP,483,1,Gold,25721.19,Reversed,POS_Terminal,Verified,0,13,-1,-0.014865184472176662
TXN000271530,CUST027354,2021-06-21,00:12,Salary,RTGS,798583.98,Credit,38295.5,Healthcare,Maharashtra,468,0,Unknown,0.0,Success,ATM,Verified,0,0,-1,-0.020257682001948107
TXN000271582,CUST001638,2021-06-21,00:02,Current,ATM_Withdrawal,1000.0,Debit,4639.47,Entertainment,Gujarat,627,1,Home,55044.84,Success,Web,Verified,0,0,-1,-0.001076948740541539
TXN000271811,CUST044528,2021-06-22,20:33,Savings,ATM_Withdrawal,5000.0,Debit,13762.11,Peer Transfer,Delhi,649,1,Business,15669.83,Success,POS_Terminal,Verified,0,20,-1,-0.042453646053394745
TXN000271922,CUST031831,2021-06-22,23:58,Savings,RTGS,869446.26,Credit,58903.2,E-Commerce,Punjab,370,0,Unknown,0.0,Success,Mobile_App,Verified,0,23,-1,-0.05434632926623606
TXN000272245,CUST005467,2021-06-23,01:19,NRI,RTGS,1121803.63,Debit,116896.61,Healthcare,Delhi,340,0,Unknown,0.0,Success,Mobile_App,Verified,0,1,-1,-0.03530855481482065
TXN000272262,CUST039686,2021-06-23,22:00,Savings,Cheque,77151.69,Debit,50507.92,Retail,Tamil Nadu,785,1,Unknown,67299.12,Success,Branch,Verified,0,22,-1,-0.038201295180971595
TXN000272555,CUST063820,2021-06-24,09:46,Current,ATM_Withdrawal,2000.0,Debit,18358.1,Utilities,Karnataka,584,1,Personal,20687.01,Success,Mobile_App,Verified,0,9,-1,-0.003716716086254346
TXN000272565,CUST024204,2021-06-24,13:57,Current,RTGS,610654.48,Debit,18546.55,Peer Transfer,Maharashtra,585,1,Personal,4007.31,Success,Web,Verified,0,13,-1,-0.057651279424727364
TXN000272611,CUST010371,2021-06-24,21:58,Current,UPI,10302.65,Debit,118617.54,Healthcare,UP,505,0,Unknown,0.0,Success,Mobile_App,Verified,0,21,-1,-0.002600183771612863
TXN000272714,CUST055344,2021-06-25,12:06,Savings,RTGS,1263751.39,Credit,16560.53,Retail,Telangana,358,0,Unknown,0.0,Success,POS_Terminal,Verified,0,12,-1,-0.08046294445073654
TXN000272769,CUST000122,2021-06-25,14:39,Fixed Deposit,ATM_Withdrawal,3000.0,Debit,43807.06,Entertainment,Maharashtra,406,1,Home,2323.78,Pending,ATM,Verified,0,14,-1,-0.0038184124573731326
TXN000272775,CUST045335,2021-06-25,15:46,NRI,UPI,525.22,Credit,9140.51,Entertainment,Gujarat,518,1,Auto,30966.4,Success,Mobile_App,Verified,0,15,-1,-0.03674268029482308
TXN000272960,CUST009467,2021-06-25,03:45,Salary,Cheque,1898969.81,Credit,55793.38,E-Commerce,Karnataka,501,0,Unknown,0.0,Success,Mobile_App,Verified,0,3,-1,-0.062287396398275297
TXN000273007,CUST001494,2021-06-26,06:05,Salary,RTGS,1266780.3,Credit,77759.23,E-Commerce,Karnataka,532,0,Unknown,0.0,Success,Branch,Pending,0,6,-1,-0.0017516380324491543
TXN000273136,CUST052252,2021-06-26,22:13,Salary,Credit_Card,10909.15,Debit,610699.45,Insurance,Gujarat,782,0,Unknown,0.0,Success,Branch,Verified,0,22,-1,-0.004437475506938182
TXN000273244,CUST040953,2021-06-26,03:13,Savings,RTGS,1239004.24,Debit,62426.99,Investment,UP,451,0,Unknown,0.0,Success,POS_Terminal,Verified,0,3,-1,-0.047052100852451595
TXN000273358,CUST026682,2021-06-27,12:22,Savings,RTGS,636970.31,Credit,22994.52,Fuel,Karnataka,798,0,Unknown,0.0,Success,Branch,Expired,0,12,-1,-0.016249874446582435
TXN000273461,CUST071550,2021-06-27,23:53,Current,RTGS,1737308.06,Credit,14778.91,Education,Delhi,351,0,Unknown,0.0,Success,Mobile_App,Verified,1,23,-1,-0.0221527946067267
TXN000273758,CUST059121,2021-06-28,01:13,Salary,ATM_Withdrawal,5000.0,Debit,7488.51,E-Commerce,Maharashtra,325,1,Business,18829.99,Success,Mobile_App,Verified,0,1,-1,-0.005317594205702547
TXN000273782,CUST052896,2021-06-28,22:52,Savings,NEFT,1089570.06,Credit,20742.4,Entertainment,Karnataka,608,0,Unknown,0.0,Failed,ATM,Verified,0,22,-1,-0.05476821746386418
TXN000273925,CUST031635,2021-06-29,12:25,Savings,IMPS,12854.36,Credit,28104.83,Fuel,Tamil Nadu,874,1,Home,43965.61,Success,API,Verified,0,12,-1,-0.03608017963726784
TXN000273989,CUST058543,2021-06-29,14:13,Savings,ATM_Withdrawal,10000.0,Debit,174476.29,Investment,West Bengal,326,0,Unknown,0.0,Success,Mobile_App,Verified,0,14,-1,-0.0036984253881403584
TXN000274244,CUST041410,2021-06-30,08:15,Current,RTGS,349072.22,Credit,2236.0,Utilities,Maharashtra,325,0,Unknown,0.0,Success,Web,Verified,0,8,-1,-0.047984854676857536
TXN000274305,CUST043387,2021-06-30,05:57,Savings,Net_Banking,7375.44,Credit,80530.26,Retail,Delhi,505,0,Unknown,0.0,Success,Mobile_App,Verified,0,5,-1,-0.00011523717561479074
TXN000274463,CUST075797,2021-07-01,00:44,Savings,Cheque,3751174.96,Credit,13708.49,Salary,Delhi,576,1,Business,10878.62,Failed,Web,Verified,0,0,-1,-0.12536887504098915
TXN000274657,CUST048151,2021-07-01,11:44,Savings,POS,347.69,Debit,950419.99,Retail,Telangana,793,0,Unknown,0.0,Success,POS_Terminal,Verified,0,11,-1,-0.005913503502609108
TXN000274898,CUST064197,2021-07-02,12:38,Salary,RTGS,3268190.58,Debit,22704.05,Healthcare,Rajasthan,482,1,Personal,8499.88,Success,Mobile_App,Verified,0,12,-1,-0.0686115057351463
TXN000274907,CUST073272,2021-07-02,13:19,Savings,Auto_Debit,5552.07,Debit,256867.95,Education,Maharashtra,672,1,Gold,72653.97,Success,API,Verified,0,13,-1,-0.0009050953901327263
TXN000275033,CUST022222,2021-07-03,18:51,Savings,POS,2241.22,Debit,12884.65,Investment,Delhi,622,1,Home,3449.86,Success,API,Verified,0,18,-1,-0.0042115110470071215
TXN000275057,CUST077371,2021-07-03,15:01,Salary,Credit_Card,520.69,Debit,84461.4,Salary,Delhi,374,1,Education,76630.2,Success,Mobile_App,Verified,0,15,-1,-0.020807803553590354
TXN000275226,CUST020512,2021-07-03,20:56,Salary,RTGS,2246764.05,Debit,8078.09,Real Estate,Karnataka,635,1,Auto,7398.97,Success,API,Verified,1,20,-1,-0.11227466697216726
TXN000275255,CUST023417,2021-07-03,14:31,NRI,Cheque,85685.98,Credit,139367.75,Food & Dining,Gujarat,488,1,Personal,16929.49,Success,Mobile_App,Verified,0,14,-1,-0.032591192505115774
TXN000275339,CUST050547,2021-07-04,17:58,Savings,IMPS,2655.38,Debit,17267.48,Education,West Bengal,645,1,Education,26700.22,Success,Mobile_App,Verified,0,17,-1,-0.014541661340984113
TXN000275413,CUST057274,2021-07-04,20:56,Savings,UPI,513.12,Credit,19833.01,Healthcare,Gujarat,782,1,Education,8894.19,Success,API,Pending,0,20,-1,-0.007733646021914287
TXN000275565,CUST017240,2021-07-05,20:46,Fixed Deposit,NEFT,2042.67,Credit,356126.12,Travel,UP,488,1,Gold,19655.61,Success,Web,Verified,0,20,-1,-0.006523841524945562
TXN000275741,CUST008694,2021-07-05,20:19,Current,UPI,1126.29,Credit,23705.55,Food & Dining,Tamil Nadu,803,0,Unknown,0.0,Success,ATM,Verified,0,20,-1,-0.008996567363174668
TXN000275941,CUST060820,2021-07-06,22:29,Salary,IMPS,726.36,Debit,26149.85,Retail,Karnataka,782,0,Unknown,0.0,Success,API,Expired,0,22,-1,-0.020465661476761987
TXN000276201,CUST068011,2021-07-07,21:44,Salary,NEFT,17125.67,Credit,18278.72,Utilities,Maharashtra,501,0,Unknown,0.0,Success,Mobile_App,Verified,0,21,-1,-0.004091415501441653
TXN000276299,CUST056079,2021-07-07,14:12,Savings,IMPS,2194.56,Debit,76001.75,Retail,Telangana,406,0,Unknown,0.0,Success,Web,Verified,0,14,-1,-0.014192387924047534
TXN000276403,CUST015442,2021-07-07,11:02,NRI,RTGS,1319484.39,Credit,35188.14,Travel,Maharashtra,605,0,Unknown,0.0,Success,Mobile_App,Verified,1,11,-1,-0.05391990149246484
TXN000276451,CUST065409,2021-07-07,06:48,Savings,Net_Banking,8037.45,Credit,14172.28,Entertainment,Gujarat,864,0,Unknown,0.0,Success,API,Verified,0,6,-1,-0.009855651858415415
TXN000276568,CUST066549,2021-07-08,09:50,Savings,NEFT,5586.97,Credit,16243.43,Entertainment,Karnataka,792,0,Unknown,0.0,Success,ATM,Verified,0,9,-1,-0.002214842200670808
TXN000276584,CUST029979,2021-07-08,07:37,Savings,Cheque,1251049.26,Debit,51596.21,Retail,Gujarat,890,0,Unknown,0.0,Pending,POS_Terminal,Verified,0,7,-1,-0.005396403030846653
TXN000276597,CUST049502,2021-07-08,01:42,Savings,IMPS,532.26,Debit,219753.3,Retail,Delhi,406,0,Unknown,0.0,Success,Mobile_App,Verified,0,1,-1,-0.027976946050328744
TXN000276745,CUST066530,2021-07-08,15:17,Salary,RTGS,2170455.14,Debit,697622.16,Retail,Tamil Nadu,638,1,Personal,6080.08,Success,Mobile_App,Verified,0,15,-1,-0.04625599134364711
TXN000276847,CUST046345,2021-07-09,22:16,Salary,RTGS,112085.26,Credit,26153.96,Government,Telangana,357,1,Home,2217.78,Success,API,Verified,0,22,-1,-0.00951639605329846
TXN000276901,CUST002399,2021-07-09,23:12,Fixed Deposit,Auto_Debit,953.01,Debit,11051.66,Retail,West Bengal,814,0,Unknown,0.0,Success,ATM,Verified,0,23,-1,-0.0028772864989085045
TXN000276955,CUST073787,2021-07-09,01:36,Salary,RTGS,690851.72,Credit,21790.15,Healthcare,Gujarat,603,0,Unknown,0.0,Success,POS_Terminal,Verified,0,1,-1,-0.039600506808348146
TXN000277020,CUST011553,2021-07-09,03:33,Savings,UPI,427.38,Debit,276572.59,Retail,Delhi,616,1,Unknown,20201.67,Reversed,Mobile_App,Verified,0,3,-1,-8.891915580289123e-05
TXN000277094,CUST009156,2021-07-10,16:41,Fixed Deposit,Auto_Debit,2763.5,Debit,6023.5,Food & Dining,Maharashtra,406,0,Unknown,0.0,Success,Web,Verified,0,16,-1,-0.02171332171588014
TXN000277185,CUST018686,2021-07-10,13:02,Savings,Auto_Debit,780.22,Debit,33055.63,E-Commerce,Tamil Nadu,793,0,Unknown,0.0,Success,POS_Terminal,Verified,0,13,-1,-0.0072633024536252755
TXN000277317,CUST021003,2021-07-10,02:54,Current,ATM_Withdrawal,3000.0,Debit,20933.48,Investment,Delhi,489,1,Business,90214.44,Success,Mobile_App,Pending,0,2,-1,-0.01973685387650892
TXN000277544,CUST037170,2021-07-11,14:38,Fixed Deposit,UPI,6161.77,Debit,270149.86,Government,Karnataka,572,1,Business,14669.36,Success,Mobile_App,Pending,0,14,-1,-0.003051276745012488
TXN000277610,CUST050926,2021-07-11,03:38,Current,UPI,209.17,Credit,214759.8,E-Commerce,Delhi,429,1,Auto,61322.02,Success,Mobile_App,Verified,0,3,-1,-0.07831365664628587
TXN000277756,CUST059281,2021-07-12,23:26,Fixed Deposit,RTGS,794625.05,Debit,6629.03,Food & Dining,Gujarat,422,0,Unknown,0.0,Success,Mobile_App,Verified,0,23,-1,-0.027716040033538447
TXN000277959,CUST015566,2021-07-13,20:15,Salary,Net_Banking,1374935.95,Credit,58355.1,Peer Transfer,Tamil Nadu,769,0,Unknown,0.0,Success,Branch,Pending,0,20,-1,-0.02882422488791847
TXN000278028,CUST018536,2021-07-13,20:43,Current,NEFT,10787.85,Credit,73133.57,Investment,Maharashtra,501,0,Unknown,0.0,Success,Mobile_App,Verified,0,20,-1,-0.004246443224690255
TXN000278187,CUST033165,2021-07-13,01:41,Savings,Net_Banking,69919.99,Debit,154186.3,Government,Rajasthan,406,0,Unknown,0.0,Success,Web,Verified,0,1,-1,-0.01576737931474359
TXN000278230,CUST037279,2021-07-13,12:35,NRI,Cheque,1088313.05,Credit,93269.63,Food & Dining,Punjab,345,0,Unknown,0.0,Success,Mobile_App,Verified,0,12,-1,-0.027698481233233152
TXN000278292,CUST040030,2021-07-14,02:57,Current,UPI,5013.33,Debit,14198.64,Travel,Punjab,603,1,Personal,57616.43,Success,Web,Verified,0,2,-1,-0.05150135536356981
TXN000278452,CUST039953,2021-07-14,13:06,Salary,NEFT,2306.05,Credit,567798.73,E-Commerce,Tamil Nadu,880,1,Unknown,44171.7,Success,Mobile_App,Verified,0,13,-1,-0.025335006762756573
TXN000278469,CUST032385,2021-07-14,18:18,Savings,Cheque,5106492.06,Debit,8514.15,E-Commerce,Telangana,427,1,Personal,5266.11,Success,API,Verified,0,18,-1,-0.0869587180635123
TXN000278477,CUST026165,2021-07-14,03:42,Savings,RTGS,276097.39,Credit,160505.15,Fuel,Delhi,708,1,Unknown,9683.67,Success,POS_Terminal,Verified,0,3,-1,-0.0013669922070468354
TXN000278724,CUST010333,2021-07-15,09:06,Fixed Deposit,ATM_Withdrawal,500.0,Debit,2867.17,Healthcare,Delhi,649,1,Home,7010.28,Success,Branch,Verified,0,9,-1,-0.023767236933661673
TXN000278974,CUST014001,2021-07-16,10:43,Fixed Deposit,Cheque,3676656.05,Debit,190972.17,Salary,Tamil Nadu,802,0,Unknown,0.0,Success,ATM,Verified,0,10,-1,-0.13685835644223043
TXN000279081,CUST060577,2021-07-16,10:27,Savings,Cheque,1724844.84,Debit,49807.3,E-Commerce,Telangana,437,1,Home,2216.22,Success,Mobile_App,Verified,0,10,-1,-0.038818244579962746
TXN000279117,CUST051312,2021-07-16,13:17,NRI,IMPS,826.59,Credit,21097.96,Food & Dining,Karnataka,518,1,Home,48300.81,Success,Mobile_App,Verified,0,13,-1,-0.048634220242347426
TXN000279311,CUST069103,2021-07-17,07:19,Current,Cheque,2343422.53,Credit,31080.52,Government,Telangana,480,1,Home,3793.71,Success,ATM,Verified,0,7,-1,-0.05006947557247032
TXN000279324,CUST061164,2021-07-17,02:34,NRI,RTGS,937154.16,Credit,52110.15,Fuel,Telangana,700,0,Unknown,0.0,Success,ATM,Verified,0,2,-1,-0.020427458580327795
TXN000279342,CUST020725,2021-07-17,12:15,Current,POS,4576.25,Debit,12195.22,Utilities,Delhi,714,0,Unknown,0.0,Success,Mobile_App,Verified,0,12,-1,-0.003248149018939994
TXN000279394,CUST077683,2021-07-17,03:51,Fixed Deposit,RTGS,504180.73,Credit,286013.29,Food & Dining,Tamil Nadu,742,0,Unknown,0.0,Success,ATM,Verified,0,3,-1,-0.013323420136356234
TXN000279495,CUST075218,2021-07-18,14:04,Fixed Deposit,POS,2513.26,Debit,13521.6,Entertainment,Maharashtra,750,1,Auto,25818.62,Success,ATM,Verified,0,14,-1,-0.03605156550231248
TXN000279652,CUST030704,2021-07-18,09:57,Savings,NEFT,7309.26,Debit,24566.77,Education,Tamil Nadu,801,1,Gold,26632.26,Success,Mobile_App,Verified,0,9,-1,-7.388161732935217e-05
TXN000279688,CUST006224,2021-07-18,06:18,Current,RTGS,1525726.93,Credit,607951.58,Salary,West Bengal,850,0,Unknown,0.0,Success,Web,Pending,0,6,-1,-0.01320811703012481
TXN000279697,CUST074495,2021-07-18,09:09,Savings,RTGS,1473076.61,Credit,49128.02,Healthcare,Telangana,411,1,Home,6371.6,Success,Branch,Verified,0,9,-1,-0.04095181945272541
TXN000279769,CUST022321,2021-07-18,09:52,NRI,RTGS,719665.28,Credit,6214.1,Salary,Gujarat,554,0,Unknown,0.0,Success,Web,Verified,0,9,-1,-0.026814824994694897
TXN000279856,CUST070371,2021-07-19,16:06,Fixed Deposit,Cheque,13461.55,Debit,442613.85,Travel,Tamil Nadu,542,1,Business,8719.49,Success,Web,Verified,0,16,-1,-0.007077245270723842
TXN000279985,CUST056487,2021-07-19,01:54,Savings,POS,350.0,Debit,6484.18,Investment,UP,406,1,Education,6725.16,Success,Branch,Verified,0,1,-1,-0.009905193454779582
TXN000280261,CUST047782,2021-07-20,02:01,Salary,UPI,1593.05,Credit,86561.43,Utilities,Telangana,649,1,Home,14254.04,Success,ATM,Verified,0,2,-1,-0.01915417758079485
TXN000280299,CUST045495,2021-07-20,22:08,Current,Credit_Card,2935.77,Debit,14826.01,Peer Transfer,Rajasthan,610,1,Education,24604.21,Success,Mobile_App,Verified,0,22,-1,-0.020409273126346883
TXN000280627,CUST014796,2021-07-21,14:12,Salary,RTGS,884697.89,Debit,24072.92,Government,West Bengal,529,0,Unknown,0.0,Success,POS_Terminal,Verified,0,14,-1,-0.052924080900653814
TXN000280752,CUST078627,2021-07-22,04:54,Current,Cheque,213161.91,Debit,49030.89,E-Commerce,Delhi,425,1,Home,13652.3,Success,Mobile_App,Verified,0,4,-1,-0.03998156945864928
TXN000280772,CUST024488,2021-07-22,01:16,Salary,IMPS,583.17,Credit,7675.04,Fuel,UP,406,0,Unknown,0.0,Success,ATM,Verified,0,1,-1,-0.027611372929175815
TXN000281241,CUST009155,2021-07-23,17:16,Savings,RTGS,441771.72,Credit,27086.35,Fuel,Delhi,327,0,Unknown,0.0,Success,Mobile_App,Verified,0,17,-1,-0.0047688513848919145
TXN000281252,CUST052629,2021-07-24,15:45,Fixed Deposit,RTGS,566105.25,Debit,20373.83,Entertainment,Karnataka,372,0,Unknown,0.0,Success,Branch,Expired,0,15,-1,-0.04340128104758001
TXN000281306,CUST003902,2021-07-24,03:26,Salary,POS,595.73,Debit,22918.31,Fuel,West Bengal,782,0,Unknown,0.0,Success,Web,Verified,0,3,-1,-0.013952372362141308
TXN000281418,CUST025201,2021-07-24,01:04,Savings,Net_Banking,34385.24,Credit,135614.21,Government,Gujarat,333,0,Unknown,0.0,Success,Mobile_App,Verified,0,1,-1,-0.011430977542131848
TXN000281588,CUST023493,2021-07-25,10:43,Savings,UPI,168.44,Debit,79671.08,Salary,Maharashtra,406,0,Unknown,0.0,Success,Web,Verified,0,10,-1,-0.010287587502157636
TXN000281651,CUST015543,2021-07-25,12:43,Savings,RTGS,346009.2,Credit,995632.2,Utilities,Maharashtra,387,0,Unknown,0.0,Success,POS_Terminal,Verified,0,12,-1,-0.0003190936103698583
TXN000281717,CUST079255,2021-07-25,21:05,Savings,IMPS,1706.03,Credit,17560.26,Entertainment,Rajasthan,445,1,Home,33453.32,Success,POS_Terminal,Verified,0,21,-1,-0.030540996613463656
TXN000282315,CUST025466,2021-07-27,16:19,Salary,RTGS,794823.07,Debit,13060.11,Education,Rajasthan,555,0,Unknown,0.0,Success,Mobile_App,Verified,0,16,-1,-0.008541155489580565
TXN000282342,CUST052792,2021-07-27,14:35,Current,Cheque,1251885.56,Debit,13334.18,Insurance,Delhi,641,0,Unknown,0.0,Success,ATM,Pending,0,14,-1,-0.025841427507967585
TXN000282426,CUST018271,2021-07-27,20:48,Salary,RTGS,1388617.21,Debit,22947.37,Entertainment,Karnataka,490,0,Unknown,0.0,Success,Web,Verified,0,20,-1,-0.005492347006668008
TXN000282484,CUST068805,2021-07-28,07:14,Savings,RTGS,517206.22,Debit,104055.35,E-Commerce,Telangana,796,0,Unknown,0.0,Success,Web,Verified,0,7,-1,-0.032770104020457325
TXN000282502,CUST078658,2021-07-28,06:05,Savings,POS,1600.91,Debit,42923.53,Food & Dining,Gujarat,622,1,Personal,9802.73,Pending,Mobile_App,Verified,0,6,-1,-0.011294993875271442
TXN000282525,CUST065347,2021-07-28,00:20,Current,UPI,1767.15,Debit,5620.26,Government,Rajasthan,673,1,Unknown,79254.33,Success,Web,Verified,0,0,-1,-0.01747796919994038
TXN000282716,CUST025825,2021-07-28,23:01,Current,Auto_Debit,1525.66,Debit,3202.84,Investment,UP,821,1,Home,31527.49,Success,Mobile_App,Verified,0,23,-1,-0.0574366464744116
TXN000282724,CUST069625,2021-07-28,14:57,Savings,RTGS,744570.42,Credit,37665.08,Peer Transfer,Karnataka,746,0,Unknown,0.0,Success,Mobile_App,Verified,0,14,-1,-0.015763642583694115
TXN000282731,CUST037819,2021-07-28,06:40,Savings,RTGS,544036.32,Debit,73726.99,Peer Transfer,Karnataka,796,1,Home,2558.49,Success,Web,Verified,0,6,-1,-0.026624702158403735
TXN000282761,CUST038968,2021-07-29,17:59,Current,NEFT,13807.06,Credit,7413.17,Retail,Karnataka,505,0,Unknown,0.0,Success,Web,Verified,0,17,-1,-0.01794494107379807
TXN000282897,CUST061538,2021-07-29,05:48,Savings,RTGS,1334958.02,Debit,121928.43,Insurance,Karnataka,780,0,Unknown,0.0,Success,Web,Verified,1,5,-1,-0.031719889317739836
TXN000283143,CUST077419,2021-07-30,00:54,Savings,UPI,1251.48,Credit,104406.58,Healthcare,Rajasthan,880,1,Home,65466.86,Success,POS_Terminal,Verified,0,0,-1,-0.030570075792004103
TXN000283150,CUST017925,2021-07-30,02:45,Savings,UPI,500.02,Credit,62102.84,Peer Transfer,Rajasthan,803,0,Unknown,0.0,Success,Mobile_App,Verified,0,2,-1,-0.028083609198733428
TXN000283165,CUST056469,2021-07-30,05:08,Current,RTGS,1225937.8,Debit,8226.9,Food & Dining,Tamil Nadu,723,1,Home,7584.89,Success,Web,Verified,0,5,-1,-0.0008494106852432459
TXN000283181,CUST048425,2021-07-30,17:31,Current,ATM_Withdrawal,1000.0,Debit,147497.47,Food & Dining,Telangana,518,1,Auto,12321.37,Success,ATM,Verified,0,17,-1,-0.0007077924658017709
TXN000283265,CUST055438,2021-07-30,02:18,Savings,POS,4253.85,Debit,44659.44,Retail,Gujarat,347,1,Auto,51671.85,Success,POS_Terminal,Verified,0,2,-1,-0.009824347899851427
TXN000283294,CUST058941,2021-07-30,02:41,Savings,Net_Banking,12288.91,Credit,57306.83,Healthcare,UP,799,1,Personal,2446.52,Success,Mobile_App,Verified,0,2,-1,-0.005747876874894531
TXN000283323,CUST077535,2021-07-31,01:54,Savings,NEFT,12565.62,Credit,26585.98,Healthcare,Karnataka,792,1,Education,38616.22,Success,POS_Terminal,Verified,0,1,-1,-0.004277755697480012
TXN000283478,CUST018266,2021-07-31,15:21,Savings,Cheque,516279.39,Credit,192348.14,Investment,Karnataka,488,1,Unknown,4652.44,Success,Web,Verified,0,15,-1,-0.019986281041035503
TXN000283583,CUST016746,2021-07-31,06:43,Savings,Credit_Card,5134.16,Debit,97918.01,Travel,Telangana,792,0,Unknown,0.0,Success,Mobile_App,Pending,0,6,-1,-0.013787938837193425
TXN000283725,CUST077756,2021-08-01,20:38,Salary,Credit_Card,2022.24,Debit,139376.57,Healthcare,Karnataka,774,1,Business,21246.38,Success,Branch,Verified,0,20,-1,-0.0031538696837867253
TXN000283813,CUST023661,2021-08-01,10:17,Savings,RTGS,784582.95,Credit,27518.37,Salary,Gujarat,861,1,Auto,3289.59,Reversed,Web,Verified,1,10,-1,-0.005101102175962047
TXN000283821,CUST057920,2021-08-01,10:21,Salary,UPI,621.17,Credit,333985.25,Salary,UP,592,1,Home,30919.96,Failed,Branch,Pending,0,10,-1,-0.010697369810045432
TXN000283857,CUST026596,2021-08-01,01:58,Savings,UPI,87.55,Debit,1350.58,Food & Dining,Maharashtra,488,1,Home,16685.66,Success,Mobile_App,Verified,0,1,-1,-0.0015643156925323476
TXN000284031,CUST000207,2021-08-02,05:06,Savings,Cheque,92457.2,Debit,205706.56,Education,Maharashtra,750,1,Gold,43782.22,Success,ATM,Verified,0,5,-1,-0.03701082237726183
TXN000284179,CUST021195,2021-08-02,00:53,Fixed Deposit,RTGS,1045278.82,Debit,149813.65,Fuel,UP,823,0,Unknown,0.0,Success,Web,Verified,1,0,-1,-0.012390845287888475
TXN000284191,CUST044073,2021-08-02,14:39,Savings,Auto_Debit,15093.44,Debit,17360.5,Education,Maharashtra,753,1,Business,28073.6,Success,API,Verified,0,14,-1,-0.017120669151744816
TXN000284245,CUST015306,2021-08-03,06:02,Salary,Net_Banking,577.25,Credit,3848.08,Utilities,Maharashtra,314,0,Unknown,0.0,Success,Web,Verified,0,6,-1,-0.015224770324435588
TXN000284249,CUST029731,2021-08-03,19:33,Current,Cheque,1133719.72,Debit,15711.95,Education,Delhi,862,0,Unknown,0.0,Success,API,Verified,0,19,-1,-0.0032657563177320714
TXN000284254,CUST034770,2021-08-03,01:18,Salary,RTGS,312403.82,Credit,137620.57,E-Commerce,West Bengal,724,1,Business,22508.02,Success,Mobile_App,Verified,0,1,-1,-0.019793459137695812
TXN000284310,CUST075004,2021-08-03,13:32,Salary,Auto_Debit,765.92,Debit,8230.25,Entertainment,Karnataka,649,1,Personal,26558.57,Success,Mobile_App,Verified,0,13,-1,-0.016672839340223122
TXN000284470,CUST073731,2021-08-03,15:49,Savings,Cheque,2909959.85,Credit,4374.53,Fuel,Maharashtra,375,1,Auto,3191.43,Success,Web,Verified,0,15,-1,-0.08197978864790989
TXN000284564,CUST064255,2021-08-04,17:03,Savings,RTGS,1719132.0,Debit,34136.16,Entertainment,Rajasthan,463,1,Home,15834.62,Success,Web,Verified,0,17,-1,-0.059146604426106086
TXN000284887,CUST048495,2021-08-05,11:43,Fixed Deposit,Auto_Debit,1839.66,Debit,4379.68,Utilities,Tamil Nadu,793,0,Unknown,0.0,Success,Mobile_App,Verified,0,11,-1,-0.008328493245042923
TXN000284952,CUST062879,2021-08-05,04:21,Salary,UPI,541.59,Credit,39342.33,E-Commerce,Delhi,676,0,Unknown,0.0,Failed,Web,Verified,0,4,-1,-0.00013889605236538927
TXN000284977,CUST013301,2021-08-05,09:00,Savings,UPI,551.71,Credit,4574.4,Entertainment,Tamil Nadu,663,1,Home,42702.96,Success,Mobile_App,Verified,0,9,-1,-0.007210675654347076
TXN000284978,CUST056135,2021-08-05,21:28,Savings,RTGS,475860.18,Credit,429613.17,Peer Transfer,Rajasthan,699,0,Unknown,0.0,Success,POS_Terminal,Verified,0,21,-1,-0.06248232495001216
TXN000285138,CUST036614,2021-08-06,14:50,Fixed Deposit,UPI,233.02,Debit,66334.97,Food & Dining,Karnataka,488,1,Home,7504.68,Success,Web,Verified,0,14,-1,-0.0169826825615651
TXN000285171,CUST019846,2021-08-06,19:50,Savings,POS,2934.57,Debit,91511.56,Education,Delhi,803,0,Unknown,0.0,Success,API,Verified,0,19,-1,-0.013714472662786914
TXN000285302,CUST014217,2021-08-06,06:50,Savings,POS,280.3,Debit,46816.18,Investment,Maharashtra,782,0,Unknown,0.0,Success,Mobile_App,Verified,0,6,-1,-0.01551382936065715
TXN000285321,CUST053344,2021-08-06,12:51,NRI,IMPS,7623.46,Debit,52048.27,Food & Dining,Karnataka,441,1,Unknown,43372.82,Success,Mobile_App,Verified,0,12,-1,-0.015617750915154271
TXN000285360,CUST068726,2021-08-06,08:27,Current,POS,2525.48,Debit,187783.75,Peer Transfer,Gujarat,649,0,Unknown,0.0,Success,API,Verified,0,8,-1,-0.013170153174990373
TXN000285398,CUST076594,2021-08-06,11:17,Savings,RTGS,329120.11,Credit,91393.02,E-Commerce,Karnataka,687,1,Personal,13984.86,Success,POS_Terminal,Verified,0,11,-1,-0.012797130841446513
TXN000285490,CUST004312,2021-08-07,21:23,Savings,UPI,322.32,Debit,6947.16,Government,Karnataka,501,1,Auto,17578.3,Success,API,Verified,0,21,-1,-0.0025649293032286025
TXN000285667,CUST058172,2021-08-07,23:16,Current,RTGS,893458.48,Credit,136010.5,Insurance,Gujarat,613,0,Unknown,0.0,Success,Mobile_App,Verified,0,23,-1,-0.025370784068233565
TXN000285796,CUST071732,2021-08-08,15:27,Savings,IMPS,1294.04,Credit,36386.72,E-Commerce,Tamil Nadu,406,0,Unknown,0.0,Reversed,API,Verified,0,15,-1,-0.0035696254064991884
TXN000285871,CUST017286,2021-08-08,00:43,Current,RTGS,1168777.84,Credit,81415.95,Peer Transfer,West Bengal,308,1,Auto,5420.9,Success,Web,Expired,0,0,-1,-0.027786665406520195
TXN000286246,CUST045631,2021-08-09,14:20,Current,NEFT,8629.85,Debit,190035.88,Food & Dining,Gujarat,880,1,Unknown,46685.22,Success,Mobile_App,Verified,0,14,-1,-0.019523430251790264
TXN000286320,CUST006963,2021-08-10,09:43,Savings,NEFT,2256197.38,Credit,9112.32,Entertainment,UP,307,0,Unknown,0.0,Success,Mobile_App,Verified,0,9,-1,-0.050740025217778206
TXN000286881,CUST010486,2021-08-11,17:17,Current,RTGS,1220577.69,Credit,24003.07,Government,Maharashtra,583,0,Unknown,0.0,Success,Web,Verified,0,17,-1,-0.025467942530182364
TXN000286969,CUST016477,2021-08-12,17:04,Fixed Deposit,Auto_Debit,2366.46,Debit,134639.89,Insurance,West Bengal,640,0,Unknown,0.0,Success,Mobile_App,Verified,0,17,-1,-0.015101400724703229
TXN000287006,CUST023604,2021-08-12,06:10,Current,Auto_Debit,2056.1,Debit,4449.56,Education,Rajasthan,782,1,Home,11022.5,Success,API,Verified,0,6,-1,-0.02230483243746606
TXN000287078,CUST017822,2021-08-12,10:34,Savings,RTGS,1734874.01,Credit,8952.45,Utilities,Gujarat,401,0,Unknown,0.0,Pending,Mobile_App,Verified,1,10,-1,-0.06497297113027567
TXN000287188,CUST035693,2021-08-13,13:29,NRI,RTGS,1080528.95,Credit,20053.02,Education,Tamil Nadu,583,0,Unknown,0.0,Success,POS_Terminal,Verified,0,13,-1,-0.02613559673710575
TXN000287233,CUST008182,2021-08-13,20:59,Salary,ATM_Withdrawal,1000.0,Debit,23316.71,Travel,Punjab,714,0,Unknown,0.0,Success,POS_Terminal,Verified,0,20,-1,-0.015080830068873619
TXN000287247,CUST061626,2021-08-13,20:46,Salary,UPI,1653.36,Credit,10179.62,E-Commerce,Punjab,763,1,Business,34952.2,Success,ATM,Verified,0,20,-1,-0.030133978903055247
TXN000287416,CUST063128,2021-08-13,18:26,Salary,NEFT,438690.96,Debit,29716.34,Retail,Tamil Nadu,364,0,Unknown,0.0,Success,API,Verified,0,18,-1,-0.006006556457443968
TXN000287435,CUST050280,2021-08-13,10:36,Fixed Deposit,RTGS,689267.2,Debit,52054.19,Food & Dining,Maharashtra,891,0,Unknown,0.0,Success,ATM,Verified,0,10,-1,-0.007452947488869599
TXN000287743,CUST057807,2021-08-14,19:29,Current,Auto_Debit,2379.81,Debit,45835.07,Fuel,Gujarat,372,1,Personal,86684.84,Success,Mobile_App,Verified,0,19,-1,-0.0987944855708599
TXN000287775,CUST062789,2021-08-14,13:46,Current,ATM_Withdrawal,2000.0,Debit,78092.67,Healthcare,Maharashtra,714,1,Personal,8650.29,Reversed,POS_Terminal,Pending,0,13,-1,-0.036444717469857335
TXN000287864,CUST071310,2021-08-15,00:42,Salary,RTGS,1185873.84,Credit,60722.78,Entertainment,Rajasthan,728,0,Unknown,0.0,Success,Web,Verified,0,0,-1,-0.06952845569190702
TXN000287877,CUST022507,2021-08-15,20:57,Current,ATM_Withdrawal,2000.0,Debit,107970.64,Retail,Tamil Nadu,345,0,Unknown,0.0,Success,ATM,Verified,0,20,-1,-0.006721282406867202
TXN000287909,CUST028263,2021-08-15,17:48,Savings,RTGS,939385.09,Debit,20954.13,Utilities,Punjab,306,1,Personal,6376.72,Success,POS_Terminal,Pending,0,17,-1,-0.0012714109068702184
TXN000287933,CUST033394,2021-08-15,21:07,Salary,Cheque,1061482.91,Credit,7926.27,Real Estate,West Bengal,891,0,Unknown,0.0,Success,Branch,Verified,0,21,-1,-0.045558316436594914
TXN000288039,CUST019215,2021-08-15,06:28,Savings,Cheque,563753.29,Debit,100334.85,Peer Transfer,Karnataka,649,1,Business,7067.33,Failed,Mobile_App,Pending,0,6,-1,-0.006486196760479346
TXN000288075,CUST021991,2021-08-15,06:04,Savings,ATM_Withdrawal,2000.0,Debit,204057.26,E-Commerce,Telangana,505,0,Unknown,0.0,Success,POS_Terminal,Verified,0,6,-1,-0.012926493549199836
TXN000288244,CUST049251,2021-08-16,22:00,Savings,RTGS,460134.44,Credit,28800.04,Travel,Punjab,370,1,Business,911.75,Success,ATM,Verified,0,22,-1,-0.008845860161780905
TXN000288343,CUST012721,2021-08-16,08:00,Savings,POS,1184.57,Debit,19017.55,Food & Dining,Tamil Nadu,817,1,Personal,28361.76,Success,Mobile_App,Verified,0,8,-1,-0.002078841391313313
TXN000288367,CUST004227,2021-08-16,14:59,NRI,POS,2586.2,Debit,40930.79,Peer Transfer,Karnataka,741,1,Personal,24791.72,Success,Mobile_App,Verified,0,14,-1,-0.00471948406112388
TXN000288507,CUST047579,2021-08-17,22:37,Salary,RTGS,42758.34,Credit,51590.43,Retail,UP,501,0,Unknown,0.0,Success,Mobile_App,Verified,0,22,-1,-0.03474605201465364
TXN000289096,CUST004736,2021-08-19,06:05,Current,Net_Banking,9878.21,Credit,8009.3,Education,Maharashtra,645,1,Education,8478.34,Success,Mobile_App,Verified,0,6,-1,-0.016156976462287975
TXN000289238,CUST002407,2021-08-19,12:41,Savings,RTGS,1215535.34,Credit,161823.05,Travel,Gujarat,756,0,Unknown,0.0,Success,Branch,Verified,0,12,-1,-0.022101456075486525
TXN000289503,CUST032653,2021-08-20,07:07,Savings,RTGS,758206.39,Debit,191082.94,Travel,Tamil Nadu,778,1,Home,17696.75,Success,Web,Verified,0,7,-1,-0.004856810651928112
TXN000289607,CUST012863,2021-08-21,00:07,Savings,RTGS,317865.95,Credit,24243.71,Healthcare,Delhi,829,0,Unknown,0.0,Success,API,Verified,0,0,-1,-0.015066928302768012
TXN000289631,CUST005470,2021-08-21,17:53,Savings,UPI,16449.95,Credit,23716.26,Government,West Bengal,445,1,Unknown,17267.01,Success,Branch,Verified,0,17,-1,-0.009636210242851884
TXN000289690,CUST068290,2021-08-21,23:15,Fixed Deposit,ATM_Withdrawal,5000.0,Debit,59956.82,Travel,Maharashtra,483,1,Personal,5070.86,Success,Mobile_App,Verified,0,23,-1,-0.0018941540398180745
TXN000289719,CUST077517,2021-08-21,20:56,Salary,POS,2090.96,Debit,22545.08,Food & Dining,Tamil Nadu,649,1,Education,3488.24,Success,Branch,Verified,0,20,-1,-0.024484731835760276
TXN000289725,CUST037830,2021-08-21,07:09,Current,RTGS,877931.82,Credit,12035.95,Retail,Maharashtra,430,0,Unknown,0.0,Success,ATM,Verified,0,7,-1,-0.018491823911688687
TXN000289791,CUST069635,2021-08-21,14:35,NRI,ATM_Withdrawal,1000.0,Debit,81230.01,Food & Dining,West Bengal,326,0,Unknown,0.0,Success,ATM,Pending,0,14,-1,-0.020935368294830448
TXN000289810,CUST073450,2021-08-21,01:29,Savings,RTGS,182243.14,Debit,6716.97,Travel,UP,759,1,Personal,1014.78,Success,ATM,Verified,0,1,-1,-0.0008496385300066356
TXN000290032,CUST004855,2021-08-22,06:29,Savings,RTGS,966394.95,Credit,31745.1,Salary,Delhi,597,0,Unknown,0.0,Success,POS_Terminal,Pending,0,6,-1,-0.013898924987120753
TXN000290090,CUST015662,2021-08-22,23:45,Current,POS,1155.1,Debit,25839.97,Retail,Karnataka,505,0,Unknown,0.0,Success,Mobile_App,Verified,0,23,-1,-0.002037195969138539
TXN000290196,CUST026585,2021-08-22,12:35,Savings,RTGS,1560290.0,Credit,81517.33,Retail,Karnataka,681,1,Personal,2739.7,Failed,POS_Terminal,Verified,0,12,-1,-0.0615508150564944
TXN000290265,CUST008393,2021-08-23,19:46,Savings,RTGS,788159.47,Debit,3679.55,Entertainment,Gujarat,358,0,Unknown,0.0,Success,Branch,Verified,0,19,-1,-0.052688729544794755
TXN000290602,CUST067583,2021-08-24,15:26,Fixed Deposit,RTGS,768269.98,Credit,422767.83,Food & Dining,Karnataka,468,1,Unknown,3255.64,Success,Branch,Verified,0,15,-1,-0.026214934032678494
TXN000290605,CUST005743,2021-08-24,01:34,Salary,RTGS,1369812.55,Credit,39262.77,Insurance,Maharashtra,871,1,Auto,6292.86,Success,POS_Terminal,Expired,0,1,-1,-0.029345573987512363
TXN000290769,CUST059129,2021-08-24,03:25,Fixed Deposit,IMPS,2549.86,Debit,6441.92,Retail,Maharashtra,699,1,Personal,12544.06,Success,Web,Verified,0,3,-1,-0.0017868876727430427
TXN000290783,CUST015871,2021-08-24,17:55,Savings,UPI,938.74,Debit,190698.74,Utilities,Maharashtra,649,1,Personal,19203.84,Success,Mobile_App,Verified,0,17,-1,-0.005076810244405094
TXN000290828,CUST076613,2021-08-25,14:34,Current,UPI,523.48,Credit,7880.36,Utilities,Gujarat,505,0,Unknown,0.0,Success,POS_Terminal,Verified,0,14,-1,-0.027657676321795166
TXN000290888,CUST059815,2021-08-25,20:02,Salary,NEFT,14059.2,Debit,39388.61,Retail,Telangana,305,1,Education,48619.52,Success,Branch,Verified,0,20,-1,-0.005206877287711742
TXN000290938,CUST058758,2021-08-25,11:00,Salary,NEFT,40639.25,Debit,39213.65,Fuel,Rajasthan,864,0,Unknown,0.0,Success,POS_Terminal,Pending,0,11,-1,-0.00886778144709044
TXN000291265,CUST069031,2021-08-26,16:35,Fixed Deposit,Cheque,2907.2,Debit,77059.78,Real Estate,Maharashtra,825,1,Personal,58003.82,Success,ATM,Pending,0,16,-1,-0.021539572517542904
TXN000291319,CUST076923,2021-08-26,14:50,Salary,RTGS,910450.39,Debit,63810.26,Healthcare,West Bengal,694,0,Unknown,0.0,Success,Mobile_App,Pending,0,14,-1,-0.03382990820913456
TXN000291364,CUST014988,2021-08-26,16:09,Fixed Deposit,ATM_Withdrawal,3000.0,Debit,22348.11,Food & Dining,West Bengal,640,1,Auto,7476.06,Success,Branch,Verified,0,16,-1,-0.03422467752420999
TXN000291529,CUST045507,2021-08-27,03:13,NRI,RTGS,604966.62,Credit,58254.48,Retail,West Bengal,519,0,Unknown,0.0,Success,Web,Verified,0,3,-1,-0.0005939989602384843
TXN000291541,CUST047463,2021-08-27,21:53,Savings,Net_Banking,1212.32,Debit,23247.08,Healthcare,West Bengal,729,1,Business,46563.03,Success,Mobile_App,Verified,0,21,-1,-0.04907570717985654
TXN000291683,CUST014825,2021-08-27,14:28,Current,RTGS,114850.48,Debit,65842.22,Food & Dining,Delhi,401,0,Unknown,0.0,Success,ATM,Verified,0,14,-1,-0.008481561947307092
TXN000291733,CUST037325,2021-08-27,16:01,Savings,RTGS,1099063.66,Debit,556948.79,Travel,West Bengal,446,1,Personal,15027.75,Success,API,Verified,0,16,-1,-0.015428466507502292
TXN000291895,CUST068387,2021-08-28,10:39,Savings,NEFT,15132.67,Credit,60005.45,E-Commerce,Delhi,505,0,Unknown,0.0,Success,POS_Terminal,Verified,0,10,-1,-0.010015050519487256
TXN000292126,CUST022181,2021-08-29,22:40,NRI,Credit_Card,3907.34,Debit,53740.46,Peer Transfer,Tamil Nadu,792,0,Unknown,0.0,Success,Web,Pending,0,22,-1,-0.03679234304604706
TXN000292166,CUST013214,2021-08-29,00:06,Current,RTGS,58463.13,Debit,42197.56,Travel,Rajasthan,676,0,Unknown,0.0,Success,ATM,Verified,0,0,-1,-0.02913719494365108
TXN000292264,CUST032815,2021-08-29,18:50,Savings,NEFT,22943.15,Credit,4000.38,Food & Dining,Tamil Nadu,864,0,Unknown,0.0,Success,Mobile_App,Verified,0,18,-1,-0.01292500778529182
TXN000292370,CUST064674,2021-08-30,15:48,Savings,Auto_Debit,2033.93,Debit,1326.18,Travel,Telangana,882,1,Home,26028.9,Failed,API,Verified,0,15,-1,-0.023592151589547194
TXN000292405,CUST077553,2021-08-30,12:03,Savings,RTGS,5875635.26,Credit,323598.07,Peer Transfer,Gujarat,404,1,Auto,4820.74,Success,API,Verified,0,12,-1,-0.07768342078162427
TXN000292415,CUST050911,2021-08-30,15:19,NRI,ATM_Withdrawal,3000.0,Debit,223185.1,Fuel,Delhi,714,1,Home,10117.43,Success,Web,Verified,0,15,-1,-0.005658436570360248
TXN000292480,CUST028182,2021-08-30,18:40,Current,NEFT,5904.17,Debit,10695.16,Investment,Delhi,505,0,Unknown,0.0,Success,API,Verified,0,18,-1,-0.024094933601561896
TXN000292516,CUST011561,2021-08-30,03:37,Salary,RTGS,643517.76,Debit,87848.25,Utilities,Karnataka,483,1,Education,6948.96,Success,Mobile_App,Verified,0,3,-1,-0.025011312558044452
TXN000292621,CUST036679,2021-08-30,07:34,Current,UPI,620.51,Credit,188328.99,Government,Tamil Nadu,792,0,Unknown,0.0,Success,ATM,Verified,0,7,-1,-0.005615874176600699
TXN000292670,CUST004732,2021-08-31,06:33,Salary,RTGS,172075.19,Credit,13523.99,Healthcare,West Bengal,792,1,Personal,3546.65,Success,Mobile_App,Verified,0,6,-1,-0.056724696777741945
TXN000292769,CUST050395,2021-08-31,19:36,Savings,RTGS,1558654.44,Credit,6666.91,Retail,Tamil Nadu,582,0,Unknown,0.0,Success,Mobile_App,Verified,1,19,-1,-0.03571609982445578
TXN000292796,CUST058587,2021-08-31,15:40,Current,RTGS,695435.44,Credit,4679.21,Real Estate,Telangana,870,0,Unknown,0.0,Success,API,Verified,0,15,-1,-0.006972206441345996
TXN000292890,CUST057327,2021-08-31,06:59,NRI,Cheque,1531624.41,Debit,8774.63,E-Commerce,Maharashtra,415,1,Education,3983.45,Success,Web,Verified,0,6,-1,-0.028680103709252447
TXN000292992,CUST022132,2021-09-01,09:34,Salary,RTGS,1618295.49,Credit,20311.28,Retail,Karnataka,805,0,Unknown,0.0,Success,Mobile_App,Verified,0,9,-1,-0.03372121487754731
TXN000293208,CUST035139,2021-09-01,18:57,Current,RTGS,794372.69,Credit,4676.45,Travel,Telangana,507,0,Unknown,0.0,Success,Mobile_App,Expired,0,18,-1,-0.012799163928678192
TXN000293272,CUST052618,2021-09-02,20:46,Savings,Auto_Debit,3376.69,Debit,206514.13,Salary,Delhi,406,1,Auto,3612.45,Success,Web,Verified,0,20,-1,-0.01917506791399015
TXN000293306,CUST063489,2021-09-02,23:01,Savings,UPI,476.22,Credit,52813.56,Salary,Delhi,821,1,Auto,25983.18,Success,Branch,Verified,0,23,-1,-0.017277976448818455
TXN000293392,CUST019886,2021-09-02,00:17,Savings,RTGS,2114692.32,Credit,56341.5,Retail,Punjab,784,0,Unknown,0.0,Success,Mobile_App,Verified,0,0,-1,-0.03693459694412127
TXN000293421,CUST030236,2021-09-02,19:34,Current,IMPS,1225.97,Debit,276773.1,Real Estate,Delhi,503,1,Personal,30593.63,Pending,POS_Terminal,Pending,0,19,-1,-0.04695826158981409
TXN000293426,CUST024711,2021-09-02,14:59,Fixed Deposit,IMPS,1937.88,Debit,4667.29,Fuel,Tamil Nadu,470,0,Unknown,0.0,Success,POS_Terminal,Verified,0,14,-1,-0.00430634187755774
TXN000293491,CUST012342,2021-09-02,06:33,Current,Auto_Debit,1385.74,Debit,46293.27,Retail,Maharashtra,505,0,Unknown,0.0,Success,POS_Terminal,Verified,0,6,-1,-0.03458492374261524
TXN000293521,CUST038671,2021-09-02,22:38,Savings,RTGS,685668.88,Credit,32586.33,E-Commerce,Punjab,778,0,Unknown,0.0,Success,Branch,Verified,0,22,-1,-0.009825903678895131
TXN000293582,CUST059586,2021-09-03,12:23,Savings,UPI,481.41,Credit,111437.4,Retail,Gujarat,816,1,Education,52022.95,Success,ATM,Verified,0,12,-1,-0.035780620650530004
TXN000293612,CUST077896,2021-09-03,03:10,Salary,RTGS,1324894.7,Debit,2453.4,Entertainment,Tamil Nadu,629,0,Unknown,0.0,Success,POS_Terminal,Verified,0,3,-1,-0.07033315366384285
TXN000293654,CUST012251,2021-09-03,03:08,Current,RTGS,1326600.55,Credit,96269.34,Retail,Karnataka,409,0,Unknown,0.0,Success,ATM,Verified,1,3,-1,-0.008167561066268592
TXN000293681,CUST037507,2021-09-03,04:37,NRI,UPI,293.69,Credit,262842.88,Food & Dining,Karnataka,326,1,Personal,15101.61,Pending,Web,Verified,0,4,-1,-0.0004800977639420889
TXN000293690,CUST050090,2021-09-03,05:17,NRI,UPI,84.24,Credit,45720.83,Investment,Maharashtra,782,1,Personal,24326.28,Success,Mobile_App,Verified,0,5,-1,-0.03759913290808892
TXN000293691,CUST073729,2021-09-03,23:01,Current,Cheque,1595597.4,Credit,57063.31,Healthcare,Gujarat,489,0,Unknown,0.0,Success,Mobile_App,Verified,0,23,-1,-0.030694175669005785
TXN000293947,CUST051826,2021-09-04,14:08,Current,RTGS,1372830.15,Debit,271687.74,Investment,Punjab,410,0,Unknown,0.0,Success,Mobile_App,Verified,0,14,-1,-0.0458964009104148
TXN000294067,CUST076069,2021-09-04,01:43,Current,RTGS,1136185.89,Credit,13420.03,E-Commerce,Maharashtra,704,1,Gold,1512.65,Success,API,Pending,0,1,-1,-0.03801736522041277
TXN000294071,CUST063294,2021-09-04,11:56,Salary,RTGS,1061134.15,Credit,11205.17,Utilities,Delhi,862,1,Personal,783.82,Success,Branch,Pending,0,11,-1,-0.019914751185142743
TXN000294072,CUST069292,2021-09-04,23:26,Fixed Deposit,RTGS,1722512.28,Credit,27876.31,E-Commerce,Delhi,552,0,Unknown,0.0,Success,Web,Expired,0,23,-1,-0.01734254418689174
TXN000294142,CUST045275,2021-09-05,19:37,NRI,RTGS,1849265.02,Debit,30124.59,Peer Transfer,Telangana,497,0,Unknown,0.0,Success,POS_Terminal,Verified,0,19,-1,-0.04042535059317287
TXN000294379,CUST001838,2021-09-05,23:24,Fixed Deposit,RTGS,1616202.53,Debit,11313.52,Entertainment,Karnataka,395,1,Personal,2710.13,Success,POS_Terminal,Verified,0,23,-1,-0.04206238895790837
TXN000294431,CUST067056,2021-09-06,01:32,Current,RTGS,483043.52,Debit,327999.32,Education,UP,708,0,Unknown,0.0,Success,POS_Terminal,Pending,0,1,-1,-0.025299746334649487
TXN000294460,CUST008485,2021-09-06,01:45,Savings,RTGS,1026394.14,Debit,15950.89,Fuel,Karnataka,381,0,Unknown,0.0,Success,Web,Pending,0,1,-1,-0.001931002243925506
TXN000294664,CUST035786,2021-09-06,02:04,Fixed Deposit,ATM_Withdrawal,2000.0,Debit,35951.31,Retail,Maharashtra,735,1,Personal,68494.54,Success,POS_Terminal,Verified,0,2,-1,-0.05297789715717116
TXN000294702,CUST013723,2021-09-07,19:12,Fixed Deposit,POS,549.15,Debit,20268.06,Retail,Maharashtra,526,1,Auto,74392.63,Success,Web,Pending,0,19,-1,-0.017346706491369157
TXN000294773,CUST026289,2021-09-07,07:04,Savings,RTGS,799873.91,Credit,19025.51,Retail,Maharashtra,808,0,Unknown,0.0,Success,Web,Verified,0,7,-1,-0.029685450648648026
TXN000295233,CUST035740,2021-09-08,18:52,Salary,IMPS,3315.21,Debit,89094.34,Travel,Karnataka,624,1,Education,27297.48,Success,Mobile_App,Verified,0,18,-1,-0.014570170297909746
TXN000295234,CUST000952,2021-09-08,15:50,NRI,NEFT,21304.6,Debit,56277.03,Food & Dining,Delhi,488,1,Home,10550.86,Success,Web,Verified,0,15,-1,-0.00361193852760755
TXN000295269,CUST035136,2021-09-08,02:58,Savings,RTGS,1471461.17,Debit,156281.61,Utilities,Gujarat,310,0,Unknown,0.0,Success,Mobile_App,Verified,0,2,-1,-0.058684620848739044
TXN000295307,CUST079399,2021-09-09,09:43,Savings,RTGS,628251.18,Debit,28924.6,Retail,Telangana,389,0,Unknown,0.0,Success,Web,Verified,0,9,-1,-0.005156663290028951
TXN000295452,CUST036502,2021-09-09,02:04,Salary,UPI,363.94,Debit,271792.28,Food & Dining,UP,803,1,Auto,3806.94,Reversed,POS_Terminal,Verified,0,2,-1,-0.015005685661332646
TXN000295530,CUST008379,2021-09-09,13:13,Salary,Net_Banking,12206.84,Credit,53098.09,Peer Transfer,Gujarat,505,0,Unknown,0.0,Success,Mobile_App,Verified,0,13,-1,-0.004716371244017914
TXN000295560,CUST057924,2021-09-09,04:51,Current,RTGS,2441348.86,Debit,616336.42,Salary,West Bengal,780,0,Unknown,0.0,Success,Web,Verified,0,4,-1,-0.10636492513301965
TXN000295613,CUST037772,2021-09-10,03:44,Salary,RTGS,819811.82,Credit,1205458.28,Retail,Maharashtra,312,1,Personal,6474.09,Pending,ATM,Verified,0,3,-1,-0.048174459612871035
TXN000295700,CUST079507,2021-09-10,13:53,Current,RTGS,244186.98,Credit,71667.66,Retail,Telangana,542,0,Unknown,0.0,Success,Branch,Verified,0,13,-1,-0.006304077820434406
TXN000295722,CUST079022,2021-09-10,02:31,Savings,Cheque,2804787.16,Credit,23327.76,Peer Transfer,West Bengal,335,1,Gold,3841.14,Success,Web,Verified,0,2,-1,-0.06493890178348583
TXN000295764,CUST074306,2021-09-10,15:02,Current,RTGS,1042342.34,Debit,85889.49,Investment,Karnataka,778,0,Unknown,0.0,Success,ATM,Verified,0,15,-1,-0.009784473517491898
TXN000295882,CUST063036,2021-09-10,13:57,Salary,RTGS,20275.92,Debit,131313.4,Investment,Punjab,505,0,Unknown,0.0,Success,Mobile_App,Verified,0,13,-1,-0.01911072900479427
TXN000295983,CUST030870,2021-09-11,04:19,Savings,POS,731.91,Debit,10460.48,Investment,Tamil Nadu,654,1,Auto,31138.74,Pending,Mobile_App,Expired,0,4,-1,-0.012534187216765802
TXN000296203,CUST068984,2021-09-12,19:58,Current,RTGS,971491.21,Credit,20647.11,E-Commerce,Delhi,563,0,Unknown,0.0,Success,Mobile_App,Verified,0,19,-1,-0.013605522186831975
TXN000296241,CUST063759,2021-09-12,08:48,Savings,UPI,169.35,Debit,203273.75,Travel,Karnataka,803,0,Unknown,0.0,Success,Mobile_App,Verified,0,8,-1,-0.006488087409505128
TXN000296259,CUST032331,2021-09-12,17:49,Savings,UPI,838.58,Debit,128732.76,Utilities,Tamil Nadu,714,1,Business,17747.12,Success,Mobile_App,Pending,0,17,-1,-0.024520811439011192
TXN000296275,CUST050317,2021-09-12,16:55,Current,UPI,273.53,Debit,19124.0,Utilities,UP,592,1,Education,47970.36,Success,ATM,Verified,0,16,-1,-0.004146656718175268
TXN000296497,CUST031581,2021-09-12,22:00,Current,RTGS,2336541.21,Credit,197706.65,Peer Transfer,Tamil Nadu,516,1,Unknown,2601.18,Success,Web,Verified,0,22,-1,-0.06024078907830277
TXN000296529,CUST022288,2021-09-12,10:05,Savings,RTGS,438094.88,Debit,23189.48,Salary,West Bengal,640,0,Unknown,0.0,Success,POS_Terminal,Verified,0,10,-1,-0.04744758122519965
TXN000296574,CUST038728,2021-09-13,21:24,Savings,RTGS,26019.09,Credit,1114194.2,Healthcare,Telangana,749,1,Gold,17823.87,Success,Web,Verified,0,21,-1,-0.041952564819149996
TXN000296602,CUST030995,2021-09-13,20:45,Current,RTGS,1195902.15,Debit,52819.58,Salary,Maharashtra,361,1,Personal,3471.67,Success,ATM,Pending,0,20,-1,-0.038374693642369784
TXN000296838,CUST002019,2021-09-14,15:58,Current,RTGS,220494.73,Credit,32227.38,Insurance,Tamil Nadu,358,0,Unknown,0.0,Success,POS_Terminal,Verified,0,15,-1,-0.008260695913576033
TXN000296891,CUST008648,2021-09-14,22:23,Salary,RTGS,900407.36,Debit,34426.81,Food & Dining,Gujarat,337,0,Unknown,0.0,Success,Web,Verified,1,22,-1,-0.026060273221064856
TXN000296971,CUST078501,2021-09-14,04:55,Savings,RTGS,1964696.37,Debit,53476.99,Retail,Tamil Nadu,423,0,Unknown,0.0,Success,Branch,Verified,0,4,-1,-0.11699696124048786
TXN000297013,CUST070095,2021-09-14,20:54,Salary,NEFT,7541.43,Debit,251858.04,Insurance,Punjab,649,1,Auto,10247.4,Success,ATM,Verified,0,20,-1,-0.018821169441024965
TXN000297131,CUST037838,2021-09-14,07:44,Savings,RTGS,857481.24,Credit,47067.66,Government,Gujarat,463,0,Unknown,0.0,Success,Mobile_App,Verified,0,7,-1,-0.010066829120448872
TXN000297187,CUST046766,2021-09-15,05:48,Savings,RTGS,194225.18,Credit,95099.88,Education,Delhi,640,0,Unknown,0.0,Success,Web,Verified,0,5,-1,-0.038476960501711566
TXN000297192,CUST041495,2021-09-15,08:13,Salary,IMPS,400.17,Debit,15312.44,E-Commerce,Tamil Nadu,622,1,Business,22603.89,Success,Mobile_App,Verified,0,8,-1,-0.01432271187496692
TXN000297226,CUST004970,2021-09-15,16:08,Fixed Deposit,RTGS,747586.87,Debit,18831.81,Government,Karnataka,735,1,Auto,5245.32,Success,Mobile_App,Verified,0,16,-1,-0.008987545059491953
TXN000297318,CUST053492,2021-09-15,14:35,Savings,Auto_Debit,2158.26,Debit,11078.41,Utilities,Maharashtra,505,0,Unknown,0.0,Success,Mobile_App,Verified,0,14,-1,-0.03037745724887253
TXN000297504,CUST050101,2021-09-16,21:50,NRI,UPI,1647.96,Credit,30090.69,Utilities,West Bengal,782,1,Education,7760.76,Success,ATM,Verified,0,21,-1,-0.005299565969667519
TXN000297507,CUST019359,2021-09-16,22:54,Savings,RTGS,714110.69,Debit,95123.08,Salary,Karnataka,357,1,Personal,7018.52,Success,Mobile_App,Verified,0,22,-1,-0.04465326602614339
TXN000297555,CUST026645,2021-09-16,04:45,Savings,RTGS,841595.94,Debit,27484.15,Fuel,Tamil Nadu,517,0,Unknown,0.0,Success,Mobile_App,Verified,0,4,-1,-0.05419000600449486
TXN000297556,CUST070031,2021-09-16,15:14,Current,RTGS,1234315.43,Credit,31911.39,Retail,Tamil Nadu,732,0,Unknown,0.0,Success,POS_Terminal,Verified,0,15,-1,-0.019856790792372903
TXN000297605,CUST047413,2021-09-16,08:06,Salary,ATM_Withdrawal,1000.0,Debit,7884.07,Salary,UP,597,1,Home,29517.03,Success,Web,Verified,0,8,-1,-0.017296659710382634
TXN000297658,CUST074098,2021-09-16,22:47,Savings,RTGS,636225.84,Credit,36508.25,Healthcare,Delhi,657,0,Unknown,0.0,Success,POS_Terminal,Verified,0,22,-1,-0.029370044929869166
TXN000297661,CUST000505,2021-09-16,17:07,Salary,RTGS,492693.71,Credit,66923.27,Healthcare,UP,896,0,Unknown,0.0,Success,Mobile_App,Verified,0,17,-1,-0.034732991814284686
TXN000297689,CUST059534,2021-09-16,13:23,Current,UPI,920.32,Debit,608064.74,Food & Dining,Tamil Nadu,649,1,Business,9626.61,Success,Branch,Pending,0,13,-1,-0.011440577231732418
TXN000297813,CUST028551,2021-09-17,04:58,NRI,Cheque,2401014.35,Debit,19025.91,Peer Transfer,Maharashtra,816,0,Unknown,0.0,Success,Web,Verified,0,4,-1,-0.07439181783964166
TXN000297885,CUST064038,2021-09-17,08:17,Salary,RTGS,1082540.86,Debit,8699.4,Retail,Delhi,471,0,Unknown,0.0,Pending,Branch,Expired,0,8,-1,-0.03946175405588448
TXN000298302,CUST054895,2021-09-18,08:59,Savings,POS,680.48,Debit,43698.0,Education,Maharashtra,875,1,Personal,90327.87,Success,Web,Verified,0,8,-1,-0.019326986508738875
TXN000298379,CUST073949,2021-09-19,12:06,Current,RTGS,777248.31,Credit,49670.53,E-Commerce,West Bengal,460,0,Unknown,0.0,Success,Web,Verified,0,12,-1,-0.0032245190372227617
TXN000298739,CUST012594,2021-09-20,10:14,Salary,RTGS,182859.1,Credit,15137.62,Retail,Rajasthan,763,1,Home,4842.06,Success,Web,Verified,0,10,-1,-0.026717098100730974
TXN000298756,CUST031962,2021-09-20,06:46,Current,RTGS,1327284.39,Debit,59261.92,Salary,UP,556,1,Auto,9865.76,Success,Mobile_App,Verified,0,6,-1,-0.015604826408406769
TXN000298824,CUST022114,2021-09-20,15:55,Salary,Auto_Debit,1502.72,Debit,2783.6,Healthcare,Tamil Nadu,406,0,Unknown,0.0,Success,Web,Verified,0,15,-1,-0.032111841877077274
TXN000298981,CUST010763,2021-09-21,18:19,Savings,RTGS,1255025.95,Credit,89257.93,Investment,Delhi,890,0,Unknown,0.0,Success,POS_Terminal,Verified,0,18,-1,-0.025415686423987727
TXN000299023,CUST064554,2021-09-21,15:38,Savings,Net_Banking,2611.12,Credit,23934.72,Retail,Karnataka,750,1,Auto,14774.36,Success,Mobile_App,Verified,0,15,-1,-0.009011531720099386
TXN000299125,CUST049364,2021-09-21,22:45,Current,IMPS,3137.21,Debit,34103.41,Peer Transfer,Gujarat,441,1,Personal,36829.11,Success,ATM,Verified,0,22,-1,-0.03908478002699589
TXN000299177,CUST075578,2021-09-21,01:17,Current,ATM_Withdrawal,5000.0,Debit,45742.52,Food & Dining,Karnataka,337,1,Home,55478.79,Success,Mobile_App,Verified,0,1,-1,-0.015469849700141203
TXN000299230,CUST039489,2021-09-21,00:31,Savings,IMPS,981.86,Credit,13609.74,E-Commerce,Maharashtra,372,0,Unknown,0.0,Success,POS_Terminal,Verified,0,0,-1,-0.01871278169420665
TXN000299259,CUST068338,2021-09-21,13:35,Current,Cheque,699534.38,Credit,73491.2,Food & Dining,Telangana,357,0,Unknown,0.0,Success,POS_Terminal,Verified,0,13,-1,-0.022761973194571405
TXN000299285,CUST006879,2021-09-22,09:16,NRI,RTGS,385000.39,Debit,29452.24,Healthcare,West Bengal,585,0,Unknown,0.0,Success,Web,Verified,0,9,-1,-0.019375282609205846
TXN000299326,CUST079732,2021-09-22,23:41,Salary,RTGS,320326.83,Credit,22014.05,Travel,Maharashtra,358,1,Unknown,10249.19,Success,Branch,Verified,0,23,-1,-0.005508500919540804
TXN000299396,CUST053693,2021-09-22,19:00,Salary,UPI,851.39,Credit,52306.63,Retail,UP,572,1,Auto,54247.01,Success,Branch,Verified,0,19,-1,-0.08244736448108814
TXN000299416,CUST063542,2021-09-22,22:23,Savings,POS,105.91,Debit,2312.03,Travel,West Bengal,782,0,Unknown,0.0,Success,Mobile_App,Verified,0,22,-1,-0.0018946482564730083
TXN000299451,CUST035641,2021-09-22,04:49,Current,RTGS,1346754.39,Credit,57524.85,Peer Transfer,Delhi,341,0,Unknown,0.0,Success,ATM,Verified,0,4,-1,-0.06649736266772088
TXN000299503,CUST007025,2021-09-22,08:35,Current,ATM_Withdrawal,2000.0,Debit,7845.1,Retail,Karnataka,714,0,Unknown,0.0,Success,Web,Verified,0,8,-1,-0.019063085758176834
TXN000299505,CUST004095,2021-09-22,07:14,Salary,RTGS,1430461.12,Credit,8432.42,Food & Dining,West Bengal,629,0,Unknown,0.0,Success,Branch,Verified,0,7,-1,-0.0854305628590839
TXN000299581,CUST047274,2021-09-23,03:44,Current,RTGS,1294079.53,Credit,164804.09,Insurance,Rajasthan,311,0,Unknown,0.0,Success,ATM,Verified,0,3,-1,-0.020803908006697402
TXN000299620,CUST023488,2021-09-23,02:22,Salary,Cheque,1410876.57,Debit,66383.88,Salary,Delhi,866,1,Education,5155.08,Success,Mobile_App,Verified,0,2,-1,-0.05464270582639674
TXN000299643,CUST065909,2021-09-23,15:25,Fixed Deposit,UPI,332.82,Debit,415776.91,Healthcare,Maharashtra,714,1,Home,4430.29,Success,Mobile_App,Verified,0,15,-1,-0.00641098061837897
TXN000299677,CUST043314,2021-09-23,20:16,Salary,RTGS,851668.34,Credit,8133.97,Food & Dining,Delhi,711,0,Unknown,0.0,Success,Branch,Verified,0,20,-1,-0.01681329331450354
TXN000300219,CUST006715,2021-09-25,11:01,NRI,ATM_Withdrawal,500.0,Debit,10117.18,Government,Delhi,814,1,Personal,11091.61,Success,Mobile_App,Verified,0,11,-1,-0.006439727091969716
TXN000300298,CUST051238,2021-09-25,15:53,Savings,Auto_Debit,674.47,Debit,12128.79,Food & Dining,Gujarat,739,1,Business,19506.9,Success,Mobile_App,Verified,0,15,-1,-0.03489934463116706
TXN000300324,CUST072457,2021-09-25,22:26,Current,NEFT,8698.46,Credit,82407.47,Investment,UP,792,1,Gold,7516.04,Success,Web,Verified,0,22,-1,-0.0103585484202533
TXN000300427,CUST025030,2021-09-25,01:41,Savings,RTGS,175498.98,Credit,38132.7,Retail,Maharashtra,333,0,Unknown,0.0,Success,Mobile_App,Verified,0,1,-1,-0.0054279089031670225
TXN000300496,CUST064143,2021-09-26,03:57,Current,RTGS,177735.69,Credit,19860.32,Healthcare,Karnataka,748,1,Auto,64312.34,Success,Mobile_App,Verified,0,3,-1,-0.00937018174662907
TXN000300671,CUST006519,2021-09-26,16:48,Current,RTGS,1425289.41,Credit,22993.01,Retail,Maharashtra,383,0,Unknown,0.0,Success,Mobile_App,Verified,0,16,-1,-0.02616168269339436
TXN000300763,CUST036798,2021-09-27,14:22,Current,Net_Banking,22156.81,Credit,282189.91,E-Commerce,West Bengal,483,1,Personal,52970.47,Success,ATM,Verified,0,14,-1,-0.07816644520310634
TXN000300818,CUST033293,2021-09-27,23:10,NRI,RTGS,659537.7,Credit,9269.76,Real Estate,Maharashtra,896,1,Home,1166.38,Success,ATM,Verified,0,23,-1,-0.02984619655385945
TXN000300904,CUST079948,2021-09-27,21:38,Savings,NEFT,15870.64,Credit,3535.22,Retail,Delhi,625,1,Personal,23442.19,Success,Mobile_App,Verified,0,21,-1,-0.012489099688209881
TXN000301108,CUST047771,2021-09-28,20:48,Savings,RTGS,154138.73,Credit,213140.53,Insurance,Delhi,518,1,Auto,5243.76,Success,Branch,Verified,0,20,-1,-0.008661200504466282
TXN000301260,CUST071038,2021-09-28,19:36,Savings,RTGS,1029465.05,Debit,7591.86,Education,Karnataka,469,0,Unknown,0.0,Success,POS_Terminal,Verified,0,19,-1,-0.0067802971585072536
TXN000301665,CUST074572,2021-09-29,17:29,Salary,NEFT,1888.49,Credit,16357.84,Insurance,Karnataka,401,0,Unknown,0.0,Success,POS_Terminal,Verified,0,17,-1,-0.005206741824575811
TXN000301693,CUST014026,2021-09-30,16:34,NRI,UPI,198.48,Credit,4777.74,Education,Rajasthan,640,0,Unknown,0.0,Success,Branch,Verified,0,16,-1,-0.0036522502413394164
TXN000301930,CUST009119,2021-09-30,14:34,Savings,UPI,3335.16,Debit,4414752.03,Insurance,Karnataka,853,0,Unknown,0.0,Success,Branch,Verified,0,14,-1,-0.06465042540117161
TXN000301990,CUST013629,2021-10-01,07:25,Savings,UPI,479.17,Credit,1474.71,Government,Karnataka,592,1,Personal,55327.07,Success,Branch,Verified,0,7,-1,-0.05038728143445048
TXN000302086,CUST063155,2021-10-01,02:30,Savings,UPI,1749.57,Credit,5503.4,Insurance,West Bengal,649,1,Gold,3458.27,Reversed,Mobile_App,Verified,0,2,-1,-0.017695805603159753
TXN000302140,CUST072909,2021-10-01,18:45,Current,ATM_Withdrawal,500.0,Debit,31337.4,Food & Dining,Delhi,548,0,Unknown,0.0,Failed,Web,Pending,0,18,-1,-0.02116388305552297
TXN000302363,CUST078447,2021-10-02,10:21,NRI,Cheque,2086920.33,Credit,12789.66,Entertainment,Telangana,491,0,Unknown,0.0,Pending,Mobile_App,Pending,0,10,-1,-0.04410048018468882
TXN000302385,CUST018916,2021-10-02,18:51,Savings,NEFT,92440.47,Credit,4490.57,Insurance,UP,864,0,Unknown,0.0,Success,Web,Verified,0,18,-1,-0.032437177158857966
TXN000302504,CUST032850,2021-10-02,16:50,Savings,Cheque,1228442.99,Credit,85081.97,Peer Transfer,Karnataka,827,0,Unknown,0.0,Success,Mobile_App,Verified,1,16,-1,-0.03856532622425346
TXN000302526,CUST043903,2021-10-02,22:12,Savings,RTGS,352962.44,Credit,89881.49,Utilities,Punjab,708,0,Unknown,0.0,Success,API,Verified,0,22,-1,-0.011185983732556526
TXN000302673,CUST073082,2021-10-03,09:41,Current,RTGS,1184340.13,Credit,15202.08,Food & Dining,Karnataka,355,1,Business,7202.56,Success,Mobile_App,Verified,0,9,-1,-0.04584706412127737
TXN000303028,CUST020048,2021-10-04,08:46,Salary,RTGS,1077215.71,Credit,176142.26,Travel,Karnataka,309,0,Unknown,0.0,Success,Web,Verified,0,8,-1,-0.018586348940366926
TXN000303219,CUST022984,2021-10-05,21:31,Current,ATM_Withdrawal,2000.0,Debit,25268.76,Investment,Punjab,505,0,Unknown,0.0,Pending,Mobile_App,Verified,0,21,-1,-0.007373943629331747
TXN000303350,CUST058087,2021-10-05,05:24,NRI,IMPS,2709.55,Credit,3466.83,Retail,Delhi,505,0,Unknown,0.0,Success,ATM,Verified,0,5,-1,-0.044312036757854
TXN000303373,CUST045847,2021-10-05,06:29,Savings,NEFT,146622.75,Credit,7987.77,Government,Gujarat,864,0,Unknown,0.0,Success,ATM,Pending,0,6,-1,-0.044644289694645845
TXN000303385,CUST011183,2021-10-05,19:52,Salary,RTGS,1314511.15,Credit,1112.86,Travel,Telangana,388,1,Personal,7647.77,Success,Mobile_App,Verified,0,19,-1,-0.04021772651186417
TXN000303389,CUST032683,2021-10-05,06:03,Current,RTGS,461026.52,Debit,15111.34,Food & Dining,Karnataka,357,0,Unknown,0.0,Success,Branch,Verified,0,6,-1,-0.02102378254115589
TXN000303490,CUST023258,2021-10-05,15:50,Fixed Deposit,POS,1335.34,Debit,57654.93,Food & Dining,Telangana,640,0,Unknown,0.0,Success,ATM,Verified,0,15,-1,-0.007036362278447839
TXN000303515,CUST043307,2021-10-06,20:52,Current,NEFT,78467.65,Debit,23508.57,Peer Transfer,Tamil Nadu,705,1,Personal,61371.78,Success,Mobile_App,Verified,0,20,-1,-0.008436104683940848
TXN000303550,CUST004986,2021-10-06,00:57,Savings,NEFT,4875.3,Credit,12048.4,Government,Gujarat,501,0,Unknown,0.0,Success,Branch,Verified,0,0,-1,-0.020238762436491475
TXN000303586,CUST028766,2021-10-06,18:38,Current,Auto_Debit,1988.62,Debit,20230.22,E-Commerce,Tamil Nadu,887,1,Unknown,35338.94,Success,Web,Verified,0,18,-1,-0.004350764030849441
TXN000303684,CUST063879,2021-10-06,06:08,Savings,RTGS,2624106.77,Credit,22495.94,Peer Transfer,West Bengal,603,0,Unknown,0.0,Success,Mobile_App,Verified,0,6,-1,-0.09831553370442725
TXN000303976,CUST051255,2021-10-07,11:51,Fixed Deposit,ATM_Withdrawal,3000.0,Debit,6549.68,Travel,Maharashtra,870,1,Business,68037.78,Success,Mobile_App,Verified,0,11,-1,-0.017182226116659094
TXN000303977,CUST053568,2021-10-07,10:50,Savings,RTGS,292297.1,Debit,63646.69,Entertainment,Rajasthan,676,0,Unknown,0.0,Success,Branch,Verified,0,10,-1,-0.029446233220655094
TXN000304241,CUST053641,2021-10-08,01:21,Current,RTGS,106589.67,Credit,47071.94,Utilities,Maharashtra,803,0,Unknown,0.0,Success,Mobile_App,Verified,0,1,-1,-0.012469914386887604
TXN000304453,CUST010952,2021-10-09,17:26,Current,NEFT,10303.55,Credit,23306.42,Retail,Maharashtra,864,0,Unknown,0.0,Success,ATM,Verified,0,17,-1,-0.01528121623708778
TXN000304543,CUST055720,2021-10-09,23:42,Fixed Deposit,UPI,628.97,Debit,27654.7,Investment,Tamil Nadu,640,0,Unknown,0.0,Success,Mobile_App,Verified,0,23,-1,-0.0002595559022596783
TXN000304563,CUST062177,2021-10-09,17:40,Salary,UPI,369.63,Credit,39166.35,Peer Transfer,Delhi,649,1,Business,36515.51,Success,Mobile_App,Verified,0,17,-1,-0.06581403491192805
TXN000304640,CUST005320,2021-10-09,08:46,Salary,UPI,1488.46,Debit,727778.24,Food & Dining,Delhi,314,1,Business,51193.8,Success,ATM,Verified,0,8,-1,-0.02465848777827706
TXN000304861,CUST048045,2021-10-10,14:34,Savings,NEFT,27998.7,Debit,90280.62,Utilities,Maharashtra,864,0,Unknown,0.0,Success,Mobile_App,Verified,0,14,-1,-0.0036896436411437694
TXN000304888,CUST030015,2021-10-10,18:57,Salary,ATM_Withdrawal,2000.0,Debit,4372823.68,Food & Dining,West Bengal,896,0,Unknown,0.0,Success,Mobile_App,Pending,0,18,-1,-0.000948734383536487
TXN000304919,CUST043547,2021-10-10,15:31,Fixed Deposit,ATM_Withdrawal,1000.0,Debit,38879.09,Food & Dining,Gujarat,616,1,Auto,21143.62,Success,POS_Terminal,Pending,0,15,-1,-0.02066507564206055
TXN000304924,CUST043167,2021-10-10,02:50,Salary,RTGS,6240564.07,Credit,131017.03,Fuel,Delhi,595,0,Unknown,0.0,Success,POS_Terminal,Pending,0,2,-1,-0.11455616573186489
TXN000305027,CUST002811,2021-10-10,13:51,Savings,RTGS,2497943.61,Credit,7639.25,Entertainment,Gujarat,680,0,Unknown,0.0,Success,Mobile_App,Expired,0,13,-1,-0.08745208562573847
TXN000305055,CUST015946,2021-10-11,22:27,Current,RTGS,256807.08,Credit,1358.83,E-Commerce,Karnataka,896,0,Unknown,0.0,Success,ATM,Verified,0,22,-1,-0.0028066569539717534
TXN000305062,CUST033961,2021-10-11,08:10,Current,UPI,173.81,Debit,8541.05,Education,Delhi,829,1,Education,57838.41,Success,Mobile_App,Verified,0,8,-1,-0.05532255021806909
TXN000305135,CUST035412,2021-10-11,00:17,Savings,RTGS,3019304.25,Debit,34307.6,E-Commerce,Karnataka,396,0,Unknown,0.0,Success,Branch,Verified,0,0,-1,-0.058685428791322436
TXN000305331,CUST037582,2021-10-11,13:54,Current,POS,512.15,Debit,111693.28,Food & Dining,Maharashtra,622,1,Home,10394.61,Success,ATM,Pending,0,13,-1,-0.0055629709133763194
TXN000305459,CUST023370,2021-10-12,05:27,Savings,Cheque,1157073.98,Debit,618933.0,Travel,Karnataka,474,0,Unknown,0.0,Success,Mobile_App,Pending,0,5,-1,-0.022729911626739097
TXN000305714,CUST008228,2021-10-13,15:29,Savings,Auto_Debit,1576.47,Debit,60071.37,Retail,West Bengal,739,0,Unknown,0.0,Pending,ATM,Verified,0,15,-1,-0.028049796628203394
TXN000305761,CUST002031,2021-10-13,07:30,Current,NEFT,2423.09,Credit,65096.25,Utilities,West Bengal,749,1,Unknown,47216.05,Success,ATM,Verified,0,7,-1,-0.05459274104130718
TXN000305787,CUST075631,2021-10-13,16:52,Savings,IMPS,1538.48,Debit,421986.62,Insurance,Tamil Nadu,752,1,Unknown,46905.58,Success,Branch,Verified,0,16,-1,-0.017136650858275093
TXN000305896,CUST009553,2021-10-13,04:53,Salary,POS,505.46,Debit,16523.01,Government,Maharashtra,372,1,Auto,68763.97,Success,Mobile_App,Verified,0,4,-1,-0.05036120340651107
TXN000305982,CUST071811,2021-10-14,16:24,Savings,Auto_Debit,2799.7,Debit,23987.49,Investment,UP,470,1,Home,21321.31,Success,ATM,Verified,0,16,-1,-0.03512051887412404
TXN000306012,CUST014242,2021-10-14,14:08,Fixed Deposit,IMPS,304542.38,Debit,13038.29,Education,Maharashtra,470,1,Personal,2408.85,Success,Web,Verified,0,14,-1,-0.016316031648550777
TXN000306021,CUST060601,2021-10-14,09:35,NRI,IMPS,1751.33,Credit,147789.32,Healthcare,Delhi,320,1,Education,36455.81,Success,POS_Terminal,Verified,0,9,-1,-0.017875116454239448
TXN000306074,CUST049587,2021-10-14,12:25,NRI,RTGS,2225604.86,Credit,38393.27,Salary,Delhi,399,1,Education,7393.12,Success,API,Pending,0,12,-1,-0.04435574490914207
TXN000306115,CUST034257,2021-10-14,12:00,Current,RTGS,2228743.88,Credit,167904.21,Entertainment,UP,723,1,Auto,29888.55,Success,Mobile_App,Verified,1,12,-1,-0.05662032537436634
TXN000306158,CUST059585,2021-10-14,12:49,NRI,Cheque,1627198.32,Debit,33746.04,E-Commerce,Maharashtra,471,1,Home,11987.39,Success,Mobile_App,Verified,0,12,-1,-0.031005741746954474
TXN000306323,CUST022617,2021-10-15,08:19,Savings,UPI,2160.26,Debit,188513.02,Food & Dining,Gujarat,325,0,Unknown,0.0,Reversed,ATM,Verified,0,8,-1,-0.00048370323471391696
TXN000306394,CUST030452,2021-10-15,12:33,Current,IMPS,11793.63,Debit,14898.69,Investment,Maharashtra,549,1,Home,34479.29,Success,Mobile_App,Verified,0,12,-1,-0.04070353687672135
TXN000306538,CUST056817,2021-10-15,02:23,Savings,POS,571.83,Debit,61255.64,Food & Dining,UP,649,0,Unknown,0.0,Success,Mobile_App,Verified,0,2,-1,-0.01439169632372761
TXN000306539,CUST068998,2021-10-15,12:53,Salary,NEFT,322548.11,Credit,6785.14,E-Commerce,Rajasthan,649,0,Unknown,0.0,Success,Mobile_App,Verified,0,12,-1,-0.005359143378630082
TXN000306621,CUST039716,2021-10-16,11:12,Current,RTGS,375892.93,Debit,3806.88,Food & Dining,Maharashtra,657,0,Unknown,0.0,Success,Mobile_App,Verified,0,11,-1,-0.010416581319894425
TXN000306649,CUST061642,2021-10-16,06:30,Savings,ATM_Withdrawal,1000.0,Debit,50152.58,Healthcare,Delhi,799,1,Personal,39613.54,Success,Mobile_App,Verified,0,6,-1,-0.06566376973294086
TXN000306709,CUST065077,2021-10-16,02:41,Salary,NEFT,1923323.16,Debit,10215.43,Investment,Tamil Nadu,309,0,Unknown,0.0,Success,Mobile_App,Verified,1,2,-1,-0.06403871567577801
TXN000306750,CUST020780,2021-10-16,10:28,Savings,UPI,1757.0,Debit,6682.07,Insurance,Tamil Nadu,389,1,Education,40906.69,Success,Branch,Verified,0,10,-1,-0.06428673887515246
TXN000306863,CUST064088,2021-10-16,09:57,Savings,Cheque,1478960.45,Credit,22770.77,Utilities,Telangana,694,0,Unknown,0.0,Success,API,Verified,0,9,-1,-0.08147738008463912
TXN000306968,CUST076117,2021-10-17,01:20,Salary,Cheque,511016.46,Credit,129513.77,Peer Transfer,Karnataka,807,0,Unknown,0.0,Failed,Branch,Verified,0,1,-1,-0.003302738139021044
TXN000307255,CUST075237,2021-10-18,14:11,Salary,Cheque,1146521.01,Credit,50428.61,Peer Transfer,Karnataka,825,0,Unknown,0.0,Success,Branch,Verified,0,14,-1,-9.904195887644462e-05
TXN000307345,CUST008313,2021-10-18,10:36,Savings,Net_Banking,496.28,Debit,158909.38,E-Commerce,Gujarat,335,1,Personal,112464.0,Success,Branch,Verified,0,10,-1,-0.05365673390688708
TXN000307418,CUST013203,2021-10-18,15:20,Savings,IMPS,20985.52,Credit,19466.43,Food & Dining,Punjab,429,1,Personal,20467.09,Success,API,Verified,0,15,-1,-0.020684382632422227
TXN000307556,CUST061968,2021-10-19,09:26,Savings,RTGS,2048330.35,Debit,221735.37,Utilities,UP,416,0,Unknown,0.0,Success,API,Verified,0,9,-1,-0.056828899192925
TXN000307590,CUST022393,2021-10-19,07:12,Salary,RTGS,723827.56,Credit,52518.73,Education,Delhi,445,0,Unknown,0.0,Success,POS_Terminal,Verified,0,7,-1,-0.024820726016599903
TXN000307662,CUST023924,2021-10-19,02:59,Fixed Deposit,RTGS,257717.85,Credit,157335.89,Retail,Tamil Nadu,415,1,Auto,7405.57,Success,POS_Terminal,Expired,0,2,-1,-0.0013062945534435544
TXN000307707,CUST055880,2021-10-19,16:34,Savings,RTGS,775462.2,Debit,46750.2,Food & Dining,Karnataka,793,0,Unknown,0.0,Success,POS_Terminal,Verified,0,16,-1,-0.020106443711859545
TXN000307801,CUST005703,2021-10-20,04:53,Salary,RTGS,1833123.83,Credit,55901.12,E-Commerce,Rajasthan,791,0,Unknown,0.0,Success,Mobile_App,Verified,0,4,-1,-0.058248723088604404
TXN000307855,CUST015264,2021-10-20,07:22,Savings,RTGS,988180.85,Credit,103343.97,Healthcare,Telangana,601,0,Unknown,0.0,Success,Web,Verified,0,7,-1,-0.010131923002683285
TXN000308039,CUST076671,2021-10-20,18:23,Current,RTGS,246780.87,Debit,36607.64,Fuel,Karnataka,729,0,Unknown,0.0,Success,POS_Terminal,Verified,0,18,-1,-0.0019091791217595855
TXN000308100,CUST048957,2021-10-21,21:03,Current,RTGS,2199951.49,Debit,72158.71,E-Commerce,Karnataka,414,1,Gold,9588.62,Success,ATM,Verified,0,21,-1,-0.06639823651751153
TXN000308138,CUST033997,2021-10-21,01:50,Savings,RTGS,808804.42,Credit,4547.07,Salary,Tamil Nadu,361,0,Unknown,0.0,Success,Web,Verified,0,1,-1,-0.02957887849784213
TXN000308195,CUST063261,2021-10-21,19:32,NRI,UPI,3281.11,Credit,20554.71,Real Estate,West Bengal,406,1,Auto,17007.14,Success,Mobile_App,Pending,0,19,-1,-0.029795855798286586
TXN000308593,CUST030284,2021-10-22,14:09,NRI,RTGS,1592099.9,Debit,46287.72,Food & Dining,Gujarat,495,0,Unknown,0.0,Success,Mobile_App,Verified,0,14,-1,-0.04816972672951114
TXN000308598,CUST021058,2021-10-22,11:38,Current,Auto_Debit,2673.19,Debit,66815.51,Utilities,UP,640,0,Unknown,0.0,Success,Mobile_App,Verified,0,11,-1,-0.005475334100615958
TXN000308655,CUST018800,2021-10-22,05:54,Savings,Cheque,1010234.71,Credit,11161.71,Retail,Delhi,406,0,Unknown,0.0,Success,Mobile_App,Verified,0,5,-1,-0.026240396406259858
TXN000308698,CUST000399,2021-10-23,01:10,Salary,RTGS,1203782.54,Credit,34235.7,Retail,Maharashtra,643,0,Unknown,0.0,Success,Mobile_App,Verified,0,1,-1,-0.06437018387663596
TXN000309083,CUST077536,2021-10-24,10:41,Savings,Net_Banking,4355.9,Credit,44468.33,Salary,Gujarat,763,0,Unknown,0.0,Failed,API,Verified,0,10,-1,-7.81908174849466e-05
TXN000309138,CUST043392,2021-10-24,15:19,Savings,ATM_Withdrawal,2000.0,Debit,36765.49,Salary,Telangana,488,1,Home,27227.4,Success,Mobile_App,Verified,0,15,-1,-0.059800032424988436
TXN000309458,CUST000076,2021-10-25,15:42,Current,POS,676.38,Debit,39783.63,Peer Transfer,Maharashtra,748,1,Home,30989.67,Success,POS_Terminal,Verified,0,15,-1,-0.024534499680837096
TXN000309515,CUST063482,2021-10-25,10:43,Fixed Deposit,RTGS,843690.2,Debit,95072.53,E-Commerce,Tamil Nadu,535,0,Unknown,0.0,Success,Branch,Verified,0,10,-1,-0.03511467941997748
TXN000309750,CUST077528,2021-10-26,20:10,Savings,POS,257.61,Debit,12972.09,Food & Dining,Tamil Nadu,868,1,Personal,41496.16,Success,Mobile_App,Pending,0,20,-1,-0.04187993485712804
TXN000309811,CUST057589,2021-10-26,21:52,Current,RTGS,1234004.75,Credit,37832.51,Fuel,Delhi,381,1,Auto,15669.76,Success,Mobile_App,Verified,0,21,-1,-0.019077805171015205
TXN000309848,CUST044959,2021-10-26,03:01,Savings,RTGS,797029.77,Credit,8580.83,Real Estate,West Bengal,782,1,Gold,18679.86,Success,Web,Pending,1,3,-1,-0.060211164678810936
TXN000309853,CUST008853,2021-10-26,16:42,Savings,ATM_Withdrawal,2000.0,Debit,174188.55,Fuel,Gujarat,594,1,Home,58481.02,Success,POS_Terminal,Verified,0,16,-1,-0.010300897954085064
TXN000309998,CUST045068,2021-10-27,12:46,Savings,RTGS,92033.39,Credit,26482.58,Food & Dining,Tamil Nadu,759,0,Unknown,0.0,Success,Web,Verified,0,12,-1,-0.0008389405367251745
TXN000310007,CUST070324,2021-10-27,10:04,Salary,Net_Banking,12206.87,Debit,3705.99,Education,Maharashtra,332,1,Education,30035.94,Success,Mobile_App,Verified,0,10,-1,-0.012381431238702945
TXN000310025,CUST064811,2021-10-27,11:52,Fixed Deposit,UPI,141.63,Credit,20596.37,Retail,Karnataka,553,1,Home,24936.97,Success,Mobile_App,Verified,0,11,-1,-0.007835094811624255
TXN000310254,CUST046162,2021-10-28,05:06,Current,Cheque,2543913.31,Credit,44847.65,Real Estate,Karnataka,314,1,Education,4117.53,Success,Mobile_App,Verified,0,5,-1,-0.10639438917719035
TXN000310265,CUST009461,2021-10-28,22:27,Salary,NEFT,824484.76,Debit,17805.37,E-Commerce,Delhi,807,0,Unknown,0.0,Success,Web,Verified,0,22,-1,-0.003793523324328807
TXN000310341,CUST005774,2021-10-28,22:22,Savings,POS,132.31,Debit,115232.83,Food & Dining,West Bengal,445,1,Education,26336.34,Success,Web,Verified,0,22,-1,-0.00414158038986101
TXN000310352,CUST024005,2021-10-28,02:30,Current,RTGS,889692.92,Credit,15374.51,Investment,Delhi,538,0,Unknown,0.0,Success,ATM,Verified,0,2,-1,-0.04843581942319031
TXN000310424,CUST008155,2021-10-28,07:05,Salary,Cheque,155686.56,Credit,102242.23,E-Commerce,Delhi,763,0,Unknown,0.0,Success,Mobile_App,Verified,0,7,-1,-0.03990345208237012
TXN000310483,CUST035361,2021-10-28,01:09,Savings,RTGS,1069277.05,Credit,50733.84,Retail,Tamil Nadu,472,0,Unknown,0.0,Success,Mobile_App,Verified,0,1,-1,-0.01553735097301101
TXN000310536,CUST022646,2021-10-28,11:01,NRI,IMPS,1261.74,Debit,33669.78,Insurance,Rajasthan,714,1,Business,21499.8,Success,Mobile_App,Verified,0,11,-1,-0.0019984868653587506
TXN000310692,CUST008372,2021-10-29,14:35,Savings,RTGS,1537563.9,Debit,43632.43,Peer Transfer,Maharashtra,829,1,Unknown,1478.93,Success,Mobile_App,Verified,0,14,-1,-0.05108415837150815
TXN000310706,CUST015885,2021-10-29,16:23,Savings,UPI,592.9,Credit,114689.96,Education,Tamil Nadu,372,0,Unknown,0.0,Success,Mobile_App,Verified,0,16,-1,-0.00309920555533838
TXN000310925,CUST032936,2021-10-30,01:59,Savings,RTGS,1027014.74,Credit,41497.58,Retail,Rajasthan,868,0,Unknown,0.0,Success,Web,Verified,0,1,-1,-0.030762181749317552
TXN000311273,CUST049169,2021-10-31,01:20,Savings,Auto_Debit,1241.6,Debit,69952.31,Salary,Tamil Nadu,679,1,Home,94637.35,Reversed,Mobile_App,Verified,0,1,-1,-0.012452939604651658
TXN000311276,CUST010800,2021-10-31,08:32,Salary,RTGS,2488096.77,Debit,42643.42,E-Commerce,West Bengal,472,0,Unknown,0.0,Success,Mobile_App,Verified,0,8,-1,-0.11224600329405521
TXN000311317,CUST048942,2021-10-31,03:36,Current,RTGS,548359.86,Debit,970375.41,Utilities,Karnataka,676,0,Unknown,0.0,Success,Web,Verified,0,3,-1,-0.04793141175576454
TXN000311397,CUST025599,2021-10-31,08:23,Salary,Cheque,1749964.31,Debit,1614.99,Retail,UP,564,0,Unknown,0.0,Success,Web,Pending,0,8,-1,-0.06284497706644798
TXN000311860,CUST013902,2021-11-02,04:01,NRI,Cheque,2004415.72,Debit,39611.31,Utilities,Karnataka,599,0,Unknown,0.0,Success,ATM,Verified,0,4,-1,-0.11344949207063504
TXN000311910,CUST039441,2021-11-02,02:33,Current,RTGS,185445.26,Credit,47819.63,Government,Tamil Nadu,505,0,Unknown,0.0,Reversed,Mobile_App,Verified,0,2,-1,-0.013846766308521996
TXN000311985,CUST058397,2021-11-02,08:20,Fixed Deposit,RTGS,2814940.17,Debit,126578.93,Investment,Delhi,356,1,Home,4896.7,Success,Mobile_App,Verified,0,8,-1,-0.10046739761623491
TXN000312139,CUST040725,2021-11-03,23:43,Current,RTGS,1331962.82,Debit,6780.73,Healthcare,Maharashtra,432,1,Personal,3100.48,Success,Web,Verified,0,23,-1,-0.0521448464654366
TXN000312253,CUST028467,2021-11-03,23:22,Savings,RTGS,1207346.42,Credit,98524.63,Peer Transfer,UP,526,0,Unknown,0.0,Success,Mobile_App,Verified,0,23,-1,-0.017720184075117773
TXN000312461,CUST020884,2021-11-04,03:01,NRI,RTGS,1225963.41,Credit,63116.14,Food & Dining,UP,485,1,Gold,1077.23,Success,Mobile_App,Verified,0,3,-1,-0.030307854503180187
TXN000312563,CUST030153,2021-11-04,13:42,Savings,IMPS,1005.71,Debit,16063.67,Salary,Maharashtra,505,0,Unknown,0.0,Success,Web,Verified,0,13,-1,-0.008065573436269569
TXN000312698,CUST069291,2021-11-05,10:45,Salary,RTGS,78851.57,Debit,5865.02,Insurance,Gujarat,640,0,Unknown,0.0,Success,Web,Verified,0,10,-1,-0.0038795575605293786
TXN000312778,CUST014735,2021-11-05,02:53,NRI,RTGS,1452459.66,Debit,1451.06,Retail,Maharashtra,319,0,Unknown,0.0,Success,Mobile_App,Verified,0,2,-1,-0.004377653626229883
TXN000313068,CUST059782,2021-11-06,05:18,NRI,IMPS,8098.48,Debit,28111.7,Travel,Tamil Nadu,505,0,Unknown,0.0,Success,Mobile_App,Expired,0,5,-1,-0.026348031016998674
TXN000313151,CUST053228,2021-11-06,18:28,Savings,RTGS,1361380.81,Debit,22204.83,Government,Delhi,306,0,Unknown,0.0,Success,Mobile_App,Verified,0,18,-1,-0.011582329790000956
TXN000313185,CUST043372,2021-11-06,09:52,Current,POS,1696.28,Debit,88963.44,Retail,Rajasthan,796,1,Unknown,38159.84,Success,Web,Verified,0,9,-1,-0.01618917991925395
TXN000313595,CUST047069,2021-11-07,03:50,Salary,RTGS,906036.76,Credit,11553.09,Utilities,Gujarat,604,1,Personal,2207.02,Success,Mobile_App,Pending,0,3,-1,-0.04035935955979242
TXN000313597,CUST039972,2021-11-07,12:59,NRI,RTGS,680063.98,Debit,77011.26,Utilities,Rajasthan,768,0,Unknown,0.0,Success,ATM,Verified,0,12,-1,-0.022607007237386734
TXN000313602,CUST030215,2021-11-07,07:15,Current,Credit_Card,46893.0,Debit,842.19,E-Commerce,Telangana,649,1,Unknown,5775.52,Success,Mobile_App,Verified,0,7,-1,-0.008748401111529636
TXN000313647,CUST075346,2021-11-08,06:16,Salary,NEFT,6342.45,Debit,30181.18,Insurance,Telangana,505,0,Unknown,0.0,Success,Mobile_App,Verified,0,6,-1,-9.011753702425906e-05
TXN000313722,CUST047972,2021-11-08,09:43,Savings,RTGS,689904.57,Credit,117549.63,Food & Dining,West Bengal,728,1,Unknown,3347.02,Success,Mobile_App,Verified,0,9,-1,-0.016184084988434932
TXN000313805,CUST066017,2021-11-08,07:03,Salary,NEFT,83768.22,Credit,11977.83,Entertainment,West Bengal,792,0,Unknown,0.0,Success,POS_Terminal,Verified,0,7,-1,-0.008940247731271445
TXN000313903,CUST018906,2021-11-08,10:03,Savings,Net_Banking,9528.73,Credit,15565.98,Fuel,Maharashtra,876,1,Business,40899.21,Success,Mobile_App,Verified,0,10,-1,-0.008832821850723427
TXN000313969,CUST075789,2021-11-09,07:59,Current,POS,1506.98,Debit,35509.08,Entertainment,Tamil Nadu,792,0,Unknown,0.0,Success,Web,Verified,0,7,-1,-0.0038756512796096487
TXN000314098,CUST035098,2021-11-09,00:45,Current,RTGS,1028565.32,Credit,21809.31,Real Estate,Tamil Nadu,674,1,Personal,3807.0,Success,Branch,Verified,0,0,-1,-0.017887156200226517
TXN000314099,CUST020775,2021-11-09,19:40,Salary,Cheque,632637.5,Credit,16943.55,Fuel,Maharashtra,364,1,Education,4875.82,Success,Mobile_App,Verified,0,19,-1,-0.016679076059624154
TXN000314144,CUST072612,2021-11-09,13:26,Fixed Deposit,IMPS,1221.2,Debit,1257482.72,Salary,Maharashtra,793,1,Home,18213.84,Success,Mobile_App,Verified,0,13,-1,-0.024775570469156016
TXN000314162,CUST001080,2021-11-09,12:18,Savings,NEFT,2427.2,Debit,271719.49,E-Commerce,Telangana,425,1,Business,29679.14,Success,ATM,Verified,1,12,-1,-0.00881635362090094
TXN000314216,CUST074716,2021-11-10,06:21,Fixed Deposit,RTGS,2004250.09,Debit,43984.43,Education,Delhi,515,0,Unknown,0.0,Success,Branch,Pending,0,6,-1,-0.07901160511966199
TXN000314252,CUST039392,2021-11-10,04:12,Salary,NEFT,6805.36,Debit,28698.17,Food & Dining,Gujarat,470,1,Home,42166.01,Reversed,POS_Terminal,Pending,0,4,-1,-0.02665498723853099
TXN000314378,CUST050986,2021-11-10,10:59,Savings,RTGS,63683.26,Credit,158372.56,Peer Transfer,UP,676,0,Unknown,0.0,Success,ATM,Verified,0,10,-1,-0.0181300791903638
TXN000314545,CUST007990,2021-11-10,00:52,Savings,RTGS,83884.97,Credit,16754.09,Travel,Telangana,314,0,Unknown,0.0,Success,API,Pending,0,0,-1,-0.027692144125409546
TXN000314583,CUST061277,2021-11-11,22:23,Current,RTGS,191090.65,Credit,302088.67,Utilities,Tamil Nadu,474,0,Unknown,0.0,Success,Web,Verified,0,22,-1,-0.01785815103575139
TXN000314643,CUST039648,2021-11-11,21:54,Salary,Net_Banking,89561.13,Debit,65492.95,Retail,Telangana,821,1,Gold,17395.15,Success,Mobile_App,Pending,0,21,-1,-0.0016741164173678103
TXN000314769,CUST040938,2021-11-11,09:09,Salary,IMPS,449.6,Debit,47903.52,Salary,Tamil Nadu,649,1,Home,8376.12,Success,Branch,Verified,0,9,-1,-0.004068402042002317
TXN000314834,CUST033034,2021-11-11,11:38,Salary,POS,1354.36,Debit,20489.81,Retail,Gujarat,714,1,Gold,714.08,Success,POS_Terminal,Pending,0,11,-1,-0.00980053614980414
TXN000314975,CUST015020,2021-11-12,23:10,Salary,IMPS,10311.53,Debit,266356.23,Fuel,Delhi,853,1,Auto,17284.58,Success,Web,Verified,0,23,-1,-0.00815530370097417
TXN000315142,CUST032200,2021-11-12,02:50,Current,RTGS,143359.09,Debit,80453.49,Fuel,Tamil Nadu,665,1,Auto,8296.66,Success,API,Pending,0,2,-1,-0.00011573393188790693
TXN000315154,CUST033271,2021-11-13,07:52,Fixed Deposit,Cheque,1388725.6,Credit,63492.57,E-Commerce,Punjab,567,0,Unknown,0.0,Success,Web,Verified,0,7,-1,-0.01706306359115628
TXN000315170,CUST046396,2021-11-13,09:43,Salary,POS,132.93,Debit,59780.67,Government,Tamil Nadu,782,1,Education,25134.19,Success,Mobile_App,Verified,0,9,-1,-0.04326076282532598
TXN000315232,CUST054626,2021-11-13,14:34,Savings,Cheque,203255.96,Credit,11168.63,Retail,Gujarat,505,1,Unknown,12692.63,Success,POS_Terminal,Verified,0,14,-1,-0.01940012546471348
TXN000315244,CUST026248,2021-11-13,21:11,Savings,IMPS,3780.74,Debit,13838.56,Utilities,Gujarat,505,0,Unknown,0.0,Success,POS_Terminal,Verified,0,21,-1,-0.0406158043940692
TXN000315265,CUST043361,2021-11-13,19:30,Current,Net_Banking,1534.38,Debit,6980.26,Salary,Delhi,853,1,Home,18226.42,Success,API,Verified,0,19,-1,-0.020033157195715745
TXN000315327,CUST057094,2021-11-13,23:41,Savings,Cheque,1988662.12,Debit,164395.71,Retail,Rajasthan,754,0,Unknown,0.0,Success,POS_Terminal,Verified,0,23,-1,-0.08318907684515242
TXN000315410,CUST009332,2021-11-13,20:57,Savings,RTGS,1252500.66,Credit,16518.86,Education,Telangana,609,1,Personal,5618.25,Success,Web,Verified,0,20,-1,-0.026019043152604504
TXN000315523,CUST002845,2021-11-14,06:51,Salary,Cheque,617211.8,Credit,5049.53,E-Commerce,UP,884,0,Unknown,0.0,Success,ATM,Verified,0,6,-1,-0.03279738497048701
TXN000315775,CUST007827,2021-11-15,23:25,Savings,RTGS,779794.02,Credit,72210.09,Government,Telangana,599,0,Unknown,0.0,Success,ATM,Verified,1,23,-1,-0.02092466567512352
TXN000315860,CUST060997,2021-11-15,15:03,Savings,RTGS,780770.2,Credit,155750.85,E-Commerce,Maharashtra,719,0,Unknown,0.0,Success,Web,Verified,0,15,-1,-0.004178128163936923
TXN000315974,CUST058881,2021-11-15,13:34,Current,ATM_Withdrawal,3000.0,Debit,40862.2,Travel,Delhi,622,1,Gold,4855.23,Success,POS_Terminal,Verified,0,13,-1,-0.007175878659451573
TXN000316078,CUST074998,2021-11-16,07:36,Savings,RTGS,1384142.36,Debit,301677.47,E-Commerce,Tamil Nadu,895,0,Unknown,0.0,Success,ATM,Verified,0,7,-1,-0.0320578516384199
TXN000316082,CUST077835,2021-11-16,23:45,Salary,RTGS,551012.02,Debit,30372.21,Salary,Delhi,332,0,Unknown,0.0,Success,API,Verified,0,23,-1,-0.034305044002979956
TXN000316086,CUST030964,2021-11-16,06:22,Current,RTGS,968488.98,Debit,11909.9,Government,Maharashtra,337,0,Unknown,0.0,Success,Mobile_App,Verified,0,6,-1,-0.001887161758161171
TXN000316135,CUST059959,2021-11-16,21:54,Salary,RTGS,1157499.67,Credit,51233.28,Healthcare,UP,700,0,Unknown,0.0,Success,POS_Terminal,Expired,0,21,-1,-0.03870593159951041
TXN000316298,CUST077624,2021-11-16,11:44,Current,RTGS,2240369.09,Debit,17258.46,Utilities,Tamil Nadu,749,0,Unknown,0.0,Pending,Mobile_App,Verified,0,11,-1,-0.08609280366788574
TXN000316323,CUST016110,2021-11-16,17:15,Current,RTGS,28792.15,Debit,30181.29,Investment,West Bengal,465,1,Personal,42265.84,Success,POS_Terminal,Verified,0,17,-1,-0.0016262489476153164
TXN000316344,CUST038821,2021-11-16,16:19,Fixed Deposit,Auto_Debit,3058.03,Debit,120458.98,Travel,Tamil Nadu,615,1,Personal,4163.41,Success,POS_Terminal,Verified,0,16,-1,-0.00946143248637088
TXN000316425,CUST004600,2021-11-17,21:08,Current,RTGS,654712.02,Credit,9613.15,Peer Transfer,Tamil Nadu,396,0,Unknown,0.0,Success,POS_Terminal,Verified,0,21,-1,-0.019617371514445092
TXN000316497,CUST024003,2021-11-17,22:48,Savings,RTGS,406083.17,Debit,4546.36,Education,Telangana,314,0,Unknown,0.0,Success,Mobile_App,Verified,0,22,-1,-0.05577821460164212
TXN000317005,CUST002337,2021-11-19,17:21,Fixed Deposit,RTGS,249886.98,Debit,4572.05,Retail,Maharashtra,555,0,Unknown,0.0,Success,POS_Terminal,Verified,0,17,-1,-0.0015869144938530644
TXN000317047,CUST067030,2021-11-19,23:27,Salary,Cheque,3473460.69,Debit,119445.77,Entertainment,Gujarat,323,0,Unknown,0.0,Success,Mobile_App,Verified,0,23,-1,-0.08650132808794242
TXN000317206,CUST045781,2021-11-19,03:57,Salary,IMPS,373.47,Credit,44388.55,Utilities,Tamil Nadu,608,1,Auto,62642.29,Success,POS_Terminal,Verified,0,3,-1,-0.018979429612585474
TXN000317305,CUST048943,2021-11-20,13:31,Salary,ATM_Withdrawal,1000.0,Debit,81782.68,Food & Dining,Maharashtra,548,0,Unknown,0.0,Success,Branch,Verified,0,13,-1,-0.003999291973340369
TXN000317443,CUST047296,2021-11-20,21:50,Savings,POS,2542.52,Debit,88064.62,Food & Dining,Karnataka,585,1,Auto,23085.64,Success,Mobile_App,Pending,0,21,-1,-0.013412149275836782
TXN000317524,CUST050934,2021-11-20,07:13,Savings,UPI,402.46,Debit,10526.78,Retail,Gujarat,792,0,Unknown,0.0,Success,ATM,Verified,0,7,-1,-0.002550965967671015
TXN000317536,CUST063575,2021-11-20,06:52,Current,RTGS,941410.19,Credit,3478.06,Education,Tamil Nadu,540,0,Unknown,0.0,Success,API,Verified,0,6,-1,-0.04121534745507771
TXN000317660,CUST019027,2021-11-21,10:43,Current,IMPS,339.46,Credit,19276.74,Investment,Maharashtra,363,1,Business,35802.19,Reversed,Mobile_App,Verified,0,10,-1,-0.011066034294930582
TXN000317671,CUST019652,2021-11-21,04:10,Savings,Net_Banking,2549.83,Debit,6953.62,Travel,Maharashtra,406,1,Gold,16549.41,Success,Mobile_App,Expired,0,4,-1,-0.023668660110307327
TXN000317697,CUST054310,2021-11-21,04:28,Current,RTGS,702226.81,Debit,30439.33,Food & Dining,Delhi,680,0,Unknown,0.0,Success,Mobile_App,Expired,0,4,-1,-0.009629315825382068
TXN000317709,CUST002917,2021-11-21,07:11,Fixed Deposit,NEFT,1845253.51,Debit,88587.29,Retail,Delhi,772,0,Unknown,0.0,Success,Mobile_App,Verified,0,7,-1,-0.05070533940027522
TXN000317715,CUST063043,2021-11-21,18:07,Savings,RTGS,1262130.96,Credit,42613.7,Peer Transfer,Telangana,340,0,Unknown,0.0,Success,Mobile_App,Verified,0,18,-1,-0.0029543568795177277
TXN000317771,CUST054608,2021-11-21,06:36,Savings,ATM_Withdrawal,500.0,Debit,3697.04,Food & Dining,Telangana,501,1,Unknown,10640.62,Success,API,Verified,0,6,-1,-0.003639219516837655
TXN000317814,CUST062754,2021-11-21,14:14,Savings,IMPS,13568.72,Debit,40919.67,Travel,Maharashtra,864,0,Unknown,0.0,Success,API,Verified,0,14,-1,-0.010560449460863208
TXN000317843,CUST005589,2021-11-21,01:59,Savings,NEFT,6003.51,Credit,26471.36,Education,Delhi,803,0,Unknown,0.0,Success,Web,Verified,0,1,-1,-0.007398562979679557
TXN000318005,CUST057444,2021-11-22,14:39,Savings,IMPS,2088.63,Credit,25101.15,Salary,Karnataka,488,1,Education,4850.94,Success,Mobile_App,Verified,0,14,-1,-0.013884883886702837
TXN000318087,CUST037327,2021-11-22,12:01,Current,RTGS,331603.3,Credit,26796.21,Government,West Bengal,763,1,Home,3821.16,Success,API,Verified,0,12,-1,-0.03135151748228282
TXN000318186,CUST078768,2021-11-23,16:53,Savings,IMPS,1368.86,Credit,17905.93,Fuel,Maharashtra,616,0,Unknown,0.0,Success,Mobile_App,Verified,0,16,-1,-0.0031680809925851428
TXN000318303,CUST053341,2021-11-23,01:32,Savings,Net_Banking,43557.84,Debit,37529.8,Entertainment,Delhi,676,0,Unknown,0.0,Success,Web,Verified,0,1,-1,-0.013211636807700433
TXN000318422,CUST072396,2021-11-23,03:34,Current,RTGS,3280466.97,Debit,162902.66,Real Estate,Punjab,586,0,Unknown,0.0,Success,API,Verified,0,3,-1,-0.07674969620757188
TXN000318677,CUST027122,2021-11-24,07:19,Savings,RTGS,539113.68,Debit,3735.42,Education,Tamil Nadu,645,0,Unknown,0.0,Success,Web,Verified,0,7,-1,-0.000958163999421946
TXN000318857,CUST044865,2021-11-25,06:40,Fixed Deposit,RTGS,424888.65,Debit,21160.39,E-Commerce,Karnataka,325,0,Unknown,0.0,Success,Mobile_App,Verified,0,6,-1,-0.012018442342316304
TXN000318986,CUST028021,2021-11-25,03:23,Savings,Auto_Debit,6593.96,Debit,52107.91,Education,Maharashtra,739,0,Unknown,0.0,Failed,POS_Terminal,Verified,0,3,-1,-0.018458312450270964
TXN000319207,CUST000029,2021-11-26,23:07,Savings,NEFT,102089.96,Credit,55644.4,Food & Dining,Gujarat,789,1,Unknown,34631.14,Success,API,Verified,0,23,-1,-0.026279650440507285
TXN000319221,CUST000011,2021-11-26,20:26,NRI,RTGS,1995673.07,Credit,7934.82,Healthcare,Maharashtra,580,0,Unknown,0.0,Success,Web,Verified,0,20,-1,-0.08304190268637857
TXN000319269,CUST058734,2021-11-26,03:14,Savings,Cheque,2057798.36,Credit,37639.43,Food & Dining,Karnataka,763,1,Auto,3786.55,Success,API,Expired,1,3,-1,-0.13803184133735247
TXN000319334,CUST052150,2021-11-26,11:12,Fixed Deposit,Cheque,30613.79,Credit,149077.89,Real Estate,Delhi,488,1,Personal,3398.62,Success,Web,Verified,0,11,-1,-0.019347575799476657
TXN000319550,CUST024716,2021-11-27,10:51,NRI,RTGS,805771.24,Credit,86484.98,E-Commerce,Karnataka,615,1,Personal,9374.44,Success,Web,Verified,0,10,-1,-0.02069005675400204
TXN000319645,CUST073749,2021-11-27,00:01,Savings,IMPS,778.5,Debit,83952.3,Education,Rajasthan,762,1,Auto,30982.64,Success,POS_Terminal,Verified,0,0,-1,-0.0075221909208536
TXN000319712,CUST006259,2021-11-28,23:31,Savings,Cheque,1172226.48,Debit,11501.07,Education,Gujarat,838,0,Unknown,0.0,Success,Web,Verified,0,23,-1,-0.006814169176605156
TXN000319735,CUST061905,2021-11-28,19:15,Current,Auto_Debit,6462.57,Debit,21461.74,Travel,Maharashtra,505,0,Unknown,0.0,Success,Mobile_App,Verified,0,19,-1,-0.02818630441297143
TXN000319755,CUST075567,2021-11-28,09:04,Savings,UPI,215.69,Credit,97219.91,E-Commerce,Tamil Nadu,501,1,Home,4739.45,Success,Web,Verified,0,9,-1,-0.0011461464913207209
TXN000320024,CUST028511,2021-11-29,04:14,Savings,UPI,2430.52,Credit,283646.88,Peer Transfer,Maharashtra,803,0,Unknown,0.0,Success,Mobile_App,Pending,0,4,-1,-0.0014805535572808282
TXN000320211,CUST011153,2021-11-29,19:57,Fixed Deposit,RTGS,1129824.32,Debit,80496.59,Insurance,Delhi,561,1,Education,5393.14,Success,POS_Terminal,Pending,0,19,-1,-0.045675380099151175
TXN000320351,CUST078257,2021-11-30,23:17,Current,RTGS,2241026.33,Debit,8423.84,Peer Transfer,Maharashtra,841,1,Business,17639.01,Failed,Web,Verified,0,23,-1,-0.024192736338708
TXN000320517,CUST079124,2021-11-30,15:08,Salary,IMPS,8822.18,Debit,393497.07,E-Commerce,Tamil Nadu,688,1,Education,32926.76,Success,Branch,Verified,0,15,-1,-0.04854336593237063
TXN000320624,CUST012466,2021-12-01,17:02,Salary,RTGS,1187580.3,Credit,48064.14,Insurance,Gujarat,330,1,Unknown,10612.29,Success,Mobile_App,Verified,1,17,-1,-0.04172215169298965
TXN000320672,CUST069270,2021-12-01,21:42,Savings,RTGS,1313195.92,Debit,113611.08,Utilities,Maharashtra,425,0,Unknown,0.0,Success,Mobile_App,Expired,0,21,-1,-0.05507268012942368
TXN000320730,CUST017862,2021-12-01,20:08,Salary,Net_Banking,719.85,Debit,400883.06,E-Commerce,Gujarat,406,1,Personal,20150.06,Success,POS_Terminal,Pending,0,20,-1,-0.00044179512483377703
TXN000320742,CUST076161,2021-12-01,15:32,Salary,UPI,1095.92,Credit,61673.84,Fuel,Maharashtra,406,0,Unknown,0.0,Success,Mobile_App,Verified,0,15,-1,-0.018706118829644014
TXN000320941,CUST054839,2021-12-02,00:47,Savings,NEFT,3508.77,Credit,21801.64,Utilities,Maharashtra,676,0,Unknown,0.0,Success,ATM,Pending,0,0,-1,-0.004301206046654071
TXN000320984,CUST011637,2021-12-02,08:54,Current,RTGS,723961.28,Credit,12172.74,Peer Transfer,Karnataka,318,0,Unknown,0.0,Success,Web,Verified,0,8,-1,-0.032197307065820135
TXN000321184,CUST023416,2021-12-03,13:55,Current,NEFT,6467.78,Debit,6954.36,Government,Karnataka,505,0,Unknown,0.0,Pending,Mobile_App,Verified,0,13,-1,-0.0370370351103132
TXN000321320,CUST021212,2021-12-03,12:33,Current,Auto_Debit,2346.66,Debit,109380.5,Retail,UP,814,1,Auto,23358.63,Success,Web,Verified,0,12,-1,-0.013435539017271791
TXN000321344,CUST075477,2021-12-03,00:35,Salary,POS,920.09,Debit,21174.48,Retail,Delhi,782,1,Personal,6334.53,Success,Web,Verified,0,0,-1,-0.0017188719682559306
TXN000321456,CUST043892,2021-12-04,16:35,Fixed Deposit,IMPS,305.09,Credit,275522.59,Education,Maharashtra,853,0,Unknown,0.0,Success,Mobile_App,Verified,0,16,-1,-0.00421620427766789
TXN000321558,CUST071371,2021-12-04,20:59,Savings,RTGS,1570876.39,Debit,38582.21,Education,Karnataka,580,1,Personal,6802.54,Success,Mobile_App,Verified,1,20,-1,-0.03663847880224169
TXN000321727,CUST048420,2021-12-04,12:57,Salary,NEFT,3014.57,Debit,24594.59,Travel,Maharashtra,864,0,Unknown,0.0,Success,Mobile_App,Verified,0,12,-1,-0.011543919343829478
TXN000321780,CUST036154,2021-12-05,20:56,Savings,UPI,2166.35,Debit,679465.39,Salary,Gujarat,803,0,Unknown,0.0,Success,Web,Verified,0,20,-1,-0.011406766072557861
TXN000322088,CUST002835,2021-12-06,02:33,Savings,Cheque,2185974.36,Debit,22294.66,Real Estate,West Bengal,582,0,Unknown,0.0,Reversed,POS_Terminal,Verified,0,2,-1,-0.09635415989687812
TXN000322142,CUST035296,2021-12-06,18:20,Current,UPI,420.23,Debit,2803418.32,Insurance,Delhi,616,1,Personal,4456.4,Success,Mobile_App,Expired,0,18,-1,-0.052939944202093914
TXN000322480,CUST001567,2021-12-07,08:13,Savings,RTGS,148368.55,Debit,37864.4,E-Commerce,Telangana,640,0,Unknown,0.0,Success,POS_Terminal,Verified,0,8,-1,-0.03131013976654995
TXN000322629,CUST032816,2021-12-08,04:39,Savings,RTGS,47121.94,Credit,12988.39,E-Commerce,Telangana,325,0,Unknown,0.0,Success,Web,Pending,0,4,-1,-0.0005365104321908287
TXN000322685,CUST040027,2021-12-08,19:47,NRI,Credit_Card,5480.58,Debit,15763.65,Food & Dining,Karnataka,649,1,Education,18635.43,Success,Mobile_App,Verified,0,19,-1,-0.017179872665977203
TXN000322776,CUST076226,2021-12-08,04:26,NRI,RTGS,448652.12,Debit,4260.81,Travel,Gujarat,654,1,Unknown,3930.5,Success,Web,Verified,0,4,-1,-0.03368165723561167
TXN000322843,CUST016949,2021-12-08,18:37,Savings,Auto_Debit,9103.46,Debit,406534.6,Travel,Maharashtra,839,1,Home,27338.29,Success,Mobile_App,Verified,0,18,-1,-0.02658473192976263
TXN000322862,CUST015131,2021-12-08,23:21,Salary,ATM_Withdrawal,2000.0,Debit,38662.04,Food & Dining,Telangana,821,1,Personal,9735.91,Success,Branch,Verified,0,23,-1,-0.0036229283100744913
TXN000322883,CUST029844,2021-12-08,02:18,Savings,Cheque,1359721.01,Debit,6345.07,E-Commerce,Maharashtra,373,0,Unknown,0.0,Success,Mobile_App,Verified,0,2,-1,-0.014764749592640736
TXN000323308,CUST077569,2021-12-10,00:00,Salary,UPI,1496.9,Credit,24408.99,Utilities,Maharashtra,803,0,Unknown,0.0,Success,POS_Terminal,Verified,0,0,-1,-0.004732234226276333
TXN000323316,CUST016911,2021-12-10,22:55,Salary,RTGS,301249.82,Credit,158872.08,Food & Dining,Maharashtra,884,0,Unknown,0.0,Success,Mobile_App,Verified,0,22,-1,-0.018223065927529536
TXN000323362,CUST034003,2021-12-10,08:47,Savings,RTGS,858288.57,Debit,224843.17,Retail,Delhi,864,0,Unknown,0.0,Success,Mobile_App,Verified,0,8,-1,-0.028739368478103988
TXN000323467,CUST048910,2021-12-10,04:33,Current,RTGS,223504.78,Debit,12893.72,Travel,West Bengal,649,0,Unknown,0.0,Success,Mobile_App,Expired,0,4,-1,-0.014440087622548337
TXN000323522,CUST002119,2021-12-11,04:43,Current,POS,376.94,Debit,50010.51,Peer Transfer,Karnataka,740,1,Personal,35667.4,Success,API,Expired,0,4,-1,-0.013673424860211614
TXN000323660,CUST039072,2021-12-11,22:46,Salary,IMPS,4704.67,Debit,174218.3,Salary,UP,483,1,Education,34770.75,Success,Web,Verified,0,22,-1,-0.04118993532246196
TXN000323766,CUST007571,2021-12-11,09:31,Current,Auto_Debit,1563.25,Debit,89686.66,Food & Dining,Karnataka,839,1,Unknown,27834.78,Success,Web,Verified,0,9,-1,-0.0390485242509071
TXN000323769,CUST045133,2021-12-11,22:24,NRI,NEFT,1617537.05,Debit,236005.7,Insurance,Delhi,351,1,Personal,5239.64,Success,Web,Verified,0,22,-1,-0.029069923948842114
TXN000323868,CUST007688,2021-12-12,23:47,Salary,UPI,394.24,Credit,22059.8,Entertainment,Delhi,505,0,Unknown,0.0,Success,Mobile_App,Pending,0,23,-1,-0.0004251348574855207
TXN000323918,CUST019372,2021-12-12,06:16,Current,RTGS,909352.85,Debit,43218.07,Salary,Maharashtra,423,0,Unknown,0.0,Success,API,Expired,1,6,-1,-0.06137860749909807
TXN000323939,CUST038845,2021-12-12,18:35,Savings,ATM_Withdrawal,1000.0,Debit,7739.72,Food & Dining,Gujarat,615,1,Personal,25473.76,Pending,API,Verified,0,18,-1,-0.012269311082397705
TXN000324009,CUST042556,2021-12-12,23:58,Current,IMPS,1646.63,Debit,85199.4,Utilities,Tamil Nadu,782,0,Unknown,0.0,Success,Web,Pending,0,23,-1,-0.0016931944445662817
TXN000324049,CUST076584,2021-12-12,03:03,Savings,ATM_Withdrawal,1000.0,Debit,16539.82,Food & Dining,UP,750,1,Auto,31760.99,Success,POS_Terminal,Verified,0,3,-1,-0.048328100514201555
TXN000324085,CUST065270,2021-12-12,04:09,Salary,RTGS,1269746.67,Credit,11172.52,Peer Transfer,Karnataka,879,0,Unknown,0.0,Success,ATM,Verified,0,4,-1,-0.0021193681834225098
TXN000324231,CUST046822,2021-12-13,17:33,Current,Auto_Debit,882.2,Debit,100300.2,Healthcare,West Bengal,793,1,Gold,3543.06,Success,POS_Terminal,Verified,0,17,-1,-0.030390984137373178
TXN000324258,CUST025483,2021-12-13,09:34,Current,IMPS,1503.74,Debit,7808.59,E-Commerce,Tamil Nadu,434,1,Personal,36230.11,Success,API,Verified,0,9,-1,-0.016381767116760315
TXN000324330,CUST028160,2021-12-13,07:12,Savings,NEFT,17005.89,Debit,3435.49,Government,Maharashtra,825,1,Personal,59168.27,Success,ATM,Verified,0,7,-1,-0.0010576143404559257
TXN000324669,CUST021645,2021-12-14,08:34,Current,RTGS,213834.75,Credit,16974.54,Peer Transfer,Maharashtra,358,0,Unknown,0.0,Success,Web,Pending,0,8,-1,-0.02366185129839815
TXN000324796,CUST005275,2021-12-15,05:34,Current,RTGS,1392799.48,Credit,20368.55,Retail,Gujarat,353,0,Unknown,0.0,Success,Web,Pending,0,5,-1,-0.06249383742510106
TXN000324802,CUST066990,2021-12-15,03:15,Savings,NEFT,11176.38,Credit,17064.87,E-Commerce,Maharashtra,792,0,Unknown,0.0,Success,Web,Verified,0,3,-1,-0.010756678342134562
TXN000324808,CUST010861,2021-12-15,03:33,Current,Auto_Debit,1383.61,Debit,1656.93,Salary,Punjab,640,0,Unknown,0.0,Success,ATM,Verified,0,3,-1,-0.011973165623239024
TXN000324847,CUST033250,2021-12-15,08:50,Current,UPI,941.97,Debit,10914.75,Insurance,Gujarat,325,0,Unknown,0.0,Success,Web,Verified,0,8,-1,-0.002545530475440816
TXN000324985,CUST021875,2021-12-15,01:09,Savings,RTGS,1325829.4,Debit,41620.64,Salary,West Bengal,768,0,Unknown,0.0,Failed,Mobile_App,Verified,0,1,-1,-0.09187020998482465
TXN000325002,CUST021837,2021-12-15,02:18,Current,RTGS,687505.94,Credit,58992.17,Retail,Maharashtra,833,0,Unknown,0.0,Success,POS_Terminal,Verified,0,2,-1,-0.035782459115314635
TXN000325079,CUST023763,2021-12-16,02:22,Savings,UPI,903.44,Credit,168861.45,Education,Tamil Nadu,803,0,Unknown,0.0,Success,Mobile_App,Expired,0,2,-1,-0.026110519794369846
TXN000325086,CUST000307,2021-12-16,15:26,Current,RTGS,51407.01,Debit,7572.98,Healthcare,Gujarat,640,1,Business,5031.31,Success,Web,Verified,0,15,-1,-0.01914482915684157
TXN000325152,CUST004796,2021-12-16,15:28,Savings,Cheque,2978342.78,Debit,8679.81,E-Commerce,Maharashtra,335,0,Unknown,0.0,Success,Web,Verified,0,15,-1,-0.07269448516006005
TXN000325228,CUST023213,2021-12-16,13:48,Savings,Cheque,1580019.62,Credit,22283.56,Government,Delhi,850,0,Unknown,0.0,Success,API,Verified,0,13,-1,-0.0006773137473193858
TXN000325249,CUST039759,2021-12-16,03:07,Savings,Auto_Debit,603.67,Debit,54750.26,Healthcare,Maharashtra,782,0,Unknown,0.0,Success,POS_Terminal,Verified,0,3,-1,-0.0021583968452230096
TXN000325264,CUST060234,2021-12-16,05:05,Salary,POS,2573.27,Debit,16621.2,Education,Tamil Nadu,750,1,Business,30126.04,Success,API,Verified,0,5,-1,-0.02620715413826913
TXN000325585,CUST041948,2021-12-17,04:36,Current,RTGS,176760.58,Credit,20180.02,Travel,Punjab,370,0,Unknown,0.0,Success,Branch,Verified,0,4,-1,-0.0006406577465769558
TXN000325685,CUST026344,2021-12-18,13:54,Current,RTGS,370598.99,Debit,59145.81,Education,West Bengal,622,1,Business,9158.96,Success,Mobile_App,Verified,0,13,-1,-0.004100071241181058
TXN000325715,CUST035293,2021-12-18,03:04,Current,UPI,476.71,Credit,23806.81,Travel,Telangana,789,1,Home,50880.61,Success,Web,Verified,0,3,-1,-0.023712632582360227
TXN000325821,CUST074224,2021-12-18,06:12,Savings,RTGS,88318.38,Credit,40974.15,Real Estate,Maharashtra,829,0,Unknown,0.0,Success,Branch,Pending,0,6,-1,-0.0060768390202353695
TXN000325887,CUST072865,2021-12-18,23:34,Savings,UPI,555.19,Credit,102330.52,Utilities,Gujarat,365,1,Personal,59485.57,Success,Mobile_App,Verified,0,23,-1,-0.00031371254241108204
TXN000325910,CUST062104,2021-12-18,17:41,Savings,POS,1180.01,Debit,4684049.04,Retail,Delhi,658,0,Unknown,0.0,Success,Branch,Verified,0,17,-1,-0.010587188698463423
TXN000325967,CUST023544,2021-12-18,04:12,Current,NEFT,9994.31,Credit,176137.69,E-Commerce,Tamil Nadu,501,0,Unknown,0.0,Success,Mobile_App,Verified,0,4,-1,-0.007356552813760908
TXN000326049,CUST078854,2021-12-19,01:51,Salary,RTGS,1171267.07,Credit,212860.54,Education,West Bengal,716,0,Unknown,0.0,Success,POS_Terminal,Verified,0,1,-1,-0.018904882242858245
TXN000326130,CUST000535,2021-12-19,18:22,Savings,RTGS,165174.01,Credit,11781.29,Fuel,Gujarat,501,0,Unknown,0.0,Success,Web,Verified,0,18,-1,-0.029744193319895085
TXN000326644,CUST008049,2021-12-21,11:09,Current,Cheque,5261880.75,Debit,8658.75,Fuel,Gujarat,843,0,Unknown,0.0,Success,API,Verified,0,11,-1,-0.08433230353396903
TXN000326675,CUST043665,2021-12-21,20:51,Savings,UPI,773.82,Credit,34056.8,Fuel,Telangana,501,0,Unknown,0.0,Failed,Mobile_App,Pending,0,20,-1,-0.006823641749575171
TXN000326719,CUST065714,2021-12-21,17:12,Current,RTGS,150899.93,Credit,33685.2,Investment,Delhi,699,0,Unknown,0.0,Success,Mobile_App,Verified,0,17,-1,-0.02598269424368649
TXN000326735,CUST004606,2021-12-21,03:16,Savings,Auto_Debit,474.9,Debit,223173.64,Insurance,Karnataka,782,0,Unknown,0.0,Success,Branch,Verified,0,3,-1,-0.002695899174277483
TXN000327323,CUST076223,2021-12-23,01:31,Current,RTGS,1046035.76,Debit,55534.93,E-Commerce,Gujarat,804,0,Unknown,0.0,Failed,Mobile_App,Verified,0,1,-1,-0.0647518404100883
TXN000327340,CUST012503,2021-12-23,02:08,Savings,RTGS,142683.88,Credit,6239.51,Education,Tamil Nadu,649,1,Education,6824.4,Success,Web,Verified,0,2,-1,-0.03565869520418885
TXN000327516,CUST077718,2021-12-23,08:56,NRI,Auto_Debit,1441.71,Debit,612177.74,Entertainment,Gujarat,429,1,Business,45974.28,Failed,Web,Verified,0,8,-1,-0.04836752489741114
TXN000327532,CUST048335,2021-12-24,21:27,Current,Cheque,297789.87,Credit,9084.15,Education,Maharashtra,753,0,Unknown,0.0,Success,POS_Terminal,Verified,0,21,-1,-0.02675434943407351
TXN000327697,CUST022178,2021-12-24,19:13,Current,UPI,320.26,Credit,115801.97,E-Commerce,Delhi,483,1,Home,19589.91,Success,POS_Terminal,Verified,0,19,-1,-0.013365423245978225
TXN000327703,CUST060505,2021-12-24,16:37,Salary,RTGS,629148.1,Credit,289797.2,Retail,Delhi,371,0,Unknown,0.0,Success,Web,Verified,0,16,-1,-0.006495600326549722
TXN000327792,CUST047499,2021-12-24,04:17,Savings,RTGS,753426.22,Credit,29699.85,Utilities,UP,310,0,Unknown,0.0,Success,Mobile_App,Verified,0,4,-1,-0.039241073125219184
TXN000327818,CUST020380,2021-12-25,11:04,Savings,NEFT,8320.51,Debit,9444.07,Investment,Rajasthan,709,1,Auto,58042.19,Success,Web,Verified,0,11,-1,-0.0470575551203789
TXN000327896,CUST001464,2021-12-25,10:59,Savings,RTGS,1138067.27,Credit,763199.56,Healthcare,West Bengal,792,1,Auto,4175.83,Success,API,Verified,0,10,-1,-0.10026944320015974
TXN000328083,CUST051066,2021-12-25,03:52,Salary,Cheque,336512.7,Credit,33373.95,Education,Gujarat,728,0,Unknown,0.0,Success,Web,Verified,0,3,-1,-0.0005125289902945251
TXN000328117,CUST071688,2021-12-26,11:13,Current,POS,2236.39,Debit,71858.75,Salary,Delhi,505,0,Unknown,0.0,Success,Mobile_App,Verified,0,11,-1,-0.034501030898693164
TXN000328149,CUST072219,2021-12-26,20:38,Salary,RTGS,1247218.4,Credit,461096.03,Travel,West Bengal,632,1,Education,5800.38,Success,Mobile_App,Verified,0,20,-1,-0.022657362236008227
TXN000328266,CUST001456,2021-12-26,08:31,Savings,UPI,345.51,Credit,55114.32,Peer Transfer,Karnataka,835,1,Gold,46925.67,Success,Web,Verified,0,8,-1,-0.018350764446908863
TXN000328324,CUST037361,2021-12-26,22:45,NRI,POS,1663.74,Debit,19140.13,Real Estate,West Bengal,792,0,Unknown,0.0,Success,Web,Expired,0,22,-1,-0.014431032727624582
TXN000328541,CUST053523,2021-12-27,02:41,Current,Cheque,183110.99,Debit,49454.18,Investment,Tamil Nadu,708,1,Auto,14481.95,Success,POS_Terminal,Verified,0,2,-1,-0.004386217247727697
TXN000328642,CUST029783,2021-12-27,14:33,Salary,ATM_Withdrawal,2000.0,Debit,17171.24,Food & Dining,Delhi,505,0,Unknown,0.0,Success,Mobile_App,Verified,0,14,-1,-0.0077676162365772905
TXN000328661,CUST079807,2021-12-28,02:46,Current,UPI,130.91,Credit,212609.79,Retail,Delhi,844,1,Education,58607.74,Success,Mobile_App,Verified,0,2,-1,-0.028514223331772448
TXN000328873,CUST029556,2021-12-28,19:21,Savings,Cheque,2370696.87,Debit,12727.4,Fuel,Telangana,629,0,Unknown,0.0,Success,Branch,Verified,1,19,-1,-0.08768964734652518
TXN000328954,CUST046473,2021-12-28,14:26,Savings,Cheque,6358.11,Debit,29223.32,Travel,Gujarat,505,0,Unknown,0.0,Success,Mobile_App,Verified,0,14,-1,-0.005800423037456426
TXN000328983,CUST061987,2021-12-29,07:11,Savings,Net_Banking,3451.08,Credit,191339.98,Retail,Maharashtra,792,1,Business,4660.52,Success,Mobile_App,Verified,0,7,-1,-0.011395518048023634
TXN000329007,CUST075683,2021-12-29,13:37,Savings,RTGS,692488.67,Credit,4902.22,Fuel,Tamil Nadu,607,0,Unknown,0.0,Success,POS_Terminal,Verified,0,13,-1,-0.014644200234157467
TXN000329039,CUST074589,2021-12-29,07:38,Salary,NEFT,4044.5,Credit,84158.43,Retail,UP,649,1,Unknown,9692.04,Success,Mobile_App,Verified,0,7,-1,-0.004895644030927349
TXN000329076,CUST025638,2021-12-29,16:08,Current,ATM_Withdrawal,500.0,Debit,189291.5,Travel,Maharashtra,542,1,Home,33380.41,Success,Web,Verified,0,16,-1,-0.02366033527716216
TXN000329384,CUST056903,2021-12-30,09:04,NRI,RTGS,1069583.38,Debit,63941.41,Retail,Delhi,860,0,Unknown,0.0,Success,Mobile_App,Pending,0,9,-1,-0.02669054607579424
TXN000329386,CUST025588,2021-12-30,08:08,Salary,POS,194.09,Debit,38997.87,Salary,Karnataka,649,0,Unknown,0.0,Success,Mobile_App,Verified,0,8,-1,-0.0010051352816358161
TXN000329585,CUST043997,2021-12-30,09:56,Current,RTGS,1109856.03,Debit,40819.84,Travel,Gujarat,704,1,Home,4420.29,Success,Branch,Verified,0,9,-1,-0.020923505200656223
TXN000329636,CUST003470,2021-12-31,14:45,Salary,Credit_Card,1422.13,Debit,56134.32,E-Commerce,West Bengal,648,1,Home,45632.93,Success,POS_Terminal,Pending,0,14,-1,-0.006261628117204321
TXN000329708,CUST034669,2021-12-31,22:51,Savings,RTGS,1399542.26,Credit,8659.96,Healthcare,Karnataka,452,1,Home,1387.1,Success,ATM,Verified,0,22,-1,-0.07022837381541147
TXN000329721,CUST064409,2021-12-31,16:58,Savings,IMPS,1855.39,Debit,132982.41,Salary,Tamil Nadu,505,0,Unknown,0.0,Success,Mobile_App,Verified,0,16,-1,-0.022266520969619563
TXN000329888,CUST043092,2022-01-01,20:42,NRI,RTGS,531718.3,Credit,29934.8,Peer Transfer,Telangana,708,0,Unknown,0.0,Success,Web,Verified,0,20,-1,-0.020380098368241284
TXN000329910,CUST012871,2022-01-01,06:12,NRI,Cheque,2035681.16,Debit,239260.36,E-Commerce,Gujarat,858,0,Unknown,0.0,Success,POS_Terminal,Verified,0,6,-1,-0.07065182786567248
TXN000329932,CUST033399,2022-01-01,11:03,Current,RTGS,1030105.59,Debit,64758.36,Peer Transfer,Karnataka,853,1,Personal,6075.65,Success,Mobile_App,Pending,1,11,-1,-0.01186448120170791
TXN000330001,CUST067120,2022-01-01,08:53,Savings,RTGS,2195483.35,Credit,15898.97,Salary,Gujarat,529,1,Gold,4959.63,Success,Mobile_App,Verified,0,8,-1,-0.06661636306442675
TXN000330030,CUST065966,2022-01-01,15:03,Fixed Deposit,RTGS,575470.04,Credit,67210.22,Food & Dining,Tamil Nadu,676,1,Unknown,4086.98,Success,POS_Terminal,Verified,0,15,-1,-0.059449431611463543
TXN000330152,CUST050825,2022-01-01,05:53,Current,RTGS,425624.29,Debit,17732.49,Salary,West Bengal,699,0,Unknown,0.0,Success,Mobile_App,Verified,0,5,-1,-0.02585722818952496
TXN000330341,CUST070555,2022-01-02,20:53,Salary,IMPS,4336.34,Credit,11398.49,Entertainment,Karnataka,851,1,Education,55925.51,Success,Web,Verified,0,20,-1,-0.026544350500373848
TXN000330373,CUST036188,2022-01-02,18:30,Salary,POS,1826.09,Debit,60512.76,Investment,Tamil Nadu,548,0,Unknown,0.0,Success,POS_Terminal,Expired,0,18,-1,-0.012713509164263948
TXN000330396,CUST007837,2022-01-02,03:01,Savings,IMPS,1184.83,Debit,21344.81,Fuel,Maharashtra,762,1,Education,22197.86,Failed,Branch,Verified,0,3,-1,-0.0199125035379778
TXN000330531,CUST058467,2022-01-03,20:25,Savings,Auto_Debit,1247.54,Debit,17518.74,Peer Transfer,UP,406,0,Unknown,0.0,Success,Mobile_App,Verified,0,20,-1,-0.00934636914741993
TXN000330609,CUST064743,2022-01-03,23:31,Savings,Cheque,592229.6,Credit,25963.35,Utilities,Punjab,821,0,Unknown,0.0,Success,Web,Verified,0,23,-1,-0.0494512842599798
TXN000330703,CUST077684,2022-01-03,01:37,Current,RTGS,1743623.1,Debit,196371.02,Retail,UP,445,0,Unknown,0.0,Success,ATM,Verified,0,1,-1,-0.08261403210332974
TXN000330820,CUST038280,2022-01-04,14:21,Current,Cheque,67103.08,Debit,25148.7,Utilities,Maharashtra,687,1,Unknown,2227.32,Success,POS_Terminal,Verified,0,14,-1,-0.0050072146626496394
TXN000330881,CUST069220,2022-01-04,13:36,Savings,NEFT,492.6,Credit,23597.78,Retail,Rajasthan,505,1,Home,6211.95,Success,POS_Terminal,Verified,0,13,-1,-0.019291273195751413
TXN000330894,CUST009374,2022-01-04,01:44,Savings,RTGS,1001649.32,Credit,29917.36,Food & Dining,Rajasthan,337,0,Unknown,0.0,Success,POS_Terminal,Verified,0,1,-1,-0.03100666832770249
TXN000330955,CUST042946,2022-01-04,12:58,NRI,RTGS,1592631.19,Debit,6436.26,Peer Transfer,Karnataka,413,1,Personal,3396.3,Success,ATM,Verified,0,12,-1,-0.029600173215153736
TXN000330976,CUST046940,2022-01-04,23:43,Savings,NEFT,60593.39,Credit,59649.79,E-Commerce,West Bengal,871,1,Personal,81949.02,Success,Branch,Expired,1,23,-1,-0.015612689283037162
TXN000331001,CUST008988,2022-01-04,10:45,Savings,Net_Banking,2636.94,Debit,7383.73,Healthcare,Delhi,406,0,Unknown,0.0,Success,POS_Terminal,Verified,0,10,-1,-0.00273284272960006
TXN000331243,CUST001485,2022-01-05,08:32,Current,ATM_Withdrawal,1000.0,Debit,34376.42,Fuel,Karnataka,518,1,Personal,26176.63,Success,API,Verified,0,8,-1,-0.07254337669048194
TXN000331292,CUST068127,2022-01-05,06:30,Savings,UPI,1760.98,Credit,87597.18,Entertainment,Delhi,749,1,Education,3469.86,Success,Branch,Verified,0,6,-1,-0.013653137642370083
TXN000331352,CUST076733,2022-01-05,14:35,Current,Cheque,1332313.68,Credit,207665.99,Peer Transfer,Karnataka,515,1,Gold,7854.1,Success,Web,Verified,1,14,-1,-0.0448521331498305
TXN000331403,CUST063144,2022-01-06,00:33,NRI,Cheque,1480326.63,Debit,888036.63,Healthcare,Tamil Nadu,577,0,Unknown,0.0,Success,Mobile_App,Verified,0,0,-1,-0.030273710658893282
TXN000331448,CUST066772,2022-01-06,09:46,NRI,RTGS,1835668.75,Credit,217870.42,Investment,Maharashtra,879,0,Unknown,0.0,Success,Mobile_App,Verified,0,9,-1,-0.04050899215909243
TXN000331659,CUST052033,2022-01-06,15:24,Fixed Deposit,Auto_Debit,629.29,Debit,315637.69,Salary,Delhi,680,0,Unknown,0.0,Success,Web,Verified,0,15,-1,-0.03487478957828738
TXN000332054,CUST041482,2022-01-08,18:36,Savings,UPI,15305.0,Credit,8581.43,Government,Maharashtra,877,1,Auto,22775.22,Success,Mobile_App,Verified,0,18,-1,-0.005348463898833478
TXN000332149,CUST054550,2022-01-08,18:46,Savings,RTGS,388755.35,Debit,142384.82,E-Commerce,West Bengal,759,0,Unknown,0.0,Success,Web,Verified,0,18,-1,-0.004529762225975897
TXN000332195,CUST004741,2022-01-08,07:32,Savings,RTGS,470503.04,Credit,13367.97,E-Commerce,West Bengal,314,0,Unknown,0.0,Success,Mobile_App,Verified,0,7,-1,-0.07054840823014474
TXN000332256,CUST031323,2022-01-08,16:12,Salary,Cheque,1066472.01,Debit,329281.57,Food & Dining,Delhi,662,1,Home,6145.43,Success,ATM,Verified,0,16,-1,-0.0056561079220142085
TXN000332618,CUST062671,2022-01-10,08:23,Fixed Deposit,RTGS,64882.44,Credit,139027.9,Investment,Maharashtra,783,0,Unknown,0.0,Success,Branch,Pending,0,8,-1,-0.00810565078227965
TXN000332624,CUST007985,2022-01-10,01:58,Fixed Deposit,UPI,387.23,Credit,472895.15,Investment,Telangana,616,0,Unknown,0.0,Success,Web,Verified,0,1,-1,-0.015594344039619124
TXN000332760,CUST050870,2022-01-10,11:21,Fixed Deposit,ATM_Withdrawal,5000.0,Debit,125969.01,Investment,Karnataka,488,0,Unknown,0.0,Success,Web,Pending,0,11,-1,-0.004750620215659751
TXN000333008,CUST074262,2022-01-11,16:03,Salary,Cheque,1838484.21,Credit,110081.15,Salary,Tamil Nadu,360,0,Unknown,0.0,Success,Web,Verified,0,16,-1,-0.0324636748072159
TXN000333115,CUST017372,2022-01-11,14:27,Current,NEFT,3549.72,Debit,34737.25,Food & Dining,Delhi,535,1,Home,29273.33,Success,Mobile_App,Verified,0,14,-1,-0.0380543094820085
TXN000333168,CUST058323,2022-01-11,11:44,Fixed Deposit,Credit_Card,498.94,Debit,8875.93,Investment,Gujarat,326,0,Unknown,0.0,Success,ATM,Verified,0,11,-1,-0.03162089136561974
TXN000333240,CUST023028,2022-01-12,14:10,Current,RTGS,1329038.84,Credit,134912.82,E-Commerce,Telangana,339,1,Business,8247.3,Success,ATM,Verified,0,14,-1,-0.05309425820080105
TXN000333471,CUST059781,2022-01-12,19:41,Savings,IMPS,13090.78,Credit,31592.88,Peer Transfer,Punjab,782,0,Unknown,0.0,Success,API,Pending,0,19,-1,-0.015278357585274405
TXN000333491,CUST068613,2022-01-12,17:06,Savings,NEFT,9712.37,Debit,28097.46,Travel,Maharashtra,724,1,Home,44456.22,Success,Web,Verified,0,17,-1,-0.006890807450300573
TXN000333505,CUST038852,2022-01-12,10:38,Savings,RTGS,684596.44,Debit,12940.8,Education,Delhi,401,0,Unknown,0.0,Success,Mobile_App,Verified,0,10,-1,-0.010161492289103569
TXN000333637,CUST024432,2022-01-13,01:48,Savings,RTGS,1157440.5,Credit,14159.74,E-Commerce,Maharashtra,614,1,Personal,2101.19,Success,POS_Terminal,Pending,0,1,-1,-0.010187981611120778
TXN000333674,CUST045580,2022-01-13,16:15,Current,RTGS,535254.4,Credit,265996.28,Healthcare,Maharashtra,801,0,Unknown,0.0,Success,Branch,Verified,0,16,-1,-0.003472114042512353
TXN000333788,CUST064200,2022-01-13,13:04,Current,RTGS,1446652.81,Debit,75944.66,Government,Telangana,815,0,Unknown,0.0,Success,Web,Verified,0,13,-1,-0.041976070019629885
TXN000333912,CUST079365,2022-01-14,05:12,Current,RTGS,245930.31,Debit,45480.54,Retail,Telangana,649,0,Unknown,0.0,Success,Branch,Verified,0,5,-1,-0.00988649120796714
TXN000333963,CUST031966,2022-01-14,10:38,Current,RTGS,4652663.29,Debit,13323.55,Investment,Delhi,669,0,Unknown,0.0,Success,Web,Verified,1,10,-1,-0.06506569441394439
TXN000333968,CUST064124,2022-01-14,11:53,Current,RTGS,1382267.52,Debit,35015.37,Retail,Delhi,300,0,Unknown,0.0,Success,ATM,Pending,0,11,-1,-0.00840577896734207
TXN000334023,CUST007092,2022-01-14,11:21,Fixed Deposit,Auto_Debit,3217.72,Debit,22431.09,Retail,Tamil Nadu,488,1,Business,22959.89,Success,ATM,Verified,0,11,-1,-0.07596502586032627
TXN000334613,CUST048606,2022-01-16,02:55,Savings,RTGS,1707826.82,Debit,10844.82,Entertainment,UP,878,0,Unknown,0.0,Success,POS_Terminal,Verified,0,2,-1,-0.1008262773459575
TXN000335024,CUST064253,2022-01-18,19:52,Current,RTGS,666104.42,Credit,15034.11,Government,Telangana,512,0,Unknown,0.0,Success,POS_Terminal,Verified,0,19,-1,-0.017887894513778257
TXN000335054,CUST001493,2022-01-18,07:38,Savings,Cheque,2852898.19,Debit,9965.11,Peer Transfer,Telangana,858,0,Unknown,0.0,Success,Mobile_App,Verified,0,7,-1,-0.09346315584460596
TXN000335076,CUST025701,2022-01-18,09:55,Current,ATM_Withdrawal,1000.0,Debit,138808.96,Insurance,Telangana,548,0,Unknown,0.0,Success,ATM,Verified,0,9,-1,-0.015004903519162949
TXN000335108,CUST056675,2022-01-18,01:56,Savings,NEFT,1293.0,Credit,32083.68,E-Commerce,Gujarat,864,0,Unknown,0.0,Success,POS_Terminal,Verified,0,1,-1,-0.0008724768366912272
TXN000335176,CUST078312,2022-01-18,13:13,Fixed Deposit,UPI,959.97,Credit,30519.9,Peer Transfer,Rajasthan,654,1,Business,23260.05,Success,Branch,Verified,0,13,-1,-0.009769905152955838
TXN000335798,CUST060405,2022-01-20,18:17,Salary,RTGS,1231634.72,Credit,37524.38,E-Commerce,Gujarat,541,0,Unknown,0.0,Success,Mobile_App,Pending,0,18,-1,-0.04242514269750497
TXN000335845,CUST052128,2022-01-20,02:17,Current,RTGS,43194.44,Credit,3297.94,Investment,Maharashtra,553,1,Personal,6228.52,Success,POS_Terminal,Verified,0,2,-1,-0.004152045542810789
TXN000335908,CUST065308,2022-01-21,11:29,Fixed Deposit,POS,1739.02,Debit,101572.25,E-Commerce,Tamil Nadu,628,1,Personal,12406.96,Success,POS_Terminal,Verified,0,11,-1,-0.017310438253665628
TXN000335948,CUST064998,2022-01-21,03:46,Salary,Cheque,1431518.82,Credit,41027.61,Investment,Telangana,533,0,Unknown,0.0,Success,Mobile_App,Verified,0,3,-1,-0.04884495949364853
TXN000336194,CUST004821,2022-01-22,18:03,Salary,Net_Banking,16598.25,Credit,183845.38,Peer Transfer,Delhi,799,1,Business,14876.83,Success,Mobile_App,Verified,0,18,-1,-0.002611775710644415
TXN000336314,CUST058395,2022-01-22,01:45,Savings,RTGS,442110.39,Credit,26960.3,Investment,Karnataka,643,0,Unknown,0.0,Success,Mobile_App,Verified,0,1,-1,-0.0028454058840331475
TXN000336424,CUST066059,2022-01-22,16:07,Current,UPI,212.91,Credit,16310.27,Insurance,Punjab,616,1,Education,22561.47,Success,Mobile_App,Verified,0,16,-1,-0.03629731368387901
TXN000336433,CUST059250,2022-01-22,01:54,Savings,Auto_Debit,3366.35,Debit,996055.35,Utilities,Delhi,739,0,Unknown,0.0,Success,Mobile_App,Verified,0,1,-1,-0.0030942047859351396
TXN000336467,CUST057507,2022-01-22,15:22,Savings,UPI,1093.92,Credit,2521248.35,Entertainment,West Bengal,671,1,Business,14627.72,Success,API,Verified,0,15,-1,-0.04145530876419912
TXN000336614,CUST023490,2022-01-23,13:36,Savings,ATM_Withdrawal,1000.0,Debit,4090.55,Investment,Rajasthan,548,0,Unknown,0.0,Success,Mobile_App,Verified,0,13,-1,-0.001099339058245219
TXN000336713,CUST027094,2022-01-23,17:25,Current,RTGS,1290939.98,Credit,27820.79,E-Commerce,Gujarat,895,1,Unknown,2933.37,Reversed,POS_Terminal,Verified,0,17,-1,-0.010318568066537304
TXN000337068,CUST061894,2022-01-24,21:06,Salary,UPI,524.03,Debit,13750.01,E-Commerce,Karnataka,707,1,Personal,33320.23,Success,Mobile_App,Verified,0,21,-1,-0.007365029647008692
TXN000337158,CUST077121,2022-01-25,11:02,Savings,UPI,300.75,Debit,12233.35,Utilities,Gujarat,584,1,Education,27877.5,Success,Web,Verified,0,11,-1,-0.007233958586163602
TXN000337229,CUST042573,2022-01-25,18:35,Savings,RTGS,545978.78,Credit,103774.78,Insurance,Maharashtra,864,1,Personal,11574.4,Success,POS_Terminal,Verified,0,18,-1,-0.028098961475668927
TXN000337325,CUST017705,2022-01-25,23:02,Savings,RTGS,1015533.9,Credit,9737.76,Education,Tamil Nadu,670,0,Unknown,0.0,Success,Mobile_App,Verified,0,23,-1,-0.04284670727266604
TXN000337594,CUST079487,2022-01-26,22:42,Savings,RTGS,74330.83,Debit,37619.2,Salary,Karnataka,792,0,Unknown,0.0,Success,POS_Terminal,Pending,0,22,-1,-0.021159535877717572
TXN000337726,CUST041844,2022-01-27,23:36,Savings,Auto_Debit,1154.63,Debit,34015.61,E-Commerce,Maharashtra,326,0,Unknown,0.0,Success,Web,Verified,0,23,-1,-0.033535231387178954
TXN000337769,CUST063045,2022-01-27,01:28,Current,RTGS,1173064.53,Credit,156488.16,Peer Transfer,Maharashtra,772,0,Unknown,0.0,Success,ATM,Verified,0,1,-1,-0.027471773211772632
TXN000337782,CUST018776,2022-01-27,02:45,Salary,UPI,150.02,Credit,7141.72,Food & Dining,Tamil Nadu,313,1,Unknown,24451.68,Success,Mobile_App,Verified,0,2,-1,-0.025898704096606773
TXN000338171,CUST032635,2022-01-28,23:42,Current,RTGS,899733.82,Credit,8721.22,Utilities,Maharashtra,714,0,Unknown,0.0,Success,Mobile_App,Verified,0,23,-1,-0.034940206688919284
TXN000338211,CUST069318,2022-01-28,23:10,NRI,IMPS,1975.06,Credit,1350636.43,Salary,Maharashtra,701,1,Gold,12148.39,Success,Branch,Pending,0,23,-1,-0.010920341709979464
TXN000338221,CUST051696,2022-01-28,01:17,Fixed Deposit,RTGS,557550.24,Credit,27842.93,Education,Rajasthan,682,0,Unknown,0.0,Success,API,Verified,0,1,-1,-0.028231606909838503
TXN000338412,CUST022705,2022-01-29,00:12,NRI,UPI,669.84,Debit,66095.32,Fuel,West Bengal,801,1,Personal,105520.5,Reversed,API,Verified,0,0,-1,-0.08522095221033965
TXN000338604,CUST022804,2022-01-30,07:50,NRI,POS,5886.94,Debit,144002.36,Utilities,Maharashtra,649,1,Personal,59468.39,Success,Web,Verified,0,7,-1,-0.08477598591201085
TXN000338665,CUST022639,2022-01-30,17:16,Savings,RTGS,744765.0,Debit,389421.33,Fuel,Karnataka,687,1,Unknown,22292.19,Success,Mobile_App,Pending,0,17,-1,-0.005129582703887747
TXN000338680,CUST069280,2022-01-30,15:35,Salary,RTGS,522583.03,Credit,83003.88,E-Commerce,Gujarat,573,0,Unknown,0.0,Success,POS_Terminal,Verified,0,15,-1,-0.03622864995201769
TXN000338850,CUST023285,2022-01-31,11:59,Current,ATM_Withdrawal,1000.0,Debit,3319.19,Healthcare,Karnataka,714,1,Home,4806.5,Failed,Mobile_App,Verified,0,11,-1,-0.006624166614665916
TXN000339070,CUST012809,2022-01-31,02:04,Current,RTGS,236657.5,Credit,204176.86,Peer Transfer,Karnataka,619,1,Home,10664.51,Success,Mobile_App,Verified,0,2,-1,-0.0018243903115237048
TXN000339104,CUST065464,2022-01-31,05:04,Current,NEFT,592111.84,Debit,87945.28,Peer Transfer,Delhi,501,0,Unknown,0.0,Success,Mobile_App,Verified,0,5,-1,-0.01621874345284935
TXN000339202,CUST058483,2022-02-01,06:47,Current,Net_Banking,1991.72,Debit,22921.49,Education,Maharashtra,575,1,Unknown,29476.44,Success,Web,Verified,0,6,-1,-0.029651276680466854
TXN000339255,CUST025712,2022-02-01,14:11,Savings,UPI,516.1,Credit,82418.4,Travel,UP,505,0,Unknown,0.0,Reversed,Mobile_App,Verified,0,14,-1,-0.01589311560431217
TXN000339385,CUST059554,2022-02-01,03:38,Salary,UPI,323.98,Debit,380951.63,Entertainment,Rajasthan,782,1,Unknown,5425.55,Success,Mobile_App,Verified,0,3,-1,-0.0036909286812083497
TXN000339466,CUST049312,2022-02-02,21:11,Salary,Auto_Debit,9408.16,Debit,40663.86,Investment,Maharashtra,488,1,Auto,20057.77,Failed,POS_Terminal,Verified,0,21,-1,-0.026919224471878
TXN000339473,CUST015734,2022-02-02,10:27,Fixed Deposit,RTGS,981307.33,Credit,26515.79,Retail,Karnataka,354,0,Unknown,0.0,Success,Web,Verified,0,10,-1,-0.008963215662506574
TXN000339482,CUST004037,2022-02-02,23:24,Fixed Deposit,ATM_Withdrawal,2000.0,Debit,46262.12,Peer Transfer,Maharashtra,654,1,Home,9217.55,Success,ATM,Verified,0,23,-1,-0.0006370184953211622
TXN000339531,CUST007701,2022-02-02,15:31,Salary,RTGS,1554809.15,Debit,34002.36,Entertainment,Maharashtra,374,0,Unknown,0.0,Success,ATM,Verified,0,15,-1,-0.028742008256905205
TXN000339614,CUST071696,2022-02-02,13:27,Current,RTGS,512004.47,Credit,18058.55,E-Commerce,Delhi,446,0,Unknown,0.0,Success,ATM,Pending,0,13,-1,-0.0007844414381336096
TXN000339634,CUST028461,2022-02-02,05:05,NRI,RTGS,1349927.39,Debit,129687.34,Fuel,UP,810,1,Unknown,5704.04,Success,Mobile_App,Verified,0,5,-1,-0.0422865747396326
TXN000339730,CUST042517,2022-02-02,12:38,Savings,RTGS,1334799.17,Credit,17874.34,Investment,Telangana,860,0,Unknown,0.0,Success,Web,Verified,0,12,-1,-0.05611316432960434
TXN000339844,CUST027125,2022-02-03,01:10,Current,RTGS,2129666.35,Debit,40164.63,Utilities,Rajasthan,670,0,Unknown,0.0,Success,Branch,Verified,0,1,-1,-0.07222106032408238
TXN000339963,CUST055307,2022-02-03,15:43,Fixed Deposit,RTGS,72953.61,Credit,12208.21,Retail,Tamil Nadu,640,1,Home,7532.8,Success,ATM,Verified,0,15,-1,-0.06328625094522855
TXN000340115,CUST069275,2022-02-04,09:45,Salary,RTGS,1211479.59,Credit,52884.05,Retail,Tamil Nadu,333,1,Personal,5203.72,Success,Mobile_App,Verified,0,9,-1,-0.04096061671387452
TXN000340263,CUST069617,2022-02-04,17:45,Savings,RTGS,1361083.68,Credit,17005.61,Utilities,Tamil Nadu,528,0,Unknown,0.0,Success,Web,Verified,0,17,-1,-0.03964355869277214
TXN000340344,CUST035970,2022-02-04,16:48,Savings,UPI,1305.89,Debit,118427.0,E-Commerce,Rajasthan,792,1,Business,42487.64,Success,Web,Verified,0,16,-1,-0.03772030935574777
TXN000340377,CUST039897,2022-02-04,08:49,Salary,POS,1294.88,Debit,28866.28,E-Commerce,Rajasthan,518,1,Business,25478.26,Success,POS_Terminal,Verified,0,8,-1,-0.06841784617516045
TXN000340440,CUST046243,2022-02-05,21:05,NRI,Cheque,1472421.4,Debit,36637.15,Utilities,Delhi,897,0,Unknown,0.0,Success,Web,Verified,0,21,-1,-0.027584064897892113
TXN000340590,CUST016808,2022-02-05,16:58,Salary,RTGS,1062038.04,Debit,14322.62,Government,Maharashtra,479,1,Personal,9445.29,Success,Branch,Verified,0,16,-1,-0.0055953484783435314
TXN000340692,CUST058063,2022-02-06,00:19,NRI,RTGS,417814.82,Credit,5062.86,Education,Karnataka,694,0,Unknown,0.0,Success,POS_Terminal,Verified,0,0,-1,-0.0018732960732299464
TXN000340724,CUST039611,2022-02-06,14:14,Savings,POS,1911.36,Debit,25632.11,Entertainment,Delhi,797,1,Personal,29471.83,Success,Mobile_App,Verified,0,14,-1,-0.0021612899534556584
TXN000340798,CUST058851,2022-02-06,23:44,Salary,UPI,1404.29,Credit,157190.78,Travel,Tamil Nadu,755,1,Education,66861.09,Success,Web,Verified,0,23,-1,-0.0307121796084604
TXN000340824,CUST074025,2022-02-06,20:03,Current,UPI,968.02,Debit,8898.64,Food & Dining,Maharashtra,573,1,Unknown,44543.44,Success,API,Verified,0,20,-1,-0.002581417579839651
TXN000340857,CUST030531,2022-02-06,08:46,Fixed Deposit,POS,219.84,Debit,11113.99,Peer Transfer,West Bengal,654,1,Home,17961.26,Success,Mobile_App,Verified,0,8,-1,-0.0017352479008627686
TXN000340894,CUST048844,2022-02-06,14:53,Savings,IMPS,4898.69,Debit,148986.32,Food & Dining,Telangana,326,0,Unknown,0.0,Success,Mobile_App,Verified,0,14,-1,-0.0143435636651561
TXN000341039,CUST057250,2022-02-07,03:50,Savings,Auto_Debit,1379.26,Debit,372192.43,E-Commerce,Tamil Nadu,326,1,Home,3040.51,Success,Mobile_App,Verified,0,3,-1,-0.04104803638332344
TXN000341211,CUST027162,2022-02-07,03:55,NRI,Auto_Debit,603.5,Debit,8876.2,Travel,Gujarat,785,1,Business,4688.43,Success,Branch,Verified,0,3,-1,-0.009826764927556964
TXN000341277,CUST026495,2022-02-07,16:36,Current,Cheque,2810018.27,Debit,6109.04,Healthcare,Delhi,454,0,Unknown,0.0,Success,POS_Terminal,Verified,0,16,-1,-0.09497418543964387
TXN000341289,CUST019135,2022-02-08,12:38,Savings,NEFT,2064123.52,Credit,21912.88,Retail,Maharashtra,597,0,Unknown,0.0,Success,Web,Verified,0,12,-1,-0.08434903818727169
TXN000341309,CUST011445,2022-02-08,09:39,Salary,Cheque,794605.51,Credit,10368.93,Utilities,West Bengal,821,1,Business,5477.39,Success,Mobile_App,Verified,0,9,-1,-0.044420895998671384
TXN000341476,CUST047737,2022-02-08,08:19,Fixed Deposit,Cheque,1375983.24,Debit,15642.92,E-Commerce,Delhi,759,0,Unknown,0.0,Success,Mobile_App,Verified,0,8,-1,-0.08772383469684841
TXN000341512,CUST001777,2022-02-08,13:48,Salary,IMPS,208.58,Credit,54254.59,Education,Gujarat,549,1,Business,14205.97,Success,Web,Verified,0,13,-1,-0.007326541976370948
TXN000341513,CUST037716,2022-02-08,21:34,Salary,POS,533.65,Debit,188571.6,Education,Telangana,585,1,Personal,20657.44,Success,Web,Verified,0,21,-1,-0.0005338429038264092
TXN000341592,CUST018788,2022-02-09,21:06,Salary,RTGS,2170637.59,Credit,74380.57,Insurance,Rajasthan,868,1,Education,4782.28,Success,Mobile_App,Verified,0,21,-1,-0.06233832825741381
TXN000341594,CUST079802,2022-02-09,16:59,Savings,IMPS,6454.62,Credit,28297.06,Investment,Maharashtra,505,0,Unknown,0.0,Success,Mobile_App,Verified,0,16,-1,-0.024033144380079308
TXN000341631,CUST078080,2022-02-09,03:09,Savings,UPI,155.9,Debit,292170.83,Real Estate,Rajasthan,326,1,Education,9828.34,Success,Mobile_App,Verified,0,3,-1,-0.015072021818978376
TXN000341660,CUST068734,2022-02-09,11:40,Salary,RTGS,1171853.32,Credit,18540.68,Retail,Telangana,583,0,Unknown,0.0,Success,Mobile_App,Verified,0,11,-1,-0.03687218828267924
TXN000341740,CUST014983,2022-02-09,23:11,Salary,POS,208.84,Debit,84025.33,Government,Tamil Nadu,782,0,Unknown,0.0,Success,API,Verified,0,23,-1,-0.009963021347378032
TXN000341884,CUST025729,2022-02-09,07:39,Savings,RTGS,1457991.23,Debit,284530.31,Utilities,UP,693,0,Unknown,0.0,Success,ATM,Verified,0,7,-1,-0.01871042924539612
TXN000341999,CUST075073,2022-02-10,03:45,Current,IMPS,2822.53,Debit,105090.74,Insurance,Tamil Nadu,782,1,Business,15731.34,Success,Mobile_App,Verified,0,3,-1,-0.03308978683788577
TXN000342013,CUST059545,2022-02-10,21:09,Savings,Cheque,3843864.9,Debit,15281.76,Fuel,Delhi,537,0,Unknown,0.0,Success,Web,Verified,0,21,-1,-0.0816343443682177
TXN000342110,CUST044196,2022-02-10,22:51,NRI,UPI,214.47,Credit,10821.47,Peer Transfer,West Bengal,792,0,Unknown,0.0,Success,Web,Verified,0,22,-1,-0.015009482754519743
TXN000342471,CUST038417,2022-02-11,23:31,Fixed Deposit,RTGS,341726.31,Credit,7146.09,Investment,Maharashtra,506,0,Unknown,0.0,Success,POS_Terminal,Verified,0,23,-1,-0.009696143025729409
TXN000342495,CUST058042,2022-02-12,11:19,NRI,RTGS,808584.45,Credit,31685.72,Peer Transfer,Maharashtra,488,0,Unknown,0.0,Success,Web,Verified,0,11,-1,-0.03576733889009032
TXN000342548,CUST053867,2022-02-12,01:27,Savings,RTGS,1231447.36,Credit,188728.25,Retail,Maharashtra,346,0,Unknown,0.0,Success,Mobile_App,Verified,0,1,-1,-0.0419356895012597
TXN000342649,CUST068381,2022-02-12,04:30,Savings,Cheque,2875629.53,Credit,246413.91,Entertainment,Delhi,556,0,Unknown,0.0,Success,Mobile_App,Verified,0,4,-1,-0.08240128106411304
TXN000342869,CUST076357,2022-02-13,06:49,Fixed Deposit,RTGS,696234.44,Credit,12628.37,Travel,Gujarat,884,0,Unknown,0.0,Success,Mobile_App,Verified,0,6,-1,-0.01783146318981832
TXN000342896,CUST070418,2022-02-13,15:28,Savings,Net_Banking,121034.18,Debit,98655.79,Salary,Delhi,406,0,Unknown,0.0,Success,Branch,Verified,0,15,-1,-0.009273572169907984
TXN000342930,CUST003327,2022-02-13,19:48,Fixed Deposit,UPI,1200.42,Credit,85273.43,Healthcare,Rajasthan,429,1,Unknown,16738.44,Pending,Mobile_App,Pending,0,19,-1,-0.00999029719244593
TXN000342989,CUST045373,2022-02-13,22:08,Current,UPI,148.02,Credit,54673.34,Real Estate,Delhi,792,0,Unknown,0.0,Success,ATM,Verified,0,22,-1,-0.007940592937910051
TXN000343037,CUST074433,2022-02-13,02:19,Current,ATM_Withdrawal,5000.0,Debit,4686198.92,Insurance,Gujarat,813,1,Home,10301.36,Success,Branch,Verified,0,2,-1,-0.08435622122906106
TXN000343088,CUST035371,2022-02-13,01:17,NRI,RTGS,376131.46,Debit,16220.53,Fuel,Karnataka,687,0,Unknown,0.0,Success,Mobile_App,Verified,0,1,-1,-0.0019183260260369206
TXN000343278,CUST023934,2022-02-14,01:57,Savings,POS,3669.0,Debit,87104.12,Retail,Karnataka,501,1,Unknown,11024.08,Success,API,Verified,0,1,-1,-0.01251791915002487
TXN000343281,CUST073068,2022-02-14,18:37,Savings,RTGS,363579.48,Debit,60942.6,Education,Delhi,729,0,Unknown,0.0,Success,API,Verified,0,18,-1,-0.010531935339231246
TXN000343319,CUST038897,2022-02-14,19:24,Savings,RTGS,2644203.86,Debit,65358.61,Travel,Maharashtra,807,1,Personal,9538.14,Success,Mobile_App,Verified,0,19,-1,-0.061780651694030575
TXN000343393,CUST075428,2022-02-14,16:32,NRI,NEFT,1671008.83,Credit,14077.67,Peer Transfer,Gujarat,524,0,Unknown,0.0,Success,Mobile_App,Verified,0,16,-1,-0.013171143531574891
TXN000343407,CUST069672,2022-02-14,07:08,Savings,RTGS,2211887.17,Credit,72425.8,Peer Transfer,Delhi,310,1,Education,1669.86,Success,Branch,Verified,0,7,-1,-0.0750315062400464
TXN000343511,CUST067968,2022-02-15,16:33,Salary,RTGS,538550.05,Debit,21987.3,Peer Transfer,Karnataka,364,0,Unknown,0.0,Success,Branch,Expired,0,16,-1,-0.007997411922903375
TXN000343547,CUST079438,2022-02-15,11:33,Salary,Cheque,2442602.49,Debit,6656.08,Food & Dining,Delhi,719,0,Unknown,0.0,Success,Branch,Verified,0,11,-1,-0.09827148972630373
TXN000343549,CUST009251,2022-02-15,22:35,Salary,RTGS,3524629.07,Debit,48689.14,Education,Maharashtra,756,1,Home,2601.51,Success,POS_Terminal,Verified,0,22,-1,-0.08425503231924358
TXN000343622,CUST040180,2022-02-15,21:43,Savings,RTGS,922376.3,Credit,61489.41,Fuel,Telangana,739,1,Education,7025.79,Success,Mobile_App,Verified,0,21,-1,-0.027578677116430583
TXN000343723,CUST034446,2022-02-16,21:19,NRI,NEFT,11826.24,Debit,77044.32,Salary,Maharashtra,864,0,Unknown,0.0,Success,ATM,Verified,0,21,-1,-0.006077977784596622
TXN000343742,CUST002780,2022-02-16,23:26,Current,IMPS,640.53,Debit,12120.6,Salary,West Bengal,722,1,Unknown,31038.89,Success,ATM,Expired,0,23,-1,-0.026552632827151257
TXN000343785,CUST044358,2022-02-16,13:16,Current,RTGS,270496.47,Credit,16486.47,Travel,Maharashtra,750,1,Education,3263.26,Success,POS_Terminal,Verified,0,13,-1,-0.018814021449685803
TXN000343882,CUST023755,2022-02-16,08:03,Salary,NEFT,30364.52,Debit,8919.68,E-Commerce,Telangana,591,1,Gold,53967.88,Success,API,Verified,0,8,-1,-0.05367961507541108
TXN000343980,CUST019210,2022-02-16,01:32,Savings,UPI,2779.31,Debit,55623.45,Retail,Gujarat,803,0,Unknown,0.0,Success,POS_Terminal,Verified,0,1,-1,-0.016130387103012955
TXN000344076,CUST011762,2022-02-17,22:24,Current,RTGS,616585.68,Credit,3768.57,Retail,Tamil Nadu,798,0,Unknown,0.0,Reversed,POS_Terminal,Verified,0,22,-1,-0.016229630879020518
TXN000344441,CUST061511,2022-02-18,06:01,Current,UPI,3360.77,Credit,12785.6,Retail,Delhi,792,0,Unknown,0.0,Success,Web,Pending,0,6,-1,-0.013817744909222718
TXN000344500,CUST046342,2022-02-18,16:19,Current,Cheque,661289.24,Debit,31906.96,Peer Transfer,West Bengal,680,0,Unknown,0.0,Success,Web,Verified,0,16,-1,-0.00563247544108203
TXN000344649,CUST054314,2022-02-19,20:15,Salary,RTGS,1860710.43,Debit,35249.26,Investment,Maharashtra,330,1,Personal,5940.35,Success,ATM,Verified,0,20,-1,-0.07043207916720429
TXN000344796,CUST050685,2022-02-19,10:37,Savings,IMPS,3224.72,Credit,29441.23,E-Commerce,Telangana,782,1,Home,17068.84,Success,Mobile_App,Verified,0,10,-1,-0.04125035874072236
TXN000344909,CUST063232,2022-02-20,00:19,Current,Cheque,2166457.56,Credit,270973.62,Food & Dining,Karnataka,513,1,Auto,8552.93,Success,Web,Verified,0,0,-1,-0.055314159478311975
TXN000344968,CUST028620,2022-02-20,21:34,Savings,RTGS,947804.19,Credit,33447.28,Utilities,West Bengal,572,0,Unknown,0.0,Success,Branch,Verified,0,21,-1,-0.03315278442147607
TXN000345042,CUST011284,2022-02-20,14:41,Savings,Auto_Debit,2837.6,Debit,7488.64,Travel,West Bengal,739,1,Unknown,1728.69,Success,Mobile_App,Verified,0,14,-1,-0.011396800590911527
TXN000345061,CUST012341,2022-02-20,15:02,Salary,Net_Banking,6959.52,Credit,22271.44,Utilities,Karnataka,349,1,Auto,57523.57,Success,ATM,Verified,0,15,-1,-0.006681386994867644
TXN000345066,CUST060499,2022-02-20,11:55,Savings,RTGS,1029132.37,Credit,180795.19,E-Commerce,Gujarat,541,0,Unknown,0.0,Success,ATM,Verified,0,11,-1,-0.020612744316873766
TXN000345158,CUST064392,2022-02-20,11:23,Current,IMPS,391.8,Credit,339120.74,Travel,Delhi,505,0,Unknown,0.0,Success,Mobile_App,Verified,0,11,-1,-0.02839897848431916
TXN000345368,CUST035251,2022-02-21,08:24,Savings,RTGS,2120016.22,Credit,1655.12,Peer Transfer,Tamil Nadu,367,0,Unknown,0.0,Success,Web,Pending,0,8,-1,-0.07621559763649943
TXN000345372,CUST057893,2022-02-21,09:20,Savings,Net_Banking,486.51,Debit,14846.06,Real Estate,Maharashtra,595,1,Business,72891.73,Success,Web,Pending,0,9,-1,-0.020105428271499748
TXN000345376,CUST046291,2022-02-21,19:25,Salary,Auto_Debit,805.58,Debit,75803.63,Utilities,Gujarat,847,1,Personal,67656.91,Success,API,Verified,0,19,-1,-0.01191022136592279
TXN000345496,CUST037945,2022-02-22,06:22,Current,IMPS,10493.55,Debit,67802.81,Entertainment,Tamil Nadu,782,0,Unknown,0.0,Success,Mobile_App,Verified,0,6,-1,-0.005863114138145442
TXN000345744,CUST075493,2022-02-22,00:46,Current,IMPS,706.13,Credit,43307.6,Investment,Maharashtra,782,1,Home,5839.13,Success,API,Verified,0,0,-1,-0.00332560827807471
TXN000345928,CUST020795,2022-02-23,10:20,Salary,Cheque,1307541.27,Debit,15089.36,Retail,Punjab,383,1,Unknown,5227.2,Success,Mobile_App,Expired,0,10,-1,-0.0013976403425507433
TXN000345981,CUST023445,2022-02-23,03:50,NRI,UPI,800.62,Debit,80864.03,Peer Transfer,West Bengal,640,1,Personal,6854.67,Success,Web,Verified,0,3,-1,-0.0018856174126770098
TXN000346135,CUST042234,2022-02-24,15:14,Savings,NEFT,6406.6,Credit,271490.52,Utilities,Telangana,864,0,Unknown,0.0,Success,Mobile_App,Verified,0,15,-1,-0.008016929429754738
TXN000346286,CUST073761,2022-02-24,05:56,Savings,NEFT,118440.09,Credit,48750.86,Salary,Tamil Nadu,505,0,Unknown,0.0,Success,ATM,Verified,0,5,-1,-0.03988749231245492
TXN000346424,CUST055582,2022-02-25,00:31,Salary,RTGS,870353.79,Credit,3221.37,Investment,Delhi,831,1,Personal,1526.22,Success,ATM,Pending,0,0,-1,-0.04866979838919583
TXN000346630,CUST053016,2022-02-25,16:48,Current,RTGS,665126.0,Debit,25630.37,Healthcare,Karnataka,753,1,Personal,27382.71,Success,Web,Pending,0,16,-1,-0.00763866185578399
TXN000346782,CUST036685,2022-02-26,21:50,Savings,Net_Banking,25704.67,Debit,158751.63,Healthcare,Gujarat,782,1,Business,6974.28,Reversed,Web,Verified,0,21,-1,-0.018701265000694578
TXN000346803,CUST029718,2022-02-26,06:23,Savings,POS,1036.19,Debit,23413.35,E-Commerce,Tamil Nadu,725,1,Personal,20436.89,Success,Mobile_App,Verified,0,6,-1,-0.0015188669496850604
TXN000347086,CUST060565,2022-02-27,15:24,Current,RTGS,1304986.01,Credit,41367.14,E-Commerce,Telangana,811,1,Home,6575.16,Success,Web,Verified,0,15,-1,-0.02321543555764327
TXN000347125,CUST027624,2022-02-27,00:53,Salary,Net_Banking,339518.18,Credit,62035.42,Food & Dining,Punjab,792,0,Unknown,0.0,Success,Branch,Verified,0,0,-1,-0.035115426373919734
TXN000347558,CUST054679,2022-03-01,19:35,Salary,RTGS,6151663.89,Debit,13970.11,E-Commerce,Karnataka,703,1,Home,2763.77,Success,Mobile_App,Verified,0,19,-1,-0.08495593493976583
TXN000347751,CUST050945,2022-03-01,03:12,Savings,UPI,300.25,Debit,7033.81,Healthcare,Maharashtra,610,1,Personal,42352.32,Success,Web,Verified,0,3,-1,-0.04334661464785683
TXN000347997,CUST001250,2022-03-02,00:33,NRI,RTGS,86262.17,Debit,41719.39,Travel,Gujarat,640,1,Personal,6979.52,Failed,Web,Verified,0,0,-1,-0.009116126597088381
TXN000348046,CUST017050,2022-03-02,04:02,Current,RTGS,430678.0,Debit,19193.26,Fuel,Karnataka,640,0,Unknown,0.0,Success,Mobile_App,Verified,0,4,-1,-0.06810465488307604
TXN000348172,CUST044269,2022-03-02,22:59,Savings,Cheque,335883.2,Credit,376418.15,Utilities,West Bengal,749,1,Business,4582.37,Success,Web,Verified,0,22,-1,-0.0019239530271077943
TXN000348209,CUST047485,2022-03-03,14:07,Savings,RTGS,1536990.01,Credit,3008.28,Government,West Bengal,306,0,Unknown,0.0,Success,API,Verified,0,14,-1,-0.023975030582866874
TXN000348327,CUST021507,2022-03-03,14:49,Current,UPI,883.96,Debit,85944.28,Utilities,Maharashtra,429,1,Auto,32082.34,Success,Web,Verified,0,14,-1,-0.02802403443547563
TXN000348359,CUST035538,2022-03-03,15:53,Savings,RTGS,223617.82,Credit,19521.81,Fuel,Punjab,401,0,Unknown,0.0,Failed,Mobile_App,Verified,0,15,-1,-0.03826020389551743
TXN000348443,CUST052813,2022-03-03,16:10,Fixed Deposit,UPI,2466.83,Credit,203404.08,Fuel,Tamil Nadu,310,0,Unknown,0.0,Success,Mobile_App,Verified,0,16,-1,-0.012188409880451001
TXN000348778,CUST007547,2022-03-05,16:30,Savings,RTGS,873357.15,Debit,11644.02,Travel,Karnataka,785,0,Unknown,0.0,Success,POS_Terminal,Verified,0,16,-1,-0.07775260451934496
TXN000348832,CUST016360,2022-03-05,03:02,Savings,Cheque,1182912.4,Debit,3539.69,E-Commerce,Telangana,645,1,Personal,1563.94,Success,Web,Verified,0,3,-1,-0.047423865444100155
TXN000348907,CUST009640,2022-03-05,03:55,Current,RTGS,224261.39,Debit,7339.27,Food & Dining,Rajasthan,425,1,Unknown,3390.62,Success,Mobile_App,Verified,0,3,-1,-0.0035246281960913395
TXN000349176,CUST067076,2022-03-06,15:53,Savings,RTGS,1051190.83,Debit,151397.03,Investment,Karnataka,338,0,Unknown,0.0,Success,ATM,Verified,0,15,-1,-0.008569993619571448
TXN000349240,CUST014516,2022-03-06,17:45,Salary,ATM_Withdrawal,2000.0,Debit,9486.97,Retail,Gujarat,495,1,Business,47329.5,Success,Mobile_App,Verified,0,17,-1,-0.0011045652243089066
TXN000349250,CUST013669,2022-03-06,13:42,Savings,Credit_Card,4198.59,Debit,26147.53,Investment,Gujarat,778,1,Personal,54844.69,Success,Mobile_App,Pending,0,13,-1,-0.015468154544066803
TXN000349352,CUST001023,2022-03-07,00:26,Current,RTGS,600255.84,Credit,41654.59,Education,Gujarat,774,0,Unknown,0.0,Success,POS_Terminal,Verified,0,0,-1,-0.03387396752366911
TXN000349441,CUST077070,2022-03-07,20:48,NRI,POS,2267.82,Debit,6449.95,Food & Dining,West Bengal,505,1,Business,63263.66,Success,Mobile_App,Verified,0,20,-1,-0.04136680263944592
TXN000349487,CUST015941,2022-03-07,02:52,Savings,POS,291.77,Debit,10962.17,Peer Transfer,West Bengal,708,1,Auto,17969.12,Success,API,Verified,0,2,-1,-0.0015672742808204854
TXN000349494,CUST067794,2022-03-07,11:46,Savings,ATM_Withdrawal,5000.0,Debit,40966.16,Travel,Telangana,505,0,Unknown,0.0,Success,ATM,Verified,0,11,-1,-0.021422983997141265
TXN000349553,CUST079788,2022-03-07,12:08,Fixed Deposit,RTGS,679656.09,Credit,17965.56,Entertainment,Karnataka,589,1,Home,11703.6,Reversed,Mobile_App,Pending,0,12,-1,-0.004071059650199493
TXN000349638,CUST008060,2022-03-07,14:22,Salary,POS,2866.84,Debit,285354.12,Real Estate,Tamil Nadu,821,1,Personal,32479.23,Success,ATM,Verified,0,14,-1,-0.04837813887648634
TXN000349668,CUST062801,2022-03-08,00:14,Salary,Cheque,1288314.19,Debit,26377.83,Retail,Telangana,828,1,Personal,3755.94,Success,POS_Terminal,Pending,0,0,-1,-0.027428952034069254
TXN000349756,CUST042590,2022-03-08,06:09,Savings,UPI,404.1,Credit,322494.69,Entertainment,Karnataka,501,1,Personal,5166.78,Failed,Mobile_App,Pending,0,6,-1,-0.018803904535587335
TXN000349784,CUST045751,2022-03-08,16:59,Savings,UPI,10966.46,Credit,23456.25,Education,UP,640,0,Unknown,0.0,Success,POS_Terminal,Verified,0,16,-1,-0.02413614296759814
TXN000349813,CUST035982,2022-03-08,12:01,Savings,ATM_Withdrawal,1000.0,Debit,109546.97,Retail,Telangana,548,0,Unknown,0.0,Success,Mobile_App,Verified,0,12,-1,-0.002841192407266324
TXN000349825,CUST064367,2022-03-08,12:22,Current,RTGS,1414625.72,Debit,22183.72,Fuel,Maharashtra,602,0,Unknown,0.0,Success,ATM,Verified,0,12,-1,-0.034675417348791426
TXN000349956,CUST069500,2022-03-08,15:14,NRI,UPI,533.22,Credit,20027.68,Retail,West Bengal,640,1,Education,8781.9,Success,POS_Terminal,Pending,0,15,-1,-0.01477656371334235
TXN000350018,CUST035112,2022-03-09,06:01,Fixed Deposit,NEFT,16646.25,Credit,46515.98,Food & Dining,Delhi,792,0,Unknown,0.0,Failed,Web,Verified,0,6,-1,-0.0004843029436508717
TXN000350288,CUST076001,2022-03-10,14:11,NRI,RTGS,795436.58,Debit,29592.19,E-Commerce,West Bengal,853,1,Unknown,4155.88,Success,Branch,Verified,0,14,-1,-0.014339912956829015
TXN000350293,CUST008240,2022-03-10,02:09,Fixed Deposit,NEFT,235870.84,Credit,6901.4,Salary,Tamil Nadu,803,0,Unknown,0.0,Success,Mobile_App,Verified,0,2,-1,-0.06104829627392794
TXN000350474,CUST019296,2022-03-10,20:37,Savings,RTGS,408637.77,Credit,28503.38,Education,Maharashtra,763,0,Unknown,0.0,Success,Web,Verified,0,20,-1,-0.05237433946456982
TXN000350498,CUST003502,2022-03-10,06:47,Salary,RTGS,2330215.13,Debit,72295.09,Food & Dining,Karnataka,627,0,Unknown,0.0,Success,POS_Terminal,Verified,0,6,-1,-0.07850812642353167
TXN000350726,CUST058471,2022-03-11,19:47,Current,UPI,399.4,Debit,134691.52,Utilities,UP,332,1,Home,39708.55,Success,Mobile_App,Verified,0,19,-1,-0.023012942757167587
TXN000350896,CUST040101,2022-03-12,23:09,Salary,RTGS,1073098.89,Credit,34820.74,Utilities,West Bengal,625,1,Personal,8573.55,Success,Web,Verified,0,23,-1,-0.020540770809376663
TXN000351125,CUST060457,2022-03-13,06:13,NRI,RTGS,40356.09,Debit,51419.16,Retail,Gujarat,676,0,Unknown,0.0,Success,Web,Verified,0,6,-1,-8.697213511221769e-05
TXN000351142,CUST077551,2022-03-13,19:34,Current,RTGS,135058.88,Credit,219868.31,Government,Maharashtra,792,0,Unknown,0.0,Success,Web,Verified,0,19,-1,-0.01996528498732264
TXN000351256,CUST070330,2022-03-13,07:31,Savings,NEFT,23917.29,Debit,8928.11,Entertainment,Rajasthan,645,1,Auto,44622.49,Success,POS_Terminal,Verified,0,7,-1,-0.054280186447244416
TXN000351318,CUST075515,2022-03-13,20:20,Current,RTGS,764688.91,Credit,30647.61,Food & Dining,Tamil Nadu,884,0,Unknown,0.0,Success,ATM,Verified,0,20,-1,-0.047864516838810434
TXN000351541,CUST072361,2022-03-14,06:22,Savings,NEFT,7124.89,Debit,6238.48,Utilities,Gujarat,650,1,Personal,72845.66,Success,Web,Verified,0,6,-1,-0.018543018093914565
TXN000351565,CUST016251,2022-03-14,04:29,Savings,RTGS,944825.09,Credit,33647.82,Salary,Tamil Nadu,724,0,Unknown,0.0,Success,Web,Verified,0,4,-1,-0.08509370007615846
TXN000351618,CUST045787,2022-03-14,11:06,Savings,ATM_Withdrawal,5000.0,Debit,13174.96,Retail,Maharashtra,714,1,Personal,1716.59,Success,Mobile_App,Verified,0,11,-1,-0.0019422043888872587
TXN000351686,CUST028241,2022-03-14,23:20,Current,NEFT,65049.7,Credit,229790.84,Food & Dining,Delhi,581,1,Unknown,30837.34,Success,Mobile_App,Verified,0,23,-1,-0.014795672961001816
TXN000351735,CUST015841,2022-03-14,06:20,Salary,NEFT,1081.9,Credit,149047.52,Real Estate,Telangana,560,1,Home,29462.98,Success,POS_Terminal,Verified,0,6,-1,-0.007363759700506178
TXN000351870,CUST076204,2022-03-15,18:01,Savings,ATM_Withdrawal,2000.0,Debit,11170.69,Utilities,Tamil Nadu,548,0,Unknown,0.0,Success,ATM,Verified,0,18,-1,-0.01843199328795464
TXN000351991,CUST045125,2022-03-15,12:20,Current,RTGS,1262239.86,Credit,14611.76,Education,West Bengal,482,0,Unknown,0.0,Success,Web,Verified,0,12,-1,-0.011150857011344106
TXN000352023,CUST031791,2022-03-15,17:58,Fixed Deposit,IMPS,819.27,Credit,53298.98,Entertainment,Tamil Nadu,535,1,Business,14459.62,Success,Web,Verified,0,17,-1,-0.01700465327460776
TXN000352092,CUST025413,2022-03-16,17:24,NRI,POS,952.94,Debit,12607.34,Food & Dining,Maharashtra,714,0,Unknown,0.0,Success,Branch,Verified,0,17,-1,-0.000443665494355594
TXN000352173,CUST041586,2022-03-16,15:52,Fixed Deposit,Net_Banking,7200.31,Credit,33409.39,Salary,Telangana,406,0,Unknown,0.0,Success,Web,Verified,0,15,-1,-0.021728747583561914
TXN000352397,CUST034885,2022-03-17,14:39,Salary,Cheque,2743660.84,Debit,13724.18,Retail,Tamil Nadu,410,1,Home,16236.32,Success,POS_Terminal,Verified,0,14,-1,-0.0771254372346768
TXN000352440,CUST057005,2022-03-17,10:24,Salary,RTGS,2392514.97,Credit,14558.34,Food & Dining,Maharashtra,635,1,Gold,7177.94,Success,ATM,Expired,0,10,-1,-0.09824023160269302
TXN000352708,CUST066746,2022-03-18,07:05,Current,Cheque,1156644.89,Credit,139759.85,E-Commerce,Rajasthan,462,0,Unknown,0.0,Failed,API,Verified,0,7,-1,-0.011547920137719547
TXN000352760,CUST068776,2022-03-18,15:00,Savings,RTGS,900169.25,Credit,140058.86,E-Commerce,Punjab,560,0,Unknown,0.0,Pending,POS_Terminal,Verified,1,15,-1,-0.050626473532233374
TXN000352763,CUST035679,2022-03-18,19:03,Salary,UPI,707.93,Debit,11079.73,Entertainment,Gujarat,649,1,Education,8798.95,Success,API,Verified,0,19,-1,-0.006891387909784608
TXN000352789,CUST073670,2022-03-18,00:06,Savings,POS,1380.7,Debit,5058.98,Peer Transfer,Rajasthan,523,1,Auto,112332.26,Failed,POS_Terminal,Verified,0,0,-1,-0.02064383582057261
TXN000352881,CUST060218,2022-03-18,12:16,Savings,POS,419.57,Debit,296605.19,E-Commerce,Gujarat,714,1,Business,15741.82,Failed,Branch,Verified,0,12,-1,-0.009285304385901472
TXN000352903,CUST066515,2022-03-18,05:34,Current,NEFT,29181.18,Debit,30436.49,E-Commerce,Karnataka,597,1,Business,39131.32,Success,API,Pending,0,5,-1,-0.010932910845194987
TXN000353320,CUST058490,2022-03-20,08:38,NRI,RTGS,392604.93,Credit,118623.85,Education,Rajasthan,615,0,Unknown,0.0,Success,Web,Verified,0,8,-1,-0.01087934573740812
TXN000353329,CUST055630,2022-03-20,15:36,Current,RTGS,404764.6,Credit,55841.45,Travel,Maharashtra,599,0,Unknown,0.0,Success,Mobile_App,Verified,0,15,-1,-0.001345571395255707
TXN000353333,CUST042603,2022-03-20,14:27,Fixed Deposit,RTGS,465550.67,Debit,156629.88,Salary,Rajasthan,607,0,Unknown,0.0,Success,Mobile_App,Verified,0,14,-1,-0.007408768581617986
TXN000353608,CUST010109,2022-03-21,03:15,Current,UPI,95.76,Credit,24245.72,Peer Transfer,West Bengal,425,1,Auto,18530.15,Failed,Web,Verified,0,3,-1,-0.006707865605265262
TXN000353773,CUST006827,2022-03-21,15:15,Savings,Net_Banking,27077.11,Credit,43911.06,Utilities,Karnataka,406,0,Unknown,0.0,Success,ATM,Pending,0,15,-1,-0.03807940519321951
TXN000353777,CUST018312,2022-03-21,12:39,Current,RTGS,1420551.75,Debit,14898.78,Investment,Delhi,485,1,Home,5686.18,Success,ATM,Verified,0,12,-1,-0.009828629474934125
TXN000353818,CUST006699,2022-03-21,01:16,NRI,RTGS,1160821.61,Debit,19519.75,Government,Delhi,704,1,Home,3516.91,Failed,Mobile_App,Verified,0,1,-1,-0.03499803804010415
TXN000353917,CUST043815,2022-03-22,04:51,Savings,UPI,3112.97,Debit,57428.63,Travel,West Bengal,803,0,Unknown,0.0,Success,Mobile_App,Verified,0,4,-1,-0.014377417717037044
TXN000354085,CUST068841,2022-03-22,10:28,Current,UPI,219.03,Credit,157478.28,Retail,Maharashtra,499,1,Education,63277.07,Success,ATM,Pending,0,10,-1,-0.05752799724423718
TXN000354113,CUST032855,2022-03-22,12:23,Salary,Cheque,1983465.01,Debit,33155.5,Peer Transfer,UP,689,0,Unknown,0.0,Success,Mobile_App,Verified,0,12,-1,-0.058258341890966125
TXN000354173,CUST005278,2022-03-22,08:04,Savings,POS,2562.37,Debit,3535.53,Retail,Delhi,622,1,Business,19131.76,Success,ATM,Verified,0,8,-1,-0.0019703020415984263
TXN000354320,CUST000163,2022-03-23,07:49,Current,RTGS,1723147.82,Credit,23385.61,Utilities,Maharashtra,849,0,Unknown,0.0,Success,Web,Verified,0,7,-1,-0.13075885600548498
TXN000354369,CUST009569,2022-03-23,15:34,Savings,RTGS,1399193.15,Debit,9801.14,Food & Dining,Gujarat,529,0,Unknown,0.0,Success,Mobile_App,Verified,0,15,-1,-0.0886776452059772
TXN000354453,CUST039522,2022-03-23,15:33,Salary,RTGS,1318652.09,Credit,26117.57,Education,Karnataka,711,0,Unknown,0.0,Success,Mobile_App,Verified,0,15,-1,-0.021242869279292642
TXN000354461,CUST044149,2022-03-23,16:58,NRI,Auto_Debit,1242.4,Debit,24514.89,E-Commerce,Maharashtra,640,0,Unknown,0.0,Success,Branch,Verified,0,16,-1,-0.008301130249903643
TXN000354496,CUST056291,2022-03-23,10:18,Salary,RTGS,854507.25,Debit,164466.47,Fuel,Delhi,680,1,Education,4907.55,Success,Mobile_App,Verified,0,10,-1,-0.007650334887391197
TXN000354614,CUST073733,2022-03-24,11:52,NRI,RTGS,132745.6,Credit,99967.61,Retail,Tamil Nadu,699,1,Education,9485.67,Success,Web,Verified,0,11,-1,-0.013807062480844068
TXN000354698,CUST072751,2022-03-24,00:42,Savings,RTGS,1055155.45,Debit,993456.16,Retail,Karnataka,628,0,Unknown,0.0,Success,ATM,Verified,0,0,-1,-0.05592841335981391
TXN000354803,CUST056025,2022-03-24,03:54,Current,IMPS,2196.83,Credit,16489.63,Healthcare,Maharashtra,690,1,Business,71187.85,Failed,ATM,Verified,0,3,-1,-0.08422118030660408
TXN000354978,CUST060410,2022-03-25,01:30,Current,UPI,514.56,Debit,125467.48,Utilities,Gujarat,501,0,Unknown,0.0,Success,Mobile_App,Verified,0,1,-1,-0.00991757016377437
TXN000355286,CUST032718,2022-03-26,19:42,NRI,RTGS,2411589.18,Credit,31275.37,Education,Karnataka,436,0,Unknown,0.0,Success,ATM,Verified,0,19,-1,-0.05440914517778084
TXN000355560,CUST007972,2022-03-27,03:06,Current,RTGS,1331826.43,Credit,35024.07,Utilities,UP,745,1,Education,2162.84,Success,API,Verified,0,3,-1,-0.03126054627352426
TXN000355599,CUST060217,2022-03-27,05:13,Current,RTGS,620493.95,Debit,58777.76,Entertainment,West Bengal,349,0,Unknown,0.0,Reversed,ATM,Pending,0,5,-1,-0.0059502685616742435
TXN000355776,CUST041406,2022-03-28,17:40,Fixed Deposit,POS,257.68,Debit,300667.26,Investment,UP,714,0,Unknown,0.0,Success,Web,Verified,0,17,-1,-0.0024810899310080403
TXN000355898,CUST016240,2022-03-28,19:51,Salary,RTGS,1275194.86,Debit,12427.21,Salary,Maharashtra,303,0,Unknown,0.0,Success,Mobile_App,Verified,1,19,-1,-0.022502405103753342
TXN000356049,CUST072524,2022-03-29,06:03,Savings,RTGS,1458719.73,Credit,2447.57,Salary,Maharashtra,706,1,Personal,3639.41,Success,Web,Verified,0,6,-1,-0.024953670373089598
TXN000356130,CUST023847,2022-03-29,11:59,NRI,Net_Banking,1476.07,Debit,275610.66,Retail,Tamil Nadu,425,1,Personal,15240.8,Success,Branch,Verified,0,11,-1,-0.022538551245007254
TXN000356356,CUST036515,2022-03-30,01:54,Savings,NEFT,16479.44,Credit,137821.43,Entertainment,Tamil Nadu,601,1,Personal,51439.08,Success,Mobile_App,Verified,0,1,-1,-0.007236841697277785
TXN000356474,CUST044758,2022-03-30,10:49,Current,NEFT,1585621.55,Credit,208380.06,Food & Dining,West Bengal,383,0,Unknown,0.0,Success,POS_Terminal,Verified,0,10,-1,-0.010537489971498837
TXN000356550,CUST019440,2022-03-30,14:56,NRI,RTGS,3507516.54,Credit,47007.15,Entertainment,West Bengal,744,0,Unknown,0.0,Success,POS_Terminal,Verified,0,14,-1,-0.06826537572962377
TXN000356596,CUST003469,2022-03-30,08:36,Current,Auto_Debit,2411.39,Debit,35329.28,Travel,Karnataka,406,0,Unknown,0.0,Success,ATM,Verified,0,8,-1,-0.021680037146111886
TXN000356627,CUST043707,2022-03-31,07:52,NRI,RTGS,1112690.01,Credit,74437.7,Salary,Tamil Nadu,694,0,Unknown,0.0,Success,Web,Verified,0,7,-1,-0.0880016527826647
TXN000356765,CUST022552,2022-03-31,21:44,Savings,RTGS,769537.35,Credit,19694.81,Insurance,Maharashtra,849,0,Unknown,0.0,Success,Web,Verified,0,21,-1,-0.02844982693870346
TXN000356923,CUST045449,2022-04-01,06:04,NRI,ATM_Withdrawal,10000.0,Debit,2385.47,Investment,Telangana,356,1,Education,50810.03,Success,Mobile_App,Verified,0,6,-1,-0.004574839426896293
TXN000357065,CUST013250,2022-04-01,00:44,Savings,NEFT,15065.85,Debit,229758.72,E-Commerce,Telangana,501,0,Unknown,0.0,Success,Mobile_App,Verified,0,0,-1,-0.015460872634221245
TXN000357389,CUST056176,2022-04-02,20:20,Savings,RTGS,6751663.36,Credit,16205.71,Utilities,Rajasthan,670,0,Unknown,0.0,Success,Web,Verified,1,20,-1,-0.08648183050149105
TXN000357563,CUST021635,2022-04-03,14:15,Savings,Auto_Debit,2549.19,Debit,3032.27,Salary,Rajasthan,406,0,Unknown,0.0,Success,Mobile_App,Verified,0,14,-1,-0.0030637478566428733
TXN000357675,CUST055328,2022-04-03,02:44,Salary,IMPS,1999.91,Credit,174200.19,E-Commerce,Karnataka,803,0,Unknown,0.0,Success,ATM,Verified,0,2,-1,-0.004134456629479422
TXN000357792,CUST039431,2022-04-03,09:43,Current,ATM_Withdrawal,1000.0,Debit,185223.83,Entertainment,UP,548,0,Unknown,0.0,Failed,Branch,Verified,0,9,-1,-0.0034088776044964852
TXN000357860,CUST070659,2022-04-04,15:28,Current,ATM_Withdrawal,5000.0,Debit,165131.42,Insurance,Maharashtra,393,1,Education,33298.34,Success,Mobile_App,Verified,0,15,-1,-0.01461106455482053
TXN000357909,CUST064548,2022-04-04,05:38,Fixed Deposit,RTGS,934274.46,Debit,37289.92,Fuel,Maharashtra,711,0,Unknown,0.0,Success,Mobile_App,Verified,0,5,-1,-0.0012665276652815693
TXN000358174,CUST048303,2022-04-05,16:48,Current,RTGS,1512864.99,Debit,16608.06,Travel,Delhi,762,0,Unknown,0.0,Success,Branch,Verified,0,16,-1,-0.0731430707551386
TXN000358376,CUST037861,2022-04-05,14:01,NRI,RTGS,1025602.64,Credit,24013.93,Travel,UP,429,0,Unknown,0.0,Success,Mobile_App,Verified,0,14,-1,-0.013793654616784723
TXN000358543,CUST062113,2022-04-06,13:05,Savings,RTGS,84282.35,Credit,25188.63,Fuel,Delhi,896,0,Unknown,0.0,Success,POS_Terminal,Verified,0,13,-1,-0.017672774449283946
TXN000358555,CUST071191,2022-04-06,05:01,Savings,POS,1002.85,Debit,921724.26,Food & Dining,Tamil Nadu,535,1,Business,4141.39,Failed,ATM,Verified,0,5,-1,-0.0022364875633050785
TXN000358583,CUST058439,2022-04-06,14:34,Current,RTGS,1959493.06,Credit,2761.88,Fuel,Tamil Nadu,451,1,Personal,1268.55,Success,POS_Terminal,Verified,0,14,-1,-0.05754908131710412
TXN000358820,CUST069856,2022-04-07,19:06,Savings,RTGS,286810.58,Credit,28619.64,Retail,Tamil Nadu,665,0,Unknown,0.0,Success,ATM,Pending,0,19,-1,-0.008007438207117357
TXN000358829,CUST076170,2022-04-07,10:04,Savings,UPI,662.91,Credit,32648.84,Entertainment,Rajasthan,403,1,Personal,35437.98,Success,Branch,Pending,0,10,-1,-0.030199456164431093
TXN000358964,CUST071118,2022-04-07,23:40,Fixed Deposit,RTGS,417195.39,Credit,61784.2,Healthcare,Telangana,728,0,Unknown,0.0,Success,API,Verified,0,23,-1,-0.02244700520999865
TXN000359158,CUST071685,2022-04-08,11:03,Savings,RTGS,417408.11,Credit,27106.77,Education,Tamil Nadu,408,0,Unknown,0.0,Success,Branch,Verified,0,11,-1,-0.0002992179324018407
TXN000359259,CUST044543,2022-04-08,09:25,Current,Auto_Debit,286.12,Debit,24799.34,E-Commerce,Delhi,615,1,Auto,24904.25,Pending,Mobile_App,Verified,0,9,-1,-0.010830094632842235
TXN000359288,CUST010199,2022-04-08,04:43,NRI,POS,208.58,Debit,18704.72,E-Commerce,Rajasthan,590,1,Home,92139.42,Success,POS_Terminal,Verified,0,4,-1,-0.03815331058608917
TXN000359548,CUST077042,2022-04-09,16:33,Salary,UPI,909.63,Credit,44683.58,Government,Telangana,406,0,Unknown,0.0,Success,Web,Verified,0,16,-1,-0.005611485163724672
TXN000359617,CUST009270,2022-04-10,17:38,Current,Net_Banking,13903.66,Debit,10160.93,Utilities,Gujarat,696,1,Personal,49455.41,Success,API,Verified,0,17,-1,-0.004891410687231312
TXN000359740,CUST025864,2022-04-10,21:52,Savings,NEFT,130497.99,Credit,191677.2,Retail,UP,501,1,Auto,10923.65,Success,Web,Verified,0,21,-1,-0.02927408111292651
TXN000359811,CUST017101,2022-04-10,03:21,Savings,POS,169.39,Debit,7485.91,Retail,Tamil Nadu,326,0,Unknown,0.0,Success,Branch,Verified,0,3,-1,-0.001648504683977925
TXN000359829,CUST079554,2022-04-10,17:05,Savings,Net_Banking,13826.84,Credit,33867.34,Travel,Karnataka,868,1,Gold,54245.08,Success,Branch,Verified,0,17,-1,-0.040984278404688546
TXN000359859,CUST049424,2022-04-10,09:39,Fixed Deposit,RTGS,748175.77,Credit,2664.78,E-Commerce,Karnataka,862,1,Unknown,3096.24,Success,Mobile_App,Verified,0,9,-1,-0.007788921370991964
TXN000359876,CUST078648,2022-04-10,15:13,Current,Credit_Card,8505.74,Debit,48983.19,Retail,Maharashtra,406,1,Gold,2908.44,Success,Mobile_App,Expired,0,15,-1,-0.009994420667865045
TXN000360048,CUST001138,2022-04-11,09:00,Current,RTGS,2414786.56,Debit,6736.27,E-Commerce,Maharashtra,841,1,Personal,2578.34,Success,Web,Verified,0,9,-1,-0.028041361053291802
TXN000360174,CUST052273,2022-04-11,21:10,Fixed Deposit,Cheque,1776052.02,Debit,88670.08,Salary,Rajasthan,305,0,Unknown,0.0,Failed,Web,Expired,0,21,-1,-0.05517860638088212
TXN000360192,CUST021252,2022-04-12,04:27,NRI,Auto_Debit,3307.14,Debit,43188.92,Food & Dining,Delhi,640,0,Unknown,0.0,Success,Web,Expired,0,4,-1,-0.0020322318833680963
TXN000360283,CUST057377,2022-04-12,15:16,Salary,Auto_Debit,846.91,Debit,4598.52,Real Estate,Karnataka,406,1,Home,3925.45,Success,Branch,Verified,0,15,-1,-0.016870334416724697
TXN000360369,CUST008383,2022-04-12,01:12,Fixed Deposit,UPI,319.04,Debit,91320.31,Food & Dining,Rajasthan,406,1,Education,5518.41,Success,Web,Verified,0,1,-1,-0.01945030590982999
TXN000360500,CUST050784,2022-04-13,06:19,Current,IMPS,3658.14,Credit,5376.65,Peer Transfer,Gujarat,864,0,Unknown,0.0,Success,Mobile_App,Pending,0,6,-1,-0.0206943216196942
TXN000360571,CUST029985,2022-04-13,13:12,Savings,IMPS,46883.93,Debit,112638.74,Education,Telangana,498,1,Personal,63085.01,Success,Mobile_App,Verified,0,13,-1,-0.01933612064379231
TXN000360588,CUST079309,2022-04-13,11:32,Savings,ATM_Withdrawal,500.0,Debit,90424.18,Travel,Karnataka,642,1,Personal,94100.07,Success,API,Verified,0,11,-1,-0.033413470920003796
TXN000360636,CUST051002,2022-04-13,19:49,Current,RTGS,190387.08,Credit,260499.83,Retail,West Bengal,750,1,Business,5448.58,Success,Mobile_App,Verified,0,19,-1,-0.0010808501725259045
TXN000360669,CUST038423,2022-04-13,17:43,Savings,POS,1765.66,Debit,1849.45,Education,Tamil Nadu,548,0,Unknown,0.0,Success,ATM,Verified,0,17,-1,-0.013853331459267593
TXN000360957,CUST006013,2022-04-14,00:38,Savings,Auto_Debit,254.33,Debit,35060.48,Travel,Gujarat,389,1,Auto,41247.46,Success,Mobile_App,Verified,0,0,-1,-0.006439478057564285
TXN000361105,CUST018170,2022-04-15,05:08,Fixed Deposit,RTGS,145456.03,Debit,182339.3,Retail,Maharashtra,819,0,Unknown,0.0,Success,POS_Terminal,Verified,0,5,-1,-0.001800076210044299
TXN000361140,CUST048452,2022-04-15,04:56,Current,UPI,404.69,Debit,69155.73,Peer Transfer,Tamil Nadu,406,0,Unknown,0.0,Success,Mobile_App,Verified,0,4,-1,-0.0031140156195482716
TXN000361205,CUST002658,2022-04-15,05:12,Current,NEFT,217525.28,Credit,124858.25,Healthcare,Rajasthan,665,0,Unknown,0.0,Success,Mobile_App,Verified,0,5,-1,-0.01895577961045969
TXN000361312,CUST045045,2022-04-15,00:50,Savings,RTGS,1502801.95,Credit,9345.92,Salary,Delhi,821,0,Unknown,0.0,Success,Web,Verified,0,0,-1,-0.11512818972563399
TXN000361331,CUST024604,2022-04-15,04:28,Current,RTGS,351518.04,Debit,108828.9,Insurance,Maharashtra,649,0,Unknown,0.0,Success,Mobile_App,Verified,0,4,-1,-0.04551039726051753
TXN000361529,CUST052807,2022-04-16,04:26,Savings,UPI,2036.89,Credit,242842.18,Healthcare,Gujarat,654,1,Home,18532.55,Success,Mobile_App,Pending,0,4,-1,-0.007963354578843118
TXN000361549,CUST031084,2022-04-16,20:42,NRI,NEFT,11832.14,Credit,32077.58,Real Estate,Gujarat,584,1,Auto,30937.65,Success,Web,Verified,0,20,-1,-0.0413618878111327
TXN000361597,CUST057387,2022-04-16,05:11,Salary,ATM_Withdrawal,1000.0,Debit,15108.34,Retail,Maharashtra,425,1,Personal,15434.62,Success,Web,Verified,0,5,-1,-0.001667941037394649
TXN000361625,CUST024395,2022-04-16,14:59,Salary,IMPS,27567.75,Credit,10429.45,Government,Karnataka,372,0,Unknown,0.0,Success,Mobile_App,Verified,0,14,-1,-0.01330184933989531
TXN000361769,CUST031635,2022-04-17,16:28,Salary,Net_Banking,273.17,Debit,17786.84,Fuel,Tamil Nadu,488,1,Unknown,13390.68,Success,Mobile_App,Expired,0,16,-1,-0.002481988138748892
TXN000361799,CUST035840,2022-04-17,08:01,Fixed Deposit,RTGS,277058.19,Credit,4841.58,Utilities,Maharashtra,629,1,Business,817.76,Success,POS_Terminal,Verified,0,8,-1,-0.011041199116321954
TXN000361857,CUST016977,2022-04-17,15:48,Current,RTGS,649759.96,Credit,73737.62,E-Commerce,Punjab,487,0,Unknown,0.0,Success,Web,Verified,0,15,-1,-0.012780650094380008
TXN000361950,CUST032182,2022-04-17,22:38,Current,POS,638.2,Debit,37000.08,Healthcare,Gujarat,501,1,Auto,16855.04,Success,Mobile_App,Verified,0,22,-1,-0.01905986589212516
TXN000362217,CUST060173,2022-04-18,03:40,Salary,Cheque,2155060.48,Credit,128804.41,Food & Dining,Telangana,773,0,Unknown,0.0,Success,Mobile_App,Verified,0,3,-1,-0.08056319983987048
TXN000362356,CUST071892,2022-04-19,22:59,NRI,RTGS,1084234.95,Debit,48282.92,Travel,Karnataka,814,0,Unknown,0.0,Success,Mobile_App,Verified,0,22,-1,-0.047750615439356436
TXN000362450,CUST007460,2022-04-19,05:26,Salary,IMPS,6367.87,Credit,32025.44,Healthcare,Gujarat,864,0,Unknown,0.0,Success,POS_Terminal,Verified,0,5,-1,-0.014563453832389883
TXN000362483,CUST037302,2022-04-19,18:47,Current,ATM_Withdrawal,3000.0,Debit,5000000.0,Entertainment,Gujarat,827,0,Unknown,0.0,Success,Web,Verified,0,18,-1,-0.054343616514556325
TXN000362535,CUST009918,2022-04-19,11:30,Savings,POS,1153.95,Debit,68468.35,Salary,Tamil Nadu,676,1,Unknown,75791.87,Success,Mobile_App,Verified,0,11,-1,-0.027511080326955928
TXN000362581,CUST042215,2022-04-20,19:58,NRI,NEFT,13103.75,Debit,22655.97,Food & Dining,Maharashtra,803,0,Unknown,0.0,Success,Mobile_App,Expired,0,19,-1,-0.0034099142726889964
TXN000362612,CUST050647,2022-04-20,04:02,Salary,RTGS,1214973.8,Debit,77770.39,Fuel,Karnataka,366,0,Unknown,0.0,Success,Mobile_App,Verified,0,4,-1,-0.016508776737595765
TXN000362702,CUST036303,2022-04-20,12:17,Savings,RTGS,1103675.2,Credit,224893.36,Education,Karnataka,584,1,Home,3788.59,Success,Mobile_App,Verified,0,12,-1,-0.047198495971014
TXN000362743,CUST053668,2022-04-20,01:23,Salary,UPI,210.78,Debit,3287908.77,Utilities,Maharashtra,853,0,Unknown,0.0,Success,Mobile_App,Verified,0,1,-1,-0.0071724494624704205
TXN000362745,CUST042011,2022-04-20,05:29,Current,RTGS,772378.07,Credit,72238.89,Insurance,Rajasthan,430,0,Unknown,0.0,Success,Web,Verified,0,5,-1,-0.0012426427360782144
TXN000362907,CUST013319,2022-04-21,06:01,Salary,RTGS,279410.65,Credit,65496.67,Retail,Gujarat,649,0,Unknown,0.0,Success,Web,Verified,0,6,-1,-0.0006378139576861397
TXN000363005,CUST035845,2022-04-21,15:12,Current,IMPS,11121.5,Debit,119749.71,Food & Dining,UP,739,0,Unknown,0.0,Success,Web,Verified,0,15,-1,-0.003750341023851411
TXN000363086,CUST018214,2022-04-21,12:46,Savings,RTGS,437197.67,Debit,106369.28,Utilities,Gujarat,763,0,Unknown,0.0,Success,Mobile_App,Verified,0,12,-1,-0.012833741923970243
TXN000363092,CUST076263,2022-04-21,22:01,Savings,RTGS,1320101.13,Credit,11732.86,Retail,Karnataka,864,0,Unknown,0.0,Success,POS_Terminal,Verified,0,22,-1,-0.06676082712043829
TXN000363181,CUST042602,2022-04-22,00:28,Salary,RTGS,111458.9,Credit,38466.19,Peer Transfer,Maharashtra,792,1,Auto,1951.73,Success,Mobile_App,Pending,0,0,-1,-0.04362352495286492
TXN000363191,CUST049628,2022-04-22,20:04,Current,RTGS,1779142.98,Debit,44912.02,Education,Maharashtra,606,1,Unknown,3759.93,Success,Mobile_App,Verified,0,20,-1,-0.020801907242339435
TXN000363289,CUST065533,2022-04-22,08:07,NRI,RTGS,467508.62,Credit,168124.58,Salary,West Bengal,379,0,Unknown,0.0,Success,POS_Terminal,Verified,0,8,-1,-0.010658540911836378
TXN000363410,CUST037165,2022-04-22,09:47,Savings,RTGS,373803.58,Debit,20072.09,Peer Transfer,Gujarat,325,1,Business,5871.21,Success,ATM,Verified,0,9,-1,-0.002471515261607715
TXN000363437,CUST076698,2022-04-22,12:05,Savings,RTGS,479887.18,Debit,33088.92,Salary,Tamil Nadu,763,0,Unknown,0.0,Success,Branch,Verified,0,12,-1,-0.020800649220588774
TXN000363642,CUST059803,2022-04-23,18:56,Savings,Cheque,2189689.45,Debit,71926.54,Peer Transfer,Gujarat,849,1,Gold,10275.18,Success,API,Verified,0,18,-1,-0.10960840791482451
TXN000363664,CUST009618,2022-04-23,10:46,Current,UPI,321.41,Credit,23980.34,Travel,Delhi,517,1,Unknown,36792.28,Success,Web,Verified,0,10,-1,-0.00031167352820138383
TXN000363715,CUST015230,2022-04-23,12:03,Current,ATM_Withdrawal,500.0,Debit,124897.5,Food & Dining,West Bengal,535,1,Home,12534.97,Success,ATM,Verified,0,12,-1,-0.018469233517147687
TXN000363859,CUST052889,2022-04-24,15:54,Savings,UPI,551.78,Debit,284527.69,Healthcare,Karnataka,372,0,Unknown,0.0,Success,Mobile_App,Verified,0,15,-1,-0.025867334307079326
TXN000363861,CUST008788,2022-04-24,15:19,Fixed Deposit,RTGS,58411.04,Credit,1014064.19,E-Commerce,Tamil Nadu,535,1,Personal,3129.33,Success,Branch,Pending,0,15,-1,-0.04774906361733178
TXN000363878,CUST040036,2022-04-24,08:06,Salary,Net_Banking,22146.88,Credit,24128.9,E-Commerce,Rajasthan,501,1,Education,16590.76,Success,API,Verified,0,8,-1,-0.0481892122246792
TXN000363961,CUST078755,2022-04-24,08:14,Fixed Deposit,RTGS,627850.09,Credit,208786.76,Government,Punjab,628,1,Home,6314.59,Success,Branch,Verified,0,8,-1,-0.04942169633208604
TXN000364066,CUST059809,2022-04-24,17:35,Salary,RTGS,3429665.92,Credit,11435.43,Investment,Maharashtra,820,0,Unknown,0.0,Success,Web,Verified,0,17,-1,-0.06029691381407476
TXN000364100,CUST060987,2022-04-25,09:14,Savings,UPI,1432.46,Debit,31461.74,Salary,Karnataka,803,0,Unknown,0.0,Success,API,Verified,0,9,-1,-0.015488920196988554
TXN000364209,CUST070591,2022-04-25,11:56,Savings,RTGS,543894.83,Credit,66870.05,Retail,Rajasthan,749,0,Unknown,0.0,Success,Mobile_App,Verified,0,11,-1,-0.022067667528763324
TXN000364317,CUST065598,2022-04-25,21:41,Current,RTGS,1649036.61,Debit,8022.66,Government,Maharashtra,840,0,Unknown,0.0,Success,Branch,Verified,1,21,-1,-0.028509943749124078
TXN000364403,CUST012570,2022-04-26,16:15,Savings,RTGS,269338.96,Debit,115540.47,Peer Transfer,Rajasthan,501,0,Unknown,0.0,Success,Mobile_App,Pending,0,16,-1,-0.004609095336022384
TXN000364584,CUST078874,2022-04-26,09:39,Savings,Cheque,11845.05,Credit,58347.67,Peer Transfer,Gujarat,640,0,Unknown,0.0,Success,POS_Terminal,Verified,0,9,-1,-0.006691173894460389
TXN000364635,CUST011508,2022-04-26,02:01,Savings,Cheque,1726358.62,Credit,16122.43,Salary,Delhi,402,0,Unknown,0.0,Success,ATM,Verified,0,2,-1,-0.018859465067331715
TXN000364698,CUST027242,2022-04-27,05:38,Savings,UPI,242.01,Credit,29562.08,E-Commerce,Gujarat,372,0,Unknown,0.0,Success,Mobile_App,Verified,0,5,-1,-0.029105586648658366
TXN000364721,CUST073770,2022-04-27,02:29,Fixed Deposit,IMPS,1135.99,Debit,76000.17,Retail,Tamil Nadu,640,0,Unknown,0.0,Success,POS_Terminal,Verified,0,2,-1,-0.015380126409332284
TXN000365166,CUST050187,2022-04-28,18:20,Savings,RTGS,1426079.53,Credit,96636.28,Travel,Rajasthan,512,0,Unknown,0.0,Success,Branch,Verified,0,18,-1,-0.03596687071180038
TXN000365168,CUST071877,2022-04-28,22:24,Salary,UPI,722.64,Debit,142814.96,Retail,Tamil Nadu,652,1,Business,54327.72,Success,Branch,Verified,0,22,-1,-0.01320252495420604
TXN000365314,CUST016102,2022-04-29,23:45,Savings,IMPS,11346.07,Debit,10980.38,Utilities,Karnataka,739,1,Personal,15492.64,Success,Branch,Verified,0,23,-1,-1.5732048312733227e-05
TXN000365427,CUST079361,2022-04-29,08:34,Savings,UPI,10923.62,Debit,114666.11,E-Commerce,Tamil Nadu,406,0,Unknown,0.0,Failed,Mobile_App,Verified,0,8,-1,-0.0002871591096241799
TXN000365542,CUST056280,2022-04-30,19:22,Savings,RTGS,1703168.69,Credit,18729.14,Entertainment,Tamil Nadu,637,0,Unknown,0.0,Success,Web,Verified,0,19,-1,-0.013297992760953115
TXN000365685,CUST049515,2022-04-30,14:23,Salary,UPI,398.41,Credit,95197.86,Investment,Gujarat,841,1,Business,39379.49,Success,ATM,Expired,0,14,-1,-0.040288316610118446
TXN000365806,CUST005206,2022-04-30,20:32,Savings,Cheque,1425397.79,Debit,262188.68,E-Commerce,Telangana,656,0,Unknown,0.0,Success,ATM,Verified,0,20,-1,-0.011663025216032241
TXN000365899,CUST035027,2022-05-01,00:19,Current,RTGS,577081.26,Debit,28572.27,Government,Telangana,573,0,Unknown,0.0,Success,Branch,Expired,1,0,-1,-0.023570216576956238
TXN000365950,CUST042402,2022-05-01,19:54,Current,UPI,525.5,Debit,10640.04,Healthcare,UP,688,1,Auto,40701.15,Success,API,Verified,0,19,-1,-0.010725176978699569
TXN000366119,CUST005891,2022-05-01,03:26,NRI,Auto_Debit,1436.92,Debit,20236.7,Food & Dining,Tamil Nadu,792,1,Home,3146.77,Success,Branch,Verified,0,3,-1,-0.016487226083257256
TXN000366149,CUST078771,2022-05-02,04:16,Savings,Auto_Debit,4349.71,Debit,65742.48,E-Commerce,Gujarat,406,0,Unknown,0.0,Success,Web,Expired,0,4,-1,-0.029494019233702207
TXN000366561,CUST035745,2022-05-03,00:29,Savings,RTGS,892239.8,Debit,195325.07,Peer Transfer,Tamil Nadu,768,1,Gold,3213.75,Success,Mobile_App,Verified,0,0,-1,-0.05312211225572594
TXN000366707,CUST069879,2022-05-03,00:54,Current,POS,890.12,Debit,8333.56,E-Commerce,Karnataka,501,1,Business,19702.33,Success,Mobile_App,Verified,0,0,-1,-0.005066511734623358
TXN000366759,CUST039100,2022-05-04,04:59,Salary,RTGS,917814.12,Credit,19102.46,Entertainment,Tamil Nadu,493,1,Personal,24278.05,Success,ATM,Verified,1,4,-1,-0.009960816665026573
TXN000366775,CUST033369,2022-05-04,15:52,Fixed Deposit,ATM_Withdrawal,500.0,Debit,121857.29,Retail,Rajasthan,640,0,Unknown,0.0,Success,Web,Verified,0,15,-1,-0.01939819333067505
TXN000366948,CUST044518,2022-05-04,01:16,Current,POS,3293.15,Debit,4253.25,Peer Transfer,Gujarat,649,1,Personal,6739.6,Success,POS_Terminal,Verified,0,1,-1,-0.012764384125766415
TXN000367143,CUST062817,2022-05-05,20:38,Salary,NEFT,985068.83,Debit,25068.08,Real Estate,Maharashtra,798,0,Unknown,0.0,Success,Web,Verified,0,20,-1,-0.006728697018912211
TXN000367289,CUST008550,2022-05-05,18:22,Savings,Net_Banking,19059.72,Credit,24091.66,Salary,West Bengal,782,1,Gold,795.8,Success,API,Verified,0,18,-1,-0.004833124035699132
TXN000367512,CUST053960,2022-05-06,11:12,Savings,RTGS,4265400.07,Debit,28810.77,Retail,Maharashtra,526,1,Personal,1448.71,Success,Web,Verified,0,11,-1,-0.1018857520269203
TXN000367613,CUST059947,2022-05-06,09:57,Savings,Auto_Debit,1235.53,Debit,111469.02,Salary,Punjab,815,1,Business,60667.94,Success,Branch,Verified,0,9,-1,-0.01530576599511646
TXN000367733,CUST027799,2022-05-07,03:08,NRI,Cheque,605168.67,Debit,225184.03,Government,West Bengal,401,0,Unknown,0.0,Success,Web,Verified,0,3,-1,-0.025968747413464444
TXN000367976,CUST051419,2022-05-08,21:34,Salary,Cheque,1015812.8,Debit,12428.49,Education,Delhi,755,0,Unknown,0.0,Success,Web,Verified,0,21,-1,-0.03949709053107331
TXN000368033,CUST067875,2022-05-08,00:46,Savings,IMPS,591.19,Credit,141082.8,Government,Tamil Nadu,843,1,Business,43129.27,Success,Branch,Verified,0,0,-1,-0.011683449935687484
TXN000368487,CUST038870,2022-05-09,15:07,Current,RTGS,2217192.92,Debit,61908.21,Utilities,Telangana,309,1,Business,5343.96,Success,API,Verified,1,15,-1,-0.03393157805960412
TXN000368505,CUST033344,2022-05-09,20:28,Savings,IMPS,4463.8,Debit,158976.32,E-Commerce,Gujarat,406,1,Unknown,8004.68,Success,ATM,Verified,0,20,-1,-0.001521033291461582
TXN000368534,CUST069477,2022-05-10,02:27,Current,RTGS,870622.43,Credit,40720.33,E-Commerce,West Bengal,422,0,Unknown,0.0,Success,Mobile_App,Verified,0,2,-1,-0.031800714602190916
TXN000368586,CUST017669,2022-05-10,15:27,Savings,IMPS,5908.31,Credit,5000000.0,Utilities,Delhi,746,1,Personal,4070.83,Success,Mobile_App,Verified,0,15,-1,-0.041659035865602045
TXN000368656,CUST022765,2022-05-10,02:20,Savings,NEFT,5760.63,Debit,17431.97,Retail,Gujarat,501,0,Unknown,0.0,Success,Web,Verified,0,2,-1,-0.04489302971966991
TXN000368679,CUST059036,2022-05-10,09:45,Current,UPI,172.86,Credit,412003.35,E-Commerce,Punjab,501,1,Business,11376.08,Success,API,Verified,0,9,-1,-0.041318884880296336
TXN000368788,CUST031564,2022-05-10,14:35,Current,IMPS,2714.15,Debit,2674934.68,Travel,Karnataka,728,1,Home,4306.66,Success,Mobile_App,Verified,0,14,-1,-0.008600974135853923
TXN000369157,CUST051552,2022-05-12,23:34,Current,Auto_Debit,1295.39,Debit,98782.76,Fuel,Tamil Nadu,869,1,Personal,45403.78,Success,ATM,Verified,0,23,-1,-0.017934646703079204
TXN000369240,CUST077067,2022-05-12,05:49,NRI,POS,389.94,Debit,24040.17,Healthcare,Rajasthan,406,0,Unknown,0.0,Success,Web,Verified,0,5,-1,-0.0056662607939732546
TXN000369611,CUST030703,2022-05-13,05:30,Current,RTGS,570867.56,Credit,8757.2,Food & Dining,Gujarat,312,0,Unknown,0.0,Success,Web,Verified,0,5,-1,-0.01121915493876624
TXN000369622,CUST029662,2022-05-13,11:33,Current,POS,142.79,Debit,2461.67,Travel,Delhi,708,1,Unknown,4402.93,Success,ATM,Verified,0,11,-1,-0.004916974046233924
TXN000369631,CUST003045,2022-05-13,07:41,Savings,RTGS,426100.38,Debit,26312.57,Fuel,Punjab,357,0,Unknown,0.0,Success,ATM,Verified,0,7,-1,-0.02255744659683212
TXN000369636,CUST024950,2022-05-13,01:18,Savings,ATM_Withdrawal,2000.0,Debit,41377.6,Peer Transfer,Punjab,406,0,Unknown,0.0,Success,Mobile_App,Verified,0,1,-1,-0.02024944197802614
TXN000369640,CUST047032,2022-05-13,07:25,Savings,POS,2369.58,Debit,9857.05,Healthcare,Telangana,803,1,Auto,37809.33,Success,Web,Verified,0,7,-1,-0.03828503908504233
TXN000369645,CUST024502,2022-05-13,09:51,Savings,RTGS,1481942.58,Credit,271838.16,Salary,Tamil Nadu,463,0,Unknown,0.0,Success,Mobile_App,Verified,0,9,-1,-0.02414308905407969
TXN000369970,CUST013900,2022-05-14,20:42,NRI,RTGS,1229431.14,Debit,9097.6,E-Commerce,West Bengal,648,0,Unknown,0.0,Success,Mobile_App,Verified,0,20,-1,-0.04669358826733283
TXN000370000,CUST065594,2022-05-14,07:53,Current,RTGS,559586.19,Credit,9149.61,Entertainment,Karnataka,788,0,Unknown,0.0,Success,Web,Verified,0,7,-1,-0.024513153272402333
TXN000370045,CUST022619,2022-05-14,08:49,Savings,RTGS,1136781.37,Debit,54352.1,Healthcare,Gujarat,383,1,Home,1128.36,Success,Mobile_App,Verified,0,8,-1,-0.0014209970189901222
TXN000370059,CUST043060,2022-05-15,05:04,Savings,Cheque,1763320.95,Credit,129092.48,Retail,Tamil Nadu,475,1,Home,10415.69,Success,POS_Terminal,Verified,1,5,-1,-0.02405246109976611
TXN000370248,CUST056936,2022-05-15,20:22,Current,Cheque,3729841.28,Credit,41896.09,Travel,Maharashtra,855,0,Unknown,0.0,Success,ATM,Verified,0,20,-1,-0.07325422278340654
TXN000370270,CUST026934,2022-05-15,18:26,Savings,RTGS,1238605.92,Debit,132781.97,Food & Dining,Karnataka,774,0,Unknown,0.0,Success,Branch,Verified,1,18,-1,-0.0967799104749012
TXN000370301,CUST046944,2022-05-15,22:26,Savings,UPI,2030.08,Debit,31463.96,Food & Dining,Tamil Nadu,591,1,Home,43775.28,Success,Mobile_App,Expired,0,22,-1,-0.03805516810339293
TXN000370318,CUST011264,2022-05-15,22:05,Current,UPI,262.61,Debit,563230.25,Salary,Karnataka,779,1,Home,48759.47,Success,Mobile_App,Verified,0,22,-1,-0.004113768582601152
TXN000370330,CUST052475,2022-05-16,21:51,Savings,IMPS,6531.72,Credit,67548.36,Salary,Delhi,372,0,Unknown,0.0,Success,Mobile_App,Verified,0,21,-1,-0.047007931103006495
TXN000370341,CUST065328,2022-05-16,07:33,Savings,UPI,900.33,Credit,4564.97,Food & Dining,Delhi,501,0,Unknown,0.0,Success,Mobile_App,Verified,0,7,-1,-0.030914428307892927
TXN000370346,CUST004625,2022-05-16,09:13,NRI,Net_Banking,4658.32,Debit,4722.07,Government,Tamil Nadu,782,1,Home,19203.89,Success,Web,Expired,0,9,-1,-0.01782009068661672
TXN000370347,CUST030520,2022-05-16,04:55,Savings,POS,1242.74,Debit,3032.76,Utilities,Maharashtra,649,1,Auto,1556.38,Success,Web,Verified,0,4,-1,-0.006318304176739176
TXN000370502,CUST048246,2022-05-16,17:17,Current,Auto_Debit,1193.26,Debit,66584.6,Healthcare,Tamil Nadu,549,1,Unknown,15648.25,Success,Mobile_App,Verified,0,17,-1,-9.695897320760594e-05
TXN000370630,CUST027463,2022-05-17,03:22,Salary,RTGS,1000017.39,Debit,3215.44,Education,Gujarat,628,0,Unknown,0.0,Success,ATM,Verified,0,3,-1,-0.040311447911016485
TXN000370653,CUST035141,2022-05-17,17:32,Fixed Deposit,RTGS,333700.41,Credit,367251.01,Peer Transfer,Maharashtra,353,1,Home,17058.81,Success,Branch,Verified,0,17,-1,-0.002952957300826009
TXN000370660,CUST037024,2022-05-17,01:36,Savings,Cheque,7491586.39,Credit,204588.84,Healthcare,UP,576,0,Unknown,0.0,Pending,ATM,Verified,0,1,-1,-0.13989892341024923
TXN000370945,CUST029860,2022-05-18,16:08,Current,IMPS,35256.2,Debit,53064.02,Government,Maharashtra,640,0,Unknown,0.0,Success,POS_Terminal,Verified,1,16,-1,-0.006547420949108096
TXN000370956,CUST033096,2022-05-18,05:03,Savings,RTGS,483672.9,Credit,28043.71,Utilities,Maharashtra,555,0,Unknown,0.0,Success,Mobile_App,Expired,0,5,-1,-0.0029992188334064807
TXN000371052,CUST004611,2022-05-18,08:25,Current,ATM_Withdrawal,5000.0,Debit,30873.74,Retail,Gujarat,548,0,Unknown,0.0,Success,Mobile_App,Verified,0,8,-1,-0.0066084280276699214
TXN000371081,CUST015124,2022-05-18,03:21,Fixed Deposit,RTGS,729147.49,Debit,26852.63,Entertainment,Karnataka,765,0,Unknown,0.0,Success,ATM,Verified,0,3,-1,-0.006689034412648676
TXN000371085,CUST076664,2022-05-18,06:25,Savings,RTGS,1811540.35,Credit,104538.46,Food & Dining,West Bengal,772,0,Unknown,0.0,Success,Branch,Verified,0,6,-1,-0.0724227663430641
TXN000371210,CUST002011,2022-05-18,05:32,Current,RTGS,198596.3,Credit,47596.64,Salary,Tamil Nadu,649,0,Unknown,0.0,Success,API,Verified,0,5,-1,-0.019490884830931754
TXN000371366,CUST042169,2022-05-19,03:27,Savings,Cheque,919976.95,Credit,140557.8,Salary,Maharashtra,451,0,Unknown,0.0,Success,Web,Verified,0,3,-1,-0.006159281933304395
TXN000371427,CUST016271,2022-05-19,17:31,Savings,RTGS,1390164.53,Debit,133405.3,Peer Transfer,Gujarat,692,0,Unknown,0.0,Success,Web,Verified,0,17,-1,-0.011502138127620798
TXN000371641,CUST074907,2022-05-20,06:30,Current,Net_Banking,5978.15,Debit,40159.26,Retail,Tamil Nadu,343,1,Auto,31140.33,Success,ATM,Verified,0,6,-1,-0.00491581729388324
TXN000371711,CUST077399,2022-05-20,17:32,Salary,RTGS,678110.4,Credit,38584.81,Utilities,Karnataka,821,1,Auto,944.09,Failed,Mobile_App,Verified,0,17,-1,-0.040355301177143144
TXN000371819,CUST016743,2022-05-20,22:23,Fixed Deposit,Cheque,525050.98,Debit,89330.47,Fuel,West Bengal,804,0,Unknown,0.0,Success,Web,Verified,0,22,-1,-0.011339790995907428
TXN000371854,CUST049416,2022-05-21,13:01,Current,NEFT,2189887.49,Debit,58973.96,Healthcare,Gujarat,407,0,Unknown,0.0,Success,Web,Verified,1,13,-1,-0.08693536774569466
TXN000371878,CUST053927,2022-05-21,20:13,Current,NEFT,10000000.0,Debit,21776.31,Retail,UP,619,0,Unknown,0.0,Success,Mobile_App,Verified,0,20,-1,-0.1678152467649815
TXN000371990,CUST057075,2022-05-21,06:50,Current,NEFT,167241.82,Debit,93015.19,Entertainment,Maharashtra,864,0,Unknown,0.0,Success,Mobile_App,Verified,0,6,-1,-0.016041860217738457
TXN000372114,CUST050410,2022-05-21,08:55,Salary,Net_Banking,15083.65,Debit,99563.45,Utilities,Tamil Nadu,337,1,Personal,67163.57,Success,API,Verified,0,8,-1,-0.03968573960995647
TXN000372149,CUST073524,2022-05-22,06:13,Current,Auto_Debit,5687.76,Debit,128383.71,E-Commerce,Rajasthan,707,1,Personal,39911.0,Success,Web,Verified,0,6,-1,-0.039350824355993685
TXN000372191,CUST067903,2022-05-22,09:11,Savings,RTGS,3027430.5,Credit,106243.62,Travel,Maharashtra,898,0,Unknown,0.0,Success,Web,Verified,0,9,-1,-0.05298183381954957
TXN000372212,CUST023151,2022-05-22,01:43,Savings,Cheque,990765.02,Debit,32239.86,Travel,Delhi,423,0,Unknown,0.0,Success,Mobile_App,Verified,0,1,-1,-0.03442816928844472
TXN000372233,CUST041905,2022-05-22,19:58,Savings,ATM_Withdrawal,500.0,Debit,25078.86,E-Commerce,Tamil Nadu,878,1,Unknown,31486.32,Success,Mobile_App,Verified,0,19,-1,-0.008469063548536604
TXN000372298,CUST000472,2022-05-22,22:27,Savings,RTGS,1356717.6,Debit,16028.83,Retail,Tamil Nadu,771,0,Unknown,0.0,Success,Mobile_App,Verified,0,22,-1,-0.002880558767031194
TXN000372338,CUST008669,2022-05-22,00:09,Current,RTGS,1393393.2,Debit,36243.42,Peer Transfer,Delhi,778,1,Gold,8442.24,Success,Web,Pending,0,0,-1,-0.075124670722172
TXN000372403,CUST071070,2022-05-22,14:59,Savings,Auto_Debit,772.68,Debit,40200.58,Travel,Tamil Nadu,470,1,Personal,3280.18,Success,Branch,Verified,0,14,-1,-0.023847623791686035
TXN000372532,CUST060289,2022-05-23,17:45,Savings,RTGS,348083.72,Credit,12262.23,Healthcare,Maharashtra,518,1,Personal,3000.54,Success,ATM,Expired,0,17,-1,-0.006552986713485143
TXN000372677,CUST045789,2022-05-23,16:42,Current,ATM_Withdrawal,5000.0,Debit,12420.73,Travel,Telangana,438,1,Business,45513.46,Success,Mobile_App,Verified,0,16,-1,-0.027242329881246197
TXN000372852,CUST038015,2022-05-24,21:45,Savings,RTGS,2189765.81,Debit,6854.42,Healthcare,Gujarat,784,0,Unknown,0.0,Failed,Mobile_App,Verified,0,21,-1,-0.026402957284813455
TXN000372901,CUST075607,2022-05-24,17:00,Fixed Deposit,RTGS,735008.89,Credit,4324.28,Investment,Karnataka,856,1,Personal,4064.43,Success,Web,Verified,1,17,-1,-0.01576145327410361
TXN000373067,CUST015768,2022-05-24,02:31,Savings,Auto_Debit,10271.96,Debit,109045.61,Food & Dining,Karnataka,816,1,Education,69786.08,Success,Mobile_App,Pending,0,2,-1,-0.05214838494318352
TXN000373109,CUST017318,2022-05-25,10:25,Current,NEFT,92780.97,Credit,22886.35,E-Commerce,West Bengal,803,0,Unknown,0.0,Success,Web,Expired,0,10,-1,-0.005478132218549092
TXN000373192,CUST037925,2022-05-25,01:00,Current,Cheque,41096.25,Credit,142794.62,Fuel,Maharashtra,654,0,Unknown,0.0,Success,Mobile_App,Verified,0,1,-1,-0.0006226927116799175
TXN000373473,CUST055028,2022-05-26,10:35,Savings,ATM_Withdrawal,10000.0,Debit,7335.77,Entertainment,Karnataka,535,1,Personal,10792.25,Success,POS_Terminal,Verified,0,10,-1,-0.008815966532747521
TXN000373652,CUST066956,2022-05-26,23:20,Savings,RTGS,157873.1,Credit,15448.53,Salary,Tamil Nadu,699,0,Unknown,0.0,Success,Web,Verified,0,23,-1,-0.0061228047637582605
TXN000373680,CUST065096,2022-05-27,23:15,Savings,RTGS,1287117.42,Credit,29827.42,Real Estate,Tamil Nadu,442,1,Business,3207.22,Success,ATM,Verified,1,23,-1,-0.017372333858723388
TXN000373728,CUST042061,2022-05-27,06:21,Current,RTGS,1125487.69,Credit,69753.42,Real Estate,Delhi,878,0,Unknown,0.0,Success,Mobile_App,Verified,0,6,-1,-0.033450329641138365
TXN000373754,CUST018277,2022-05-27,02:08,Savings,UPI,54.8,Credit,53944.75,Education,Telangana,801,1,Education,30686.12,Success,POS_Terminal,Verified,0,2,-1,-0.06953782087138083
TXN000373802,CUST001245,2022-05-27,21:36,Salary,RTGS,422230.09,Credit,4141.09,Peer Transfer,Karnataka,768,0,Unknown,0.0,Success,ATM,Verified,0,21,-1,-0.04155450261215021
TXN000374237,CUST011325,2022-05-28,10:33,Current,RTGS,2822961.38,Debit,19902.45,Retail,Karnataka,723,0,Unknown,0.0,Success,Mobile_App,Verified,0,10,-1,-0.08307356122654053
TXN000374250,CUST012819,2022-05-28,18:57,Savings,RTGS,7187119.16,Debit,35393.57,Peer Transfer,Karnataka,343,0,Unknown,0.0,Success,Branch,Verified,0,18,-1,-0.10445506383688685
TXN000374262,CUST024313,2022-05-28,17:11,NRI,RTGS,57570.18,Debit,7822.31,Food & Dining,West Bengal,640,0,Unknown,0.0,Success,Mobile_App,Verified,0,17,-1,-0.03330698978986202
TXN000374329,CUST052672,2022-05-29,05:46,Salary,NEFT,856.15,Debit,236505.76,Food & Dining,Maharashtra,803,0,Unknown,0.0,Success,Mobile_App,Verified,0,5,-1,-0.04396058243587231
TXN000374358,CUST018397,2022-05-29,12:13,Savings,ATM_Withdrawal,5000.0,Debit,3500.38,Entertainment,Tamil Nadu,548,0,Unknown,0.0,Success,POS_Terminal,Verified,0,12,-1,-0.0006363510507366721
TXN000374400,CUST051159,2022-05-29,08:05,Salary,RTGS,982901.75,Debit,159471.12,Food & Dining,Telangana,597,0,Unknown,0.0,Success,ATM,Verified,0,8,-1,-0.01430221939466425
TXN000374437,CUST000672,2022-05-29,18:51,Savings,IMPS,7086.39,Credit,3035.84,Entertainment,Maharashtra,461,1,Auto,19214.95,Success,Web,Verified,1,18,-1,-0.004494809559181467
TXN000374519,CUST025604,2022-05-29,15:21,Fixed Deposit,IMPS,966.14,Debit,61066.17,Food & Dining,Delhi,620,1,Education,10130.93,Success,POS_Terminal,Verified,0,15,-1,-0.0013907924213986123
TXN000374592,CUST007024,2022-05-29,22:45,NRI,NEFT,1475840.26,Debit,132703.87,Investment,Delhi,325,0,Unknown,0.0,Success,ATM,Verified,0,22,-1,-0.07133497851964676
TXN000374742,CUST033967,2022-05-30,14:10,Fixed Deposit,Cheque,2647669.41,Credit,77491.55,Retail,Maharashtra,312,0,Unknown,0.0,Success,Mobile_App,Verified,0,14,-1,-0.1179545444813328
TXN000375004,CUST002901,2022-05-31,04:22,Salary,RTGS,1124877.11,Debit,27278.92,Salary,Tamil Nadu,401,0,Unknown,0.0,Success,Mobile_App,Verified,0,4,-1,-0.044472151891215006
TXN000375178,CUST066123,2022-05-31,13:11,Current,RTGS,548787.1,Debit,11892.56,Travel,Tamil Nadu,662,0,Unknown,0.0,Success,Mobile_App,Verified,0,13,-1,-0.018034990745154467
TXN000375480,CUST055164,2022-06-01,17:19,Current,NEFT,32328.92,Credit,9374.64,Food & Dining,Maharashtra,398,1,Personal,40317.69,Success,POS_Terminal,Verified,0,17,-1,-0.015033766170037488
TXN000375947,CUST009535,2022-06-03,11:33,Salary,Auto_Debit,15063.04,Debit,24284.39,E-Commerce,Delhi,483,1,Personal,4808.29,Success,Web,Verified,0,11,-1,-0.026486882839097392
TXN000375960,CUST066675,2022-06-03,21:41,Salary,RTGS,2423227.48,Credit,73932.29,Retail,Delhi,316,0,Unknown,0.0,Success,Mobile_App,Verified,0,21,-1,-0.09293713510185475
TXN000375983,CUST004897,2022-06-03,08:12,Fixed Deposit,RTGS,1435620.87,Credit,3378.02,Salary,Delhi,346,1,Personal,3303.27,Success,Web,Verified,0,8,-1,-0.09068663630497265
TXN000376050,CUST032084,2022-06-03,14:09,Savings,RTGS,2015920.23,Debit,10972.38,Entertainment,Rajasthan,403,0,Unknown,0.0,Success,Web,Verified,0,14,-1,-0.047357140012173726
TXN000376150,CUST068560,2022-06-03,01:13,Savings,UPI,1306.98,Debit,20484.21,Food & Dining,Karnataka,389,1,Education,39885.78,Reversed,ATM,Verified,0,1,-1,-0.05489829984562056
TXN000376276,CUST072232,2022-06-04,10:11,Current,RTGS,1292882.94,Debit,48111.61,Food & Dining,Maharashtra,469,0,Unknown,0.0,Success,ATM,Verified,0,10,-1,-0.03920952773582842
TXN000376323,CUST074401,2022-06-04,07:28,Salary,POS,2352.07,Debit,14603.01,E-Commerce,Telangana,649,1,Personal,4161.8,Success,POS_Terminal,Verified,0,7,-1,-0.0035663699767369827
TXN000376341,CUST033922,2022-06-04,05:23,Current,Cheque,47629.49,Debit,5110.03,Retail,Delhi,640,1,Unknown,7636.43,Success,POS_Terminal,Verified,0,5,-1,-0.012942415680072594
TXN000376403,CUST016702,2022-06-04,01:39,Fixed Deposit,UPI,605.63,Debit,101790.61,E-Commerce,Gujarat,406,1,Home,1447.79,Success,Mobile_App,Verified,0,1,-1,-0.017057058202984976
TXN000376467,CUST043104,2022-06-04,12:58,Savings,RTGS,1618558.81,Credit,34190.86,Food & Dining,Gujarat,385,0,Unknown,0.0,Success,Mobile_App,Verified,0,12,-1,-0.048450426187201745
TXN000376622,CUST056323,2022-06-05,19:59,Savings,RTGS,1046056.79,Credit,67109.61,Utilities,West Bengal,549,1,Home,2532.76,Success,Web,Verified,1,19,-1,-0.0420015638155633
TXN000376741,CUST010759,2022-06-05,21:56,Current,IMPS,828.66,Credit,2448.86,Food & Dining,UP,505,0,Unknown,0.0,Success,Mobile_App,Verified,0,21,-1,-0.005546210535952167
TXN000376790,CUST040944,2022-06-06,08:35,Fixed Deposit,ATM_Withdrawal,500.0,Debit,71486.44,Insurance,UP,535,0,Unknown,0.0,Success,POS_Terminal,Verified,0,8,-1,-0.03531898547580714
TXN000376827,CUST068127,2022-06-06,12:21,Current,Net_Banking,10394.94,Credit,33360.61,Travel,Gujarat,325,1,Gold,58571.55,Success,Mobile_App,Pending,0,12,-1,-0.047422127139960635
TXN000376854,CUST058172,2022-06-06,06:04,Savings,RTGS,452720.27,Debit,73726.85,Food & Dining,Rajasthan,474,0,Unknown,0.0,Success,API,Verified,0,6,-1,-0.027023940299438
TXN000376900,CUST027278,2022-06-06,19:32,Salary,IMPS,591.74,Debit,86017.59,Peer Transfer,Punjab,801,1,Home,19130.66,Success,Mobile_App,Verified,0,19,-1,-0.0009583413184875988
TXN000376909,CUST079939,2022-06-06,05:30,NRI,Auto_Debit,783.04,Debit,208475.27,E-Commerce,Gujarat,406,0,Unknown,0.0,Success,Mobile_App,Verified,0,5,-1,-0.008128188278797799
TXN000377056,CUST072139,2022-06-06,05:24,Savings,RTGS,342651.94,Credit,131631.24,Retail,Gujarat,364,0,Unknown,0.0,Success,POS_Terminal,Expired,0,5,-1,-0.009697450660061224
TXN000377062,CUST040265,2022-06-07,11:41,Current,RTGS,676719.17,Credit,48459.26,Utilities,Rajasthan,529,0,Unknown,0.0,Success,POS_Terminal,Verified,0,11,-1,-0.06056891543777321
TXN000377161,CUST028648,2022-06-07,18:55,Salary,POS,1487.79,Debit,33806.9,Government,Karnataka,501,0,Unknown,0.0,Success,Web,Verified,0,18,-1,-0.0038874079203597978
TXN000377241,CUST019922,2022-06-07,14:00,Savings,Cheque,157708.96,Debit,170289.16,Retail,Maharashtra,640,0,Unknown,0.0,Success,Web,Verified,0,14,-1,-0.022799843220004168
TXN000377263,CUST023147,2022-06-07,12:00,Savings,RTGS,188003.22,Credit,7205.6,Investment,Tamil Nadu,763,0,Unknown,0.0,Failed,Mobile_App,Verified,0,12,-1,-0.009915158601707108
TXN000377423,CUST076453,2022-06-08,21:25,Fixed Deposit,IMPS,2746.57,Debit,3514.19,Healthcare,Karnataka,461,1,Personal,30386.18,Success,Mobile_App,Verified,0,21,-1,-0.020987941555124068
TXN000377472,CUST031658,2022-06-08,03:37,Savings,RTGS,596962.88,Credit,43520.06,Food & Dining,Maharashtra,327,0,Unknown,0.0,Success,Web,Verified,0,3,-1,-0.007438548712192294
TXN000377575,CUST030761,2022-06-08,03:31,Salary,RTGS,1927628.53,Debit,11782.07,E-Commerce,West Bengal,600,0,Unknown,0.0,Success,Mobile_App,Verified,0,3,-1,-0.05426366919997183
TXN000377616,CUST079925,2022-06-08,16:09,Current,NEFT,39252.71,Credit,27176.24,Salary,Delhi,803,0,Unknown,0.0,Success,Mobile_App,Verified,0,16,-1,-0.03630442505632281
TXN000377730,CUST005573,2022-06-09,18:06,Savings,Credit_Card,20583.38,Debit,11854.81,E-Commerce,Delhi,649,1,Home,3171.32,Success,Mobile_App,Verified,0,18,-1,-0.006478669615115784
TXN000377776,CUST054253,2022-06-09,18:47,Fixed Deposit,RTGS,2158213.04,Debit,47778.74,Salary,Delhi,552,1,Business,9651.63,Success,Web,Verified,0,18,-1,-0.03382596272253935
TXN000377832,CUST014637,2022-06-09,16:02,NRI,RTGS,1029942.02,Credit,25219.62,E-Commerce,Delhi,462,0,Unknown,0.0,Success,POS_Terminal,Verified,0,16,-1,-0.0032287236412422704
TXN000377924,CUST022859,2022-06-09,17:55,Savings,RTGS,2395950.21,Debit,16905.74,Investment,Telangana,350,1,Gold,2416.52,Success,Mobile_App,Verified,0,17,-1,-0.047203872073473874
TXN000377936,CUST055326,2022-06-09,12:31,Salary,NEFT,5475.71,Debit,8285.98,Food & Dining,Maharashtra,385,1,Auto,49811.09,Success,Web,Verified,0,12,-1,-0.022346803871590826
TXN000377944,CUST044895,2022-06-09,06:32,Current,RTGS,728885.06,Debit,21790.07,Utilities,Karnataka,687,0,Unknown,0.0,Success,POS_Terminal,Pending,0,6,-1,-0.015160109313717696
TXN000377951,CUST066142,2022-06-09,19:04,Savings,UPI,263.23,Credit,143923.38,Insurance,Gujarat,406,0,Unknown,0.0,Success,Mobile_App,Verified,0,19,-1,-0.015335809215049512
TXN000378057,CUST005642,2022-06-10,11:15,Fixed Deposit,ATM_Withdrawal,500.0,Debit,25173.45,Utilities,Delhi,510,1,Business,3924.55,Success,POS_Terminal,Verified,0,11,-1,-0.0047054753516554415
TXN000378546,CUST076006,2022-06-11,03:52,Savings,RTGS,691877.0,Credit,7572.89,Real Estate,UP,640,1,Auto,1763.35,Success,POS_Terminal,Expired,0,3,-1,-0.09321214674813727
TXN000378566,CUST013150,2022-06-11,04:39,Savings,ATM_Withdrawal,500.0,Debit,18737.51,Insurance,Rajasthan,528,1,Education,66569.1,Success,Branch,Verified,0,4,-1,-0.04039563050874029
TXN000378653,CUST014587,2022-06-12,11:43,Fixed Deposit,RTGS,71030.99,Credit,15914.48,Retail,Tamil Nadu,657,0,Unknown,0.0,Success,Mobile_App,Verified,0,11,-1,-0.0035235734139912323
TXN000378890,CUST015839,2022-06-13,22:03,Savings,UPI,661.54,Debit,14075.03,Investment,Telangana,749,1,Education,42775.03,Pending,Web,Verified,0,22,-1,-0.05437183321956662
TXN000378973,CUST029416,2022-06-13,14:27,Fixed Deposit,Cheque,246934.43,Credit,8295.12,Investment,Maharashtra,327,0,Unknown,0.0,Success,Mobile_App,Verified,0,14,-1,-0.0074329309090043205
TXN000379272,CUST061209,2022-06-14,00:44,Salary,NEFT,24790.73,Debit,203416.83,Fuel,Tamil Nadu,864,0,Unknown,0.0,Success,ATM,Verified,0,0,-1,-0.009454352382764708
TXN000379504,CUST060529,2022-06-14,05:44,Fixed Deposit,RTGS,879075.03,Credit,4893.84,Entertainment,Telangana,492,0,Unknown,0.0,Success,Web,Verified,0,5,-1,-0.009211507970914523
TXN000379737,CUST072468,2022-06-15,14:43,Salary,IMPS,2124.86,Credit,106240.22,Investment,Tamil Nadu,550,1,Business,34848.21,Success,ATM,Verified,0,14,-1,-0.0179900511904878
TXN000379789,CUST043569,2022-06-15,10:27,Savings,Cheque,878032.31,Debit,60682.91,Education,Rajasthan,372,0,Unknown,0.0,Success,Mobile_App,Verified,0,10,-1,-0.023291456375859165
TXN000379807,CUST007655,2022-06-15,22:25,Current,Cheque,1210042.48,Debit,5057.03,Education,Gujarat,476,0,Unknown,0.0,Success,API,Verified,0,22,-1,-0.01943304615463648
TXN000379838,CUST065199,2022-06-15,15:39,Fixed Deposit,Cheque,5728569.02,Debit,5867.88,Salary,Rajasthan,485,1,Auto,3919.5,Success,Mobile_App,Verified,0,15,-1,-0.09637298870015809
TXN000380256,CUST007286,2022-06-17,18:30,Savings,NEFT,88722.06,Credit,12315.3,Entertainment,Telangana,452,1,Personal,20862.06,Success,Mobile_App,Verified,0,18,-1,-0.003459688163136909
TXN000380396,CUST025441,2022-06-17,16:11,Savings,RTGS,629519.32,Credit,10499.42,Retail,Rajasthan,739,0,Unknown,0.0,Success,API,Verified,0,16,-1,-0.0168307709392167
TXN000380524,CUST063540,2022-06-18,08:25,NRI,RTGS,3871836.24,Credit,52839.15,Retail,Maharashtra,855,0,Unknown,0.0,Success,Web,Verified,1,8,-1,-0.08721719933528471
TXN000380545,CUST068187,2022-06-18,00:27,Current,Cheque,2501158.76,Debit,68354.24,Real Estate,Maharashtra,645,0,Unknown,0.0,Success,Branch,Expired,0,0,-1,-0.06798763453548018
TXN000380945,CUST003845,2022-06-19,13:48,Fixed Deposit,UPI,610.34,Credit,45905.59,Education,Maharashtra,785,1,Gold,32049.1,Failed,ATM,Verified,0,13,-1,-0.014349328417412766
TXN000380954,CUST056018,2022-06-19,10:48,Current,NEFT,218.63,Credit,81749.07,Fuel,Delhi,501,0,Unknown,0.0,Success,ATM,Verified,0,10,-1,-0.031710591602435945
TXN000380967,CUST042844,2022-06-19,03:46,Current,ATM_Withdrawal,1000.0,Debit,273683.61,Salary,Telangana,649,1,Personal,6596.87,Success,Web,Verified,0,3,-1,-0.0035238318333277174
TXN000381117,CUST058931,2022-06-20,15:36,NRI,Auto_Debit,15082.43,Debit,6390.82,Retail,Karnataka,488,0,Unknown,0.0,Success,Web,Verified,0,15,-1,-0.007278686709676241
TXN000381234,CUST007436,2022-06-20,20:42,Savings,UPI,635.88,Credit,309758.74,Retail,Tamil Nadu,803,0,Unknown,0.0,Success,Mobile_App,Verified,0,20,-1,-0.020658834749124666
TXN000381373,CUST057735,2022-06-21,21:18,Savings,NEFT,12954.09,Debit,3837.32,Healthcare,Maharashtra,877,1,Home,29097.69,Success,Mobile_App,Expired,0,21,-1,-0.022899458256022798
TXN000381394,CUST027637,2022-06-21,05:26,Current,Cheque,4033843.55,Debit,10844.52,Real Estate,Maharashtra,584,0,Unknown,0.0,Success,Mobile_App,Verified,0,5,-1,-0.1417084657958163
TXN000381419,CUST057068,2022-06-21,09:51,Salary,RTGS,779818.35,Credit,17304.13,Investment,Maharashtra,309,0,Unknown,0.0,Success,POS_Terminal,Verified,0,9,-1,-0.0007415181287033779
TXN000381580,CUST066883,2022-06-21,22:52,Savings,RTGS,108223.97,Debit,204029.62,Retail,West Bengal,792,0,Unknown,0.0,Success,Mobile_App,Expired,0,22,-1,-0.03128625911673888
TXN000381707,CUST049249,2022-06-22,15:48,Savings,POS,537.18,Debit,45660.94,Salary,Karnataka,803,0,Unknown,0.0,Success,Mobile_App,Verified,0,15,-1,-0.038002150375184285
TXN000381884,CUST068579,2022-06-22,02:44,Current,Cheque,28573.79,Debit,2679981.17,Education,West Bengal,819,1,Auto,11551.99,Success,Mobile_App,Verified,0,2,-1,-0.0059536196125583585
TXN000382287,CUST016975,2022-06-24,03:01,Salary,Auto_Debit,5110.44,Debit,13969.77,Peer Transfer,Maharashtra,654,1,Business,7644.68,Success,Web,Pending,0,3,-1,-0.011642338397876317
TXN000382423,CUST037372,2022-06-24,06:53,Savings,Net_Banking,6236.52,Debit,45629.01,Salary,West Bengal,501,0,Unknown,0.0,Success,POS_Terminal,Verified,0,6,-1,-0.011974133426738698
TXN000382437,CUST064498,2022-06-24,22:36,Savings,Cheque,2773172.85,Credit,47853.49,E-Commerce,Karnataka,663,1,Home,8258.0,Success,API,Verified,0,22,-1,-0.042314026845219566
TXN000382525,CUST011077,2022-06-24,02:04,Salary,UPI,1897.86,Debit,16603.81,Government,Rajasthan,312,1,Auto,55343.58,Success,Web,Verified,0,2,-1,-0.058546255596553465
TXN000382545,CUST069355,2022-06-24,15:13,Current,RTGS,1098905.34,Debit,35789.47,Education,Delhi,472,1,Personal,6013.89,Success,Mobile_App,Verified,0,15,-1,-0.01212320679133283
TXN000382832,CUST021566,2022-06-25,03:39,Savings,Auto_Debit,1291.23,Debit,12042.49,Retail,Karnataka,470,1,Personal,2641.76,Success,Branch,Verified,0,3,-1,-0.023250370145604604
TXN000382925,CUST079083,2022-06-26,00:00,NRI,IMPS,5954.67,Credit,77557.33,Real Estate,Telangana,372,0,Unknown,0.0,Success,Mobile_App,Verified,0,0,-1,-0.03516082196277437
TXN000383057,CUST010706,2022-06-26,11:40,Current,IMPS,8581.55,Credit,36122.74,Education,Karnataka,505,0,Unknown,0.0,Success,POS_Terminal,Verified,0,11,-1,-0.03233280215936174
TXN000383113,CUST039703,2022-06-26,23:24,Current,RTGS,1163429.94,Debit,120357.66,Insurance,Punjab,724,0,Unknown,0.0,Success,API,Verified,0,23,-1,-0.033742255346779215
TXN000383320,CUST065254,2022-06-27,22:28,Salary,IMPS,118.7,Credit,30811.09,Retail,Karnataka,645,1,Business,26442.67,Success,Mobile_App,Verified,0,22,-1,-0.01854307326887461
TXN000383450,CUST006532,2022-06-28,01:56,Salary,ATM_Withdrawal,10000.0,Debit,14314.37,E-Commerce,Karnataka,649,1,Business,4885.28,Success,POS_Terminal,Verified,0,1,-1,-0.00041046441455228067
TXN000383554,CUST036824,2022-06-28,04:08,Savings,RTGS,13351.45,Debit,2271.04,Healthcare,Karnataka,501,0,Unknown,0.0,Success,Mobile_App,Pending,0,4,-1,-0.001837840058131035
TXN000384307,CUST058616,2022-06-30,07:04,Current,RTGS,1237480.49,Debit,170694.6,Salary,Tamil Nadu,564,0,Unknown,0.0,Success,Web,Verified,0,7,-1,-0.015261848499877773
TXN000384396,CUST008256,2022-07-01,09:24,Current,RTGS,233703.32,Credit,29744.0,Healthcare,Karnataka,768,0,Unknown,0.0,Success,Mobile_App,Verified,0,9,-1,-0.0036415722432908693
TXN000384436,CUST064485,2022-07-01,11:14,Savings,Auto_Debit,8591.01,Debit,14050.15,Travel,Delhi,553,0,Unknown,0.0,Success,POS_Terminal,Verified,0,11,-1,-0.003975541905321234
TXN000384577,CUST042559,2022-07-01,10:30,Savings,RTGS,2093788.15,Credit,21790.54,Government,Telangana,865,0,Unknown,0.0,Success,Branch,Verified,1,10,-1,-0.049499813431442496
TXN000384655,CUST064389,2022-07-02,04:54,Savings,UPI,311.04,Credit,18425.25,Fuel,Maharashtra,803,0,Unknown,0.0,Success,Web,Pending,0,4,-1,-0.0020028605259475585
TXN000384698,CUST040874,2022-07-02,20:29,NRI,UPI,879.48,Debit,115044.24,Peer Transfer,Karnataka,535,1,Personal,25873.4,Success,ATM,Verified,0,20,-1,-0.029962652739704443
TXN000384710,CUST051631,2022-07-02,08:33,Current,RTGS,1796527.38,Credit,8642.35,Fuel,Tamil Nadu,799,0,Unknown,0.0,Success,POS_Terminal,Verified,0,8,-1,-0.06893480593096979
TXN000384830,CUST012749,2022-07-02,16:32,Fixed Deposit,UPI,2489.89,Debit,34532.8,E-Commerce,UP,406,0,Unknown,0.0,Pending,API,Verified,0,16,-1,-0.0005627828647087885
TXN000384879,CUST064752,2022-07-02,17:52,Savings,Auto_Debit,843.22,Debit,6312.75,Food & Dining,Delhi,505,0,Unknown,0.0,Success,API,Verified,0,17,-1,-0.017367490093365245
TXN000385030,CUST026692,2022-07-03,09:03,Current,RTGS,486677.71,Debit,75947.45,Food & Dining,Delhi,518,0,Unknown,0.0,Success,Branch,Verified,0,9,-1,-0.009506526684080918
TXN000385083,CUST039301,2022-07-03,04:40,Savings,UPI,1207.69,Debit,4324.89,Food & Dining,Maharashtra,406,1,Business,4288.0,Success,ATM,Verified,0,4,-1,-0.012224024914284315
TXN000385155,CUST010843,2022-07-03,13:02,Current,RTGS,515043.63,Credit,117594.03,E-Commerce,Maharashtra,353,1,Unknown,7792.79,Success,Mobile_App,Verified,0,13,-1,-0.0033452730414247345
TXN000385210,CUST072802,2022-07-03,20:57,Fixed Deposit,RTGS,1973847.26,Debit,17664.16,Peer Transfer,UP,773,0,Unknown,0.0,Success,Mobile_App,Verified,0,20,-1,-0.05032701641213988
TXN000385233,CUST075032,2022-07-03,01:36,Current,RTGS,1127039.73,Credit,19018.46,Retail,West Bengal,842,1,Education,12809.21,Success,ATM,Verified,1,1,-1,-0.03388453825869342
TXN000385474,CUST065590,2022-07-04,00:09,Savings,RTGS,78359.08,Credit,49792.61,Retail,Maharashtra,501,0,Unknown,0.0,Success,Mobile_App,Expired,0,0,-1,-0.049416932551226034
TXN000385481,CUST059769,2022-07-04,14:58,Savings,UPI,918.47,Credit,24565.83,E-Commerce,Delhi,512,1,Auto,30733.67,Success,Web,Verified,0,14,-1,-0.018654259832989628
TXN000385655,CUST045556,2022-07-05,05:57,Savings,RTGS,959743.31,Debit,19795.08,Salary,Maharashtra,613,1,Auto,2958.11,Success,Web,Verified,0,5,-1,-0.015055597880205385
TXN000385730,CUST045006,2022-07-05,00:23,Salary,RTGS,794040.55,Credit,12343.9,Retail,Maharashtra,783,0,Unknown,0.0,Success,Mobile_App,Expired,0,0,-1,-0.021608518423484324
TXN000385833,CUST026519,2022-07-05,16:10,Current,RTGS,1133776.48,Debit,35834.29,E-Commerce,Punjab,471,0,Unknown,0.0,Success,POS_Terminal,Verified,0,16,-1,-0.07355877489238838
TXN000385920,CUST067452,2022-07-06,00:11,Savings,UPI,5864.44,Credit,12312.52,Retail,Gujarat,501,0,Unknown,0.0,Success,Web,Verified,0,0,-1,-0.02478811322306307
TXN000385938,CUST023652,2022-07-06,10:53,Savings,RTGS,350980.21,Debit,5483.61,Salary,Punjab,649,1,Personal,10588.1,Success,Mobile_App,Pending,0,10,-1,-0.035598848947891004
TXN000386004,CUST047765,2022-07-06,02:53,Fixed Deposit,UPI,105.52,Debit,292370.1,Education,Rajasthan,511,1,Home,42980.85,Failed,Mobile_App,Verified,0,2,-1,-0.0030025524139576376
TXN000386051,CUST030796,2022-07-06,23:38,Salary,UPI,646.18,Debit,2703.12,Salary,West Bengal,799,1,Auto,34907.75,Success,Mobile_App,Verified,0,23,-1,-0.040046836530751695
TXN000386118,CUST045494,2022-07-06,08:14,Current,UPI,346.15,Credit,52757.42,Entertainment,Gujarat,370,1,Personal,42220.66,Success,API,Verified,0,8,-1,-0.026700891676358585
TXN000386213,CUST052935,2022-07-07,04:06,Current,RTGS,666005.94,Credit,8858.61,Food & Dining,Telangana,324,1,Personal,6368.06,Reversed,Mobile_App,Verified,0,4,-1,-0.003767135752903328
TXN000386303,CUST061467,2022-07-07,02:27,Current,Cheque,10000000.0,Debit,42180.76,Government,Karnataka,815,1,Auto,12047.36,Success,Mobile_App,Verified,0,2,-1,-0.08183687234260706
TXN000386736,CUST073871,2022-07-08,19:39,Current,NEFT,1058570.25,Credit,46446.04,Peer Transfer,Delhi,610,0,Unknown,0.0,Failed,Mobile_App,Verified,0,19,-1,-0.03153268595316994
TXN000386765,CUST061901,2022-07-08,02:29,NRI,Net_Banking,1579.23,Credit,8048.05,Education,Telangana,372,0,Unknown,0.0,Success,Web,Verified,0,2,-1,-0.0014909399531326528
TXN000386893,CUST036807,2022-07-09,08:10,Savings,NEFT,952646.61,Debit,19463.77,Salary,West Bengal,860,0,Unknown,0.0,Success,ATM,Pending,0,8,-1,-0.0052998272796223045
TXN000386928,CUST046063,2022-07-09,03:41,Salary,ATM_Withdrawal,2000.0,Debit,136057.71,Utilities,Punjab,483,1,Business,2990.6,Success,Mobile_App,Verified,0,3,-1,-0.0061532949734819375
TXN000387026,CUST014941,2022-07-09,09:38,Savings,RTGS,1506831.38,Debit,392057.82,E-Commerce,Tamil Nadu,523,0,Unknown,0.0,Success,POS_Terminal,Verified,0,9,-1,-0.05785395813465044
TXN000387048,CUST061405,2022-07-09,16:30,Fixed Deposit,NEFT,354029.6,Credit,20630.95,Retail,Delhi,864,0,Unknown,0.0,Success,Mobile_App,Verified,0,16,-1,-0.0017974795289503742
TXN000387078,CUST067460,2022-07-09,21:26,Fixed Deposit,UPI,874.78,Debit,69582.44,Utilities,Delhi,750,1,Personal,17908.94,Success,Mobile_App,Verified,0,21,-1,-0.01400078210572453
TXN000387079,CUST049686,2022-07-09,19:38,Current,RTGS,1945890.02,Credit,19551.02,Food & Dining,Gujarat,778,0,Unknown,0.0,Success,API,Pending,0,19,-1,-0.07597004942507679
TXN000387412,CUST035669,2022-07-11,15:53,Salary,Cheque,2087.51,Debit,18940.02,Travel,Telangana,688,1,Business,32941.6,Success,Web,Verified,0,15,-1,-0.03077248468979421
TXN000387483,CUST038933,2022-07-11,11:06,Current,RTGS,96466.84,Credit,1020752.19,Travel,Rajasthan,649,1,Personal,10070.1,Success,Web,Verified,0,11,-1,-0.0017379549451862486
TXN000387572,CUST050903,2022-07-11,11:58,Fixed Deposit,Cheque,2531.17,Credit,32304.79,Investment,Gujarat,372,0,Unknown,0.0,Failed,Mobile_App,Verified,0,11,-1,-0.0028228735688174966
TXN000387714,CUST002026,2022-07-12,12:50,Savings,Cheque,1943277.96,Debit,140259.04,Retail,Telangana,438,1,Personal,7994.77,Success,POS_Terminal,Verified,0,12,-1,-0.05629192584898457
TXN000387759,CUST011952,2022-07-12,10:37,Savings,Cheque,2239740.76,Debit,66768.94,Healthcare,Rajasthan,737,0,Unknown,0.0,Success,ATM,Verified,0,10,-1,-0.03416874477267273
TXN000387833,CUST012421,2022-07-12,07:29,Current,NEFT,2442953.76,Debit,114158.63,E-Commerce,Maharashtra,774,0,Unknown,0.0,Success,Web,Verified,1,7,-1,-0.14265323757232284
TXN000387869,CUST032267,2022-07-12,02:35,Current,UPI,31.49,Credit,17036.43,Insurance,Telangana,700,1,Personal,62548.21,Success,Mobile_App,Verified,0,2,-1,-0.01571837496269246
TXN000387925,CUST041464,2022-07-12,09:23,Current,NEFT,2336938.09,Credit,301546.12,Entertainment,Tamil Nadu,375,0,Unknown,0.0,Success,POS_Terminal,Verified,0,9,-1,-0.074841703872632
TXN000388006,CUST038992,2022-07-12,22:53,Savings,RTGS,125209.22,Debit,16067.39,Utilities,Delhi,763,0,Unknown,0.0,Success,Mobile_App,Pending,0,22,-1,-0.007989879957610246
TXN000388014,CUST011519,2022-07-13,06:02,NRI,Credit_Card,1395.53,Debit,28970.57,E-Commerce,Rajasthan,782,1,Home,2264.94,Success,Branch,Verified,0,6,-1,-0.0070398043007234845
TXN000388078,CUST036464,2022-07-13,21:34,Current,UPI,252.51,Debit,110117.03,E-Commerce,Karnataka,649,1,Personal,29921.32,Success,Branch,Verified,0,21,-1,-0.06803302814391798
TXN000388297,CUST013838,2022-07-13,09:03,Current,NEFT,371018.49,Credit,30212.9,Investment,Gujarat,665,0,Unknown,0.0,Failed,API,Pending,0,9,-1,-0.0248259850524859
TXN000388306,CUST030022,2022-07-13,22:09,Salary,ATM_Withdrawal,1000.0,Debit,117631.75,Utilities,Punjab,649,1,Business,11052.82,Success,Branch,Verified,0,22,-1,-0.04729594872048215
TXN000388816,CUST022995,2022-07-15,05:04,Savings,RTGS,1455187.83,Credit,11244.36,Retail,Karnataka,591,0,Unknown,0.0,Success,Web,Pending,0,5,-1,-0.04992898843973215
TXN000388826,CUST023919,2022-07-15,12:46,Salary,UPI,1334.75,Debit,39376.75,E-Commerce,UP,325,1,Personal,39841.92,Success,Web,Verified,0,12,-1,-0.04411660485821167
TXN000388893,CUST042088,2022-07-15,06:56,Salary,RTGS,2261643.64,Debit,11487.49,Insurance,Maharashtra,883,0,Unknown,0.0,Success,POS_Terminal,Verified,0,6,-1,-0.08592142767083055
TXN000388960,CUST028818,2022-07-16,10:54,Savings,Cheque,1613852.7,Debit,9327.94,Peer Transfer,Delhi,450,0,Unknown,0.0,Success,Web,Verified,0,10,-1,-0.038428799728698726
TXN000388962,CUST056664,2022-07-16,10:15,Salary,RTGS,1347478.66,Credit,21259.46,Travel,Punjab,653,0,Unknown,0.0,Success,Branch,Verified,0,10,-1,-0.07491813458322061
TXN000389494,CUST030320,2022-07-17,19:38,Savings,UPI,5924.64,Debit,12934.97,Government,Delhi,803,0,Unknown,0.0,Reversed,API,Verified,0,19,-1,-0.001521069036417133
TXN000389534,CUST064353,2022-07-18,14:14,Savings,RTGS,1718748.58,Debit,241487.39,Investment,Maharashtra,666,0,Unknown,0.0,Success,ATM,Verified,0,14,-1,-0.026610297675852324
TXN000389809,CUST017132,2022-07-18,01:44,NRI,IMPS,13027.25,Credit,56308.98,Travel,Tamil Nadu,488,1,Auto,20048.88,Success,Mobile_App,Verified,0,1,-1,-0.030258265249200944
TXN000389909,CUST076829,2022-07-19,02:19,Current,Cheque,1680133.55,Debit,23358.76,E-Commerce,Karnataka,374,0,Unknown,0.0,Success,Mobile_App,Verified,1,2,-1,-0.032308440788233916
TXN000389980,CUST051113,2022-07-19,11:58,Current,IMPS,51368.69,Credit,12643.03,Fuel,Punjab,864,0,Unknown,0.0,Success,Mobile_App,Verified,0,11,-1,-0.021482634681980084
TXN000390045,CUST071100,2022-07-19,17:53,Current,NEFT,10233.85,Debit,27514.54,Food & Dining,UP,584,1,Home,30350.4,Reversed,Web,Verified,0,17,-1,-0.006492738427247291
TXN000390185,CUST079566,2022-07-20,10:27,Salary,NEFT,7021.0,Debit,29295.34,Retail,Karnataka,501,0,Unknown,0.0,Success,Mobile_App,Expired,0,10,-1,-0.03872207617060863
TXN000390191,CUST049679,2022-07-20,10:00,Savings,ATM_Withdrawal,1000.0,Debit,20840.44,Food & Dining,UP,584,1,Unknown,16311.92,Success,Web,Verified,0,10,-1,-0.0029035802587519255
TXN000390221,CUST064205,2022-07-20,06:20,Salary,UPI,352.44,Credit,5566.07,E-Commerce,Karnataka,782,1,Home,13691.93,Success,API,Verified,0,6,-1,-0.04060557612551752
TXN000390404,CUST015440,2022-07-20,01:18,Savings,RTGS,1379894.89,Credit,85873.29,Insurance,Maharashtra,401,0,Unknown,0.0,Success,Mobile_App,Verified,0,1,-1,-0.04494480622326036
TXN000390457,CUST020738,2022-07-21,01:30,Savings,Cheque,23872.58,Debit,128659.59,Food & Dining,Delhi,640,0,Unknown,0.0,Success,Mobile_App,Verified,0,1,-1,-0.0041510182442703325
TXN000390465,CUST060417,2022-07-21,20:23,Current,UPI,141.71,Credit,264119.86,Utilities,Maharashtra,501,0,Unknown,0.0,Success,API,Verified,0,20,-1,-0.03681452801686147
TXN000390476,CUST003673,2022-07-21,08:57,Savings,RTGS,2165266.97,Credit,19033.22,Travel,Rajasthan,496,0,Unknown,0.0,Success,Web,Verified,0,8,-1,-0.07679390474087366
TXN000390560,CUST053617,2022-07-21,19:49,Fixed Deposit,RTGS,853372.5,Credit,117445.89,Retail,UP,688,0,Unknown,0.0,Success,Web,Verified,0,19,-1,-0.046177462642566836
TXN000390574,CUST033069,2022-07-21,07:43,Salary,UPI,1555.88,Credit,55998.44,Utilities,Telangana,426,1,Business,38685.58,Success,Branch,Verified,0,7,-1,-0.0317116359228341
TXN000390715,CUST022786,2022-07-21,02:52,Current,RTGS,171109.04,Credit,259936.63,Food & Dining,Maharashtra,699,0,Unknown,0.0,Success,POS_Terminal,Verified,0,2,-1,-0.07583549479375029
TXN000391587,CUST019047,2022-07-24,04:00,Savings,RTGS,1050522.97,Debit,3351.03,Government,Tamil Nadu,640,1,Home,13732.73,Success,Web,Verified,0,4,-1,-0.09864464766993719
TXN000391597,CUST025420,2022-07-24,00:16,Current,UPI,2658.37,Credit,20419.67,Food & Dining,Karnataka,603,1,Business,137161.99,Success,Web,Verified,0,0,-1,-0.024788360250953878
TXN000391598,CUST034960,2022-07-24,18:46,Current,Cheque,3171081.68,Debit,7828.34,Food & Dining,Maharashtra,844,1,Business,6022.45,Failed,Mobile_App,Verified,1,18,-1,-0.0688741893582201
TXN000391629,CUST071111,2022-07-24,21:32,Savings,UPI,3030.23,Credit,64843.32,Healthcare,Tamil Nadu,803,0,Unknown,0.0,Success,Web,Pending,0,21,-1,-0.0029186507668607087
TXN000391649,CUST056030,2022-07-24,07:18,NRI,IMPS,574.05,Debit,22030.41,Government,Tamil Nadu,792,0,Unknown,0.0,Success,Web,Verified,0,7,-1,-0.012711355426688553
TXN000391814,CUST052004,2022-07-25,20:05,Savings,NEFT,44634.27,Debit,18555.07,Real Estate,Telangana,803,0,Unknown,0.0,Success,Web,Verified,0,20,-1,-0.015472139806511298
TXN000391820,CUST063684,2022-07-25,03:40,Savings,Auto_Debit,3648.38,Debit,436693.35,Healthcare,Maharashtra,326,1,Personal,9962.37,Success,Mobile_App,Verified,0,3,-1,-0.038065988768779535
TXN000391958,CUST078683,2022-07-25,05:10,Savings,RTGS,1093394.55,Credit,29361.0,Food & Dining,Telangana,596,1,Home,4762.2,Failed,Branch,Verified,0,5,-1,-0.008333354387237146
TXN000392156,CUST050983,2022-07-26,08:01,Savings,POS,758.5,Debit,78808.47,Entertainment,Tamil Nadu,325,0,Unknown,0.0,Success,Web,Verified,0,8,-1,-0.00651886315550243
TXN000392218,CUST027500,2022-07-26,19:59,NRI,RTGS,2202602.47,Credit,55007.77,Fuel,Delhi,611,1,Education,3722.72,Success,ATM,Verified,0,19,-1,-0.03921662770046963
TXN000392305,CUST049174,2022-07-27,06:24,Savings,Net_Banking,20478.11,Debit,30735.24,Retail,Delhi,501,0,Unknown,0.0,Success,Web,Verified,0,6,-1,-0.0264771996648262
TXN000392320,CUST009063,2022-07-27,06:15,Current,IMPS,1918.59,Credit,33228.2,Investment,Maharashtra,864,0,Unknown,0.0,Failed,Mobile_App,Verified,0,6,-1,-0.02268612568060191
TXN000392397,CUST039236,2022-07-27,19:36,Savings,RTGS,776004.3,Credit,5825.08,E-Commerce,Karnataka,401,0,Unknown,0.0,Success,POS_Terminal,Verified,0,19,-1,-0.07561399979043804
TXN000392419,CUST049877,2022-07-27,17:30,Savings,RTGS,315195.65,Credit,97954.16,Peer Transfer,West Bengal,753,0,Unknown,0.0,Success,Mobile_App,Verified,0,17,-1,-0.023234333014526265
TXN000392597,CUST042008,2022-07-28,12:55,Salary,RTGS,1909481.12,Debit,29394.62,Government,Maharashtra,440,1,Business,8385.06,Success,Mobile_App,Verified,0,12,-1,-0.052010271334792635
TXN000392679,CUST024968,2022-07-28,16:49,Fixed Deposit,RTGS,271112.57,Credit,27244.99,Salary,Karnataka,699,0,Unknown,0.0,Success,POS_Terminal,Verified,0,16,-1,-0.08600370237016497
TXN000392788,CUST017678,2022-07-28,03:29,Fixed Deposit,Auto_Debit,1061.8,Debit,177777.89,Education,Tamil Nadu,793,0,Unknown,0.0,Success,ATM,Verified,0,3,-1,-0.018482656249397156
TXN000392897,CUST041009,2022-07-29,08:44,Fixed Deposit,Cheque,177329.5,Debit,145535.98,Retail,Rajasthan,392,1,Education,13246.62,Success,Branch,Verified,0,8,-1,-0.03831676516755378
TXN000392941,CUST056237,2022-07-29,03:25,Fixed Deposit,RTGS,524832.25,Credit,55079.48,Food & Dining,Tamil Nadu,500,0,Unknown,0.0,Success,Branch,Expired,0,3,-1,-0.01094619436537192
TXN000393018,CUST035501,2022-07-29,08:17,Fixed Deposit,UPI,450.79,Credit,12293.69,Government,Karnataka,615,1,Auto,31801.5,Success,POS_Terminal,Verified,0,8,-1,-0.02131701747085002
TXN000393200,CUST020114,2022-07-30,02:05,Savings,RTGS,758075.12,Credit,2951.0,Salary,UP,573,0,Unknown,0.0,Success,Web,Verified,0,2,-1,-0.03689670765196984
TXN000393301,CUST053924,2022-07-30,01:19,Savings,RTGS,48598.67,Debit,3547.05,Retail,Delhi,488,1,Auto,25585.41,Success,Mobile_App,Expired,0,1,-1,-0.005784744210495574
TXN000393338,CUST020640,2022-07-30,14:30,Savings,IMPS,1325.24,Debit,155583.22,Entertainment,Maharashtra,585,1,Personal,23457.1,Success,Web,Verified,0,14,-1,-0.012956693003594921
TXN000393340,CUST026919,2022-07-30,20:14,Savings,POS,2316.67,Debit,319336.0,Food & Dining,Maharashtra,803,1,Business,6769.98,Success,Mobile_App,Verified,0,20,-1,-0.006989012222757718
TXN000393408,CUST004316,2022-07-30,13:30,Salary,RTGS,601644.99,Debit,46571.52,Travel,UP,880,0,Unknown,0.0,Success,ATM,Verified,0,13,-1,-0.015158325729103472
TXN000393432,CUST046477,2022-07-30,08:49,Savings,Credit_Card,4992.94,Debit,35634.92,Fuel,Maharashtra,325,0,Unknown,0.0,Success,Web,Verified,0,8,-1,-0.004189548327463211
TXN000393475,CUST021026,2022-07-30,07:11,Savings,UPI,67.04,Credit,76101.83,Entertainment,Rajasthan,792,1,Business,50208.53,Success,Branch,Verified,0,7,-1,-0.08611387653238634
TXN000393522,CUST063659,2022-07-31,22:05,Savings,Net_Banking,8789.31,Credit,5481.98,Salary,Gujarat,501,1,Personal,3350.59,Success,Mobile_App,Verified,0,22,-1,-0.03352128940974519
TXN000393538,CUST037289,2022-07-31,21:02,Current,RTGS,835874.78,Debit,13976.93,Real Estate,Karnataka,328,0,Unknown,0.0,Success,Web,Expired,0,21,-1,-0.030516537249476006
TXN000393789,CUST075526,2022-07-31,15:21,Salary,RTGS,1349075.24,Credit,41300.9,Utilities,Maharashtra,380,1,Auto,5469.6,Success,Web,Verified,0,15,-1,-0.05037818959125773
TXN000393832,CUST063574,2022-08-01,18:15,Savings,RTGS,2287270.39,Debit,33820.4,Investment,Gujarat,566,0,Unknown,0.0,Success,Mobile_App,Verified,0,18,-1,-0.04157805337423148
TXN000393941,CUST019177,2022-08-01,03:27,Savings,RTGS,942051.03,Credit,2488.9,Insurance,Maharashtra,504,0,Unknown,0.0,Success,POS_Terminal,Verified,0,3,-1,-0.018727394437153877
TXN000394010,CUST057278,2022-08-01,23:15,Current,RTGS,1515669.32,Credit,18411.98,Food & Dining,Tamil Nadu,732,0,Unknown,0.0,Success,POS_Terminal,Verified,0,23,-1,-0.07762934955944123
TXN000394402,CUST004329,2022-08-02,02:18,Current,Credit_Card,806.56,Debit,183657.04,E-Commerce,Karnataka,803,1,Home,1523.65,Success,Mobile_App,Verified,0,2,-1,-0.024060638695760472
TXN000394423,CUST059799,2022-08-03,20:03,Current,Cheque,1449517.29,Debit,62850.83,Peer Transfer,Karnataka,353,0,Unknown,0.0,Success,Mobile_App,Expired,0,20,-1,-0.044903173866277624
TXN000394461,CUST015326,2022-08-03,09:54,Salary,Credit_Card,4051.91,Debit,1337665.02,Salary,Gujarat,406,1,Business,10090.78,Success,Mobile_App,Verified,0,9,-1,-0.006530656872049567
TXN000394534,CUST046579,2022-08-03,10:48,Savings,Net_Banking,387.0,Credit,227738.12,Peer Transfer,Punjab,803,0,Unknown,0.0,Success,POS_Terminal,Verified,0,10,-1,-0.002066535578394202
TXN000394538,CUST011081,2022-08-03,10:10,Savings,Net_Banking,14818.82,Debit,25058.84,Utilities,Maharashtra,406,0,Unknown,0.0,Success,Branch,Verified,0,10,-1,-0.00292715628098128
TXN000394579,CUST011961,2022-08-03,22:16,Current,Cheque,773882.13,Credit,13906.13,Food & Dining,Maharashtra,411,0,Unknown,0.0,Success,POS_Terminal,Verified,1,22,-1,-0.017614750580087657
TXN000394630,CUST064572,2022-08-03,07:43,Salary,RTGS,753607.92,Credit,45845.9,Education,Gujarat,891,0,Unknown,0.0,Success,Branch,Verified,0,7,-1,-0.05276363529738104
TXN000394631,CUST024919,2022-08-03,01:01,Current,NEFT,8972.53,Debit,12551.03,E-Commerce,Rajasthan,580,1,Home,60479.8,Success,Mobile_App,Verified,0,1,-1,-0.024572991514249964
TXN000394652,CUST050375,2022-08-03,23:33,Current,ATM_Withdrawal,1000.0,Debit,4221.34,Food & Dining,West Bengal,425,1,Personal,21407.35,Success,Web,Verified,0,23,-1,-0.03536737019870084
TXN000394673,CUST072511,2022-08-03,07:57,Salary,RTGS,516395.13,Credit,124145.42,E-Commerce,Karnataka,868,0,Unknown,0.0,Success,Mobile_App,Expired,0,7,-1,-0.007435470782314213
TXN000394899,CUST019717,2022-08-04,23:37,Savings,Cheque,2972134.55,Debit,14511.83,Food & Dining,Karnataka,843,1,Education,16724.32,Failed,ATM,Expired,0,23,-1,-0.05560081056212407
TXN000395017,CUST038638,2022-08-04,19:01,Savings,RTGS,1033804.1,Credit,83295.56,Travel,Maharashtra,676,1,Gold,4866.87,Success,Web,Verified,0,19,-1,-0.08652387757831792
TXN000395023,CUST037592,2022-08-04,07:44,Savings,Cheque,1559641.18,Credit,44833.13,Government,Gujarat,511,0,Unknown,0.0,Success,Branch,Verified,0,7,-1,-0.020142863895360685
TXN000395104,CUST045612,2022-08-05,17:49,Savings,IMPS,3816.16,Debit,9961.93,E-Commerce,Karnataka,470,1,Auto,19427.18,Success,Mobile_App,Verified,0,17,-1,-0.02217309896538333
TXN000395221,CUST064479,2022-08-05,11:04,Salary,RTGS,1107912.52,Debit,7290.24,Food & Dining,Gujarat,335,0,Unknown,0.0,Failed,API,Verified,0,11,-1,-0.022414244840292086
TXN000395486,CUST064727,2022-08-06,03:50,Savings,RTGS,466580.79,Credit,12994.65,Travel,Gujarat,718,0,Unknown,0.0,Success,Branch,Verified,0,3,-1,-0.0015432483073694048
TXN000395491,CUST076207,2022-08-06,07:48,NRI,Cheque,669736.24,Debit,66548.32,Fuel,Gujarat,739,0,Unknown,0.0,Success,Mobile_App,Verified,0,7,-1,-0.012062235224943985
TXN000395496,CUST029706,2022-08-06,00:33,NRI,Cheque,237941.97,Credit,131844.03,Food & Dining,Delhi,728,0,Unknown,0.0,Success,Mobile_App,Pending,0,0,-1,-0.009336209077381086
TXN000395546,CUST017574,2022-08-06,17:26,Savings,RTGS,677682.59,Credit,108268.25,Retail,Maharashtra,476,0,Unknown,0.0,Success,POS_Terminal,Verified,0,17,-1,-0.05287368783795421
TXN000395563,CUST050044,2022-08-06,20:05,Current,RTGS,2480240.18,Debit,252703.3,E-Commerce,Rajasthan,791,0,Unknown,0.0,Success,POS_Terminal,Verified,0,20,-1,-0.06769990792703129
TXN000395594,CUST027862,2022-08-06,04:49,Salary,RTGS,1472683.89,Credit,163045.43,Healthcare,Maharashtra,532,0,Unknown,0.0,Success,Branch,Pending,0,4,-1,-0.03454760705251381
TXN000395649,CUST073396,2022-08-06,01:20,NRI,ATM_Withdrawal,2000.0,Debit,1472757.94,Travel,Karnataka,649,1,Home,6630.46,Success,Mobile_App,Pending,0,1,-1,-0.012257127430285286
TXN000395661,CUST003894,2022-08-06,18:36,Current,ATM_Withdrawal,5000.0,Debit,52816.08,Retail,Karnataka,415,1,Business,44662.79,Success,Mobile_App,Verified,0,18,-1,-0.008923873370834778
TXN000395665,CUST030641,2022-08-06,14:21,Salary,ATM_Withdrawal,1000.0,Debit,3042.66,Salary,Telangana,326,0,Unknown,0.0,Failed,Mobile_App,Verified,0,14,-1,-0.0026490387467521526
TXN000395691,CUST003238,2022-08-07,02:52,Fixed Deposit,NEFT,240555.15,Credit,51578.31,Retail,Delhi,640,0,Unknown,0.0,Pending,Web,Verified,0,2,-1,-0.008451423311927275
TXN000395885,CUST038693,2022-08-07,04:14,Current,UPI,817.11,Credit,96713.43,Entertainment,Maharashtra,500,1,Personal,38332.08,Success,Mobile_App,Verified,0,4,-1,-0.04862217511265865
TXN000396017,CUST025609,2022-08-08,19:55,Fixed Deposit,ATM_Withdrawal,2000.0,Debit,293737.43,Salary,Rajasthan,535,1,Education,2859.06,Success,Mobile_App,Pending,0,19,-1,-0.017469823775851046
TXN000396091,CUST021889,2022-08-08,12:27,Savings,Auto_Debit,543.1,Debit,410815.52,Government,Gujarat,326,0,Unknown,0.0,Success,POS_Terminal,Verified,0,12,-1,-0.0029200383485828985
TXN000396151,CUST074545,2022-08-08,06:27,Fixed Deposit,Cheque,2612115.71,Credit,12240.96,Retail,Tamil Nadu,311,0,Unknown,0.0,Success,ATM,Verified,0,6,-1,-0.058029518906669186
TXN000396192,CUST069297,2022-08-08,06:38,Current,UPI,267.51,Credit,188133.83,E-Commerce,Karnataka,749,1,Unknown,17842.91,Success,Mobile_App,Verified,0,6,-1,-0.027604058765930417
TXN000396355,CUST078866,2022-08-09,21:16,Salary,RTGS,283583.36,Debit,91762.25,E-Commerce,Tamil Nadu,640,0,Unknown,0.0,Success,Mobile_App,Verified,0,21,-1,-0.015066834445624178
TXN000396356,CUST030005,2022-08-09,22:16,Salary,RTGS,1274336.38,Debit,23398.38,Government,Tamil Nadu,807,1,Gold,6204.04,Success,Mobile_App,Verified,0,22,-1,-0.06790707921442862
TXN000396404,CUST004666,2022-08-09,10:36,Savings,Cheque,1470424.97,Credit,11863.84,Education,Maharashtra,578,0,Unknown,0.0,Success,Web,Verified,0,10,-1,-0.023710452267748483
TXN000396809,CUST065734,2022-08-10,14:38,Savings,RTGS,790367.06,Credit,4385.81,Food & Dining,Karnataka,893,0,Unknown,0.0,Success,Mobile_App,Expired,0,14,-1,-0.007222983909305869
TXN000396838,CUST050480,2022-08-10,14:18,Savings,UPI,1915.28,Debit,4993.59,Insurance,Telangana,406,1,Home,2905.13,Success,Web,Verified,0,14,-1,-0.0019330525000098575
TXN000396921,CUST043483,2022-08-11,23:23,Salary,POS,332.3,Debit,58487.34,Salary,Maharashtra,518,1,Auto,29236.84,Success,Web,Verified,0,23,-1,-0.02204332393631314
TXN000397059,CUST041548,2022-08-11,05:24,Current,RTGS,1884575.89,Debit,40785.34,Investment,Maharashtra,727,1,Auto,6360.73,Success,Mobile_App,Verified,0,5,-1,-0.04202274724359978
TXN000397099,CUST001590,2022-08-11,16:21,Fixed Deposit,RTGS,1040237.0,Debit,71959.11,Education,West Bengal,831,0,Unknown,0.0,Failed,Web,Verified,0,16,-1,-0.058285722511854265
TXN000397132,CUST046556,2022-08-11,18:28,Current,UPI,230.56,Debit,10997.12,Healthcare,Gujarat,727,1,Education,56846.37,Success,Web,Verified,0,18,-1,-0.008211809302698492
TXN000397199,CUST048898,2022-08-11,07:52,Savings,ATM_Withdrawal,2000.0,Debit,3250083.5,Salary,Maharashtra,566,1,Business,8698.38,Success,Mobile_App,Verified,0,7,-1,-0.004512075568109841
TXN000397234,CUST011616,2022-08-12,21:41,Current,IMPS,6795.38,Credit,133267.82,Travel,West Bengal,753,1,Personal,25596.14,Success,Mobile_App,Verified,0,21,-1,-0.007378062911736705
TXN000397289,CUST032134,2022-08-12,13:00,Fixed Deposit,RTGS,806680.92,Debit,82872.41,Utilities,Maharashtra,829,0,Unknown,0.0,Success,Web,Verified,0,13,-1,-0.013419840785388604
TXN000397297,CUST045978,2022-08-12,15:29,Savings,UPI,274.41,Debit,261029.45,Travel,Maharashtra,549,1,Home,26094.01,Success,Mobile_App,Verified,0,15,-1,-0.04997234717177723
TXN000397312,CUST063647,2022-08-12,15:54,Savings,IMPS,1473.16,Credit,13988.42,Utilities,Tamil Nadu,591,1,Personal,39753.24,Success,POS_Terminal,Verified,0,15,-1,-0.000855659264347941
TXN000397418,CUST019248,2022-08-12,08:24,Savings,Cheque,1077089.51,Credit,25089.19,Government,Maharashtra,847,0,Unknown,0.0,Success,Mobile_App,Verified,0,8,-1,-0.04090082905854309
TXN000397440,CUST061379,2022-08-12,10:20,Salary,Net_Banking,24909.25,Credit,12993.34,Education,West Bengal,654,1,Auto,34245.52,Success,Web,Verified,0,10,-1,-0.01947008839821729
TXN000397650,CUST022331,2022-08-13,23:01,Savings,RTGS,807506.54,Credit,25938.6,Peer Transfer,Punjab,407,0,Unknown,0.0,Success,Mobile_App,Verified,0,23,-1,-0.02081003245368096
TXN000397796,CUST062105,2022-08-13,03:14,Fixed Deposit,Cheque,160707.14,Credit,48544.39,Travel,Karnataka,654,0,Unknown,0.0,Success,POS_Terminal,Verified,0,3,-1,-0.0651906908463169
TXN000397989,CUST001533,2022-08-14,01:33,Savings,RTGS,422226.79,Credit,57717.58,Healthcare,Maharashtra,425,0,Unknown,0.0,Success,Web,Verified,0,1,-1,-0.011012491328834306
TXN000398025,CUST068174,2022-08-14,23:15,Fixed Deposit,ATM_Withdrawal,500.0,Debit,115995.67,E-Commerce,Rajasthan,896,1,Gold,22424.52,Success,Mobile_App,Pending,0,23,-1,-0.01321885111344867
TXN000398111,CUST041519,2022-08-14,18:32,Savings,RTGS,344798.46,Debit,5109.25,Food & Dining,Karnataka,896,0,Unknown,0.0,Success,Mobile_App,Verified,0,18,-1,-0.0006242884498656176
TXN000398435,CUST019785,2022-08-15,18:48,Savings,RTGS,1270660.84,Credit,132403.48,Healthcare,Delhi,843,0,Unknown,0.0,Success,Mobile_App,Verified,0,18,-1,-0.002563236036087324
TXN000398449,CUST025874,2022-08-15,07:20,Savings,RTGS,449190.65,Credit,155820.19,E-Commerce,Telangana,676,1,Personal,3211.08,Success,API,Verified,0,7,-1,-0.026307946771764956
TXN000398619,CUST058206,2022-08-16,18:41,Savings,RTGS,439072.05,Credit,91041.39,Peer Transfer,Maharashtra,649,1,Home,1569.72,Success,Web,Verified,0,18,-1,-0.03938072463298703
TXN000398620,CUST004668,2022-08-16,19:20,NRI,IMPS,637.99,Credit,16737.71,Retail,Maharashtra,750,1,Home,7742.18,Success,Mobile_App,Verified,0,19,-1,-0.014861978713152868
TXN000398666,CUST036955,2022-08-16,17:47,Salary,RTGS,1277636.29,Debit,17059.14,Peer Transfer,Rajasthan,821,1,Education,2126.18,Success,POS_Terminal,Verified,0,17,-1,-0.08250433547320368
TXN000398719,CUST011164,2022-08-16,15:01,Savings,RTGS,965653.86,Credit,140022.97,Retail,Karnataka,495,0,Unknown,0.0,Success,Web,Expired,0,15,-1,-0.023365441184591274
TXN000398865,CUST072859,2022-08-17,19:03,Salary,UPI,339.29,Credit,27665.33,Entertainment,Karnataka,404,1,Home,40879.12,Success,Mobile_App,Verified,0,19,-1,-0.00381717121114844
TXN000399002,CUST058506,2022-08-17,15:38,Current,UPI,264.24,Credit,448858.28,E-Commerce,Maharashtra,741,1,Gold,49183.17,Pending,Web,Verified,0,15,-1,-0.052105237680554306
TXN000399126,CUST053840,2022-08-18,23:35,Savings,RTGS,1356085.57,Debit,215827.66,Food & Dining,Tamil Nadu,475,0,Unknown,0.0,Success,Web,Expired,0,23,-1,-0.012339243476227724
TXN000399263,CUST017575,2022-08-18,16:59,Current,RTGS,563535.62,Debit,26486.55,Utilities,Delhi,555,0,Unknown,0.0,Success,Mobile_App,Verified,0,16,-1,-0.003469360180274439
TXN000399316,CUST012765,2022-08-18,06:09,NRI,RTGS,1198168.74,Debit,49041.12,Peer Transfer,Maharashtra,881,1,Business,2638.06,Success,Mobile_App,Verified,0,6,-1,-0.0026788937659582013
TXN000399556,CUST006017,2022-08-19,14:13,Fixed Deposit,RTGS,121745.37,Credit,326978.27,E-Commerce,Tamil Nadu,718,0,Unknown,0.0,Success,POS_Terminal,Verified,0,14,-1,-0.018113075557048552
TXN000399615,CUST044143,2022-08-19,16:26,Current,RTGS,278664.85,Credit,40397.21,Retail,Delhi,687,0,Unknown,0.0,Success,Mobile_App,Verified,0,16,-1,-0.0015681294070636342
TXN000399629,CUST068293,2022-08-19,15:44,Fixed Deposit,RTGS,260348.17,Debit,32281.39,Travel,Karnataka,628,0,Unknown,0.0,Success,POS_Terminal,Verified,0,15,-1,-0.0289426606110863
TXN000399730,CUST003802,2022-08-20,22:52,Salary,Cheque,2709437.08,Credit,1901.6,E-Commerce,Tamil Nadu,829,1,Education,6628.08,Success,Mobile_App,Pending,0,22,-1,-0.13076605787333428
TXN000399816,CUST032117,2022-08-20,11:41,Savings,POS,626.04,Debit,71296.15,Food & Dining,Telangana,326,1,Auto,5389.72,Success,ATM,Pending,0,11,-1,-0.009748744458500158
TXN000399928,CUST011198,2022-08-20,02:15,Salary,UPI,380.64,Credit,7470.06,Salary,Maharashtra,501,0,Unknown,0.0,Success,POS_Terminal,Verified,0,2,-1,-0.018404866793963026
TXN000399974,CUST001147,2022-08-20,04:00,Current,RTGS,995307.88,Debit,21142.27,Investment,Karnataka,587,1,Home,11502.03,Success,POS_Terminal,Verified,0,4,-1,-0.0020649274910364834
TXN000400077,CUST042705,2022-08-21,19:14,Savings,UPI,400.65,Credit,33035.52,Food & Dining,Rajasthan,372,0,Unknown,0.0,Success,Mobile_App,Verified,0,19,-1,-0.018865785784171973
TXN000400112,CUST034473,2022-08-21,01:47,Salary,RTGS,1364541.01,Debit,191223.76,Travel,Telangana,730,0,Unknown,0.0,Success,Branch,Pending,0,1,-1,-0.042818181836917546
TXN000400157,CUST010782,2022-08-21,10:55,Savings,Net_Banking,2909.82,Credit,707844.39,Retail,Gujarat,429,1,Home,6403.65,Success,Web,Pending,0,10,-1,-0.015302425348719173
TXN000400292,CUST074192,2022-08-22,00:12,Current,NEFT,2441.21,Debit,33082.03,Utilities,Maharashtra,505,0,Unknown,0.0,Success,ATM,Verified,0,0,-1,-0.014740258889152758
TXN000400442,CUST038071,2022-08-22,14:57,Savings,RTGS,640023.88,Debit,155140.38,Retail,Tamil Nadu,793,0,Unknown,0.0,Success,Mobile_App,Verified,0,14,-1,-0.010642820595740288
TXN000400685,CUST021628,2022-08-23,12:11,NRI,UPI,75.49,Credit,59555.93,E-Commerce,Tamil Nadu,406,0,Unknown,0.0,Success,Mobile_App,Expired,0,12,-1,-0.02324222631548878
TXN000400893,CUST028958,2022-08-24,04:56,Savings,POS,3658.95,Debit,33046.21,E-Commerce,Karnataka,425,1,Auto,14935.35,Success,ATM,Verified,0,4,-1,-0.01187522349840453
TXN000400980,CUST074899,2022-08-24,17:35,Savings,RTGS,1043056.09,Credit,101769.19,Education,Tamil Nadu,452,1,Home,1421.45,Success,ATM,Verified,0,17,-1,-0.01143726846016635
TXN000401154,CUST058632,2022-08-24,10:19,Savings,RTGS,1184079.58,Debit,124767.64,Education,Karnataka,427,0,Unknown,0.0,Success,Mobile_App,Verified,0,10,-1,-0.01374359215764509
TXN000401220,CUST025392,2022-08-25,23:11,NRI,Cheque,28992.8,Debit,1429.74,Travel,UP,655,1,Personal,38479.96,Success,Branch,Verified,0,23,-1,-0.030628821464367406
TXN000401229,CUST060803,2022-08-25,02:24,Salary,NEFT,1830227.75,Credit,139724.98,Food & Dining,West Bengal,335,0,Unknown,0.0,Success,Mobile_App,Verified,0,2,-1,-0.0417018608384343
TXN000401390,CUST065324,2022-08-25,13:23,Savings,RTGS,783454.27,Credit,16186.01,Entertainment,Karnataka,686,0,Unknown,0.0,Success,Mobile_App,Verified,0,13,-1,-0.0005679612841947845
TXN000401476,CUST053353,2022-08-25,11:04,Current,IMPS,1879.11,Debit,3123.92,Healthcare,UP,864,0,Unknown,0.0,Success,Mobile_App,Verified,0,11,-1,-0.03832315831372812
TXN000401506,CUST022117,2022-08-25,18:41,Savings,RTGS,697552.15,Debit,18056.41,Education,Maharashtra,849,0,Unknown,0.0,Success,Web,Pending,0,18,-1,-0.016696972780332997
TXN000401539,CUST052281,2022-08-26,14:43,Savings,IMPS,3262.23,Credit,277819.6,Insurance,Maharashtra,372,0,Unknown,0.0,Failed,Mobile_App,Verified,0,14,-1,-0.012559354780572463
TXN000401544,CUST016079,2022-08-26,00:12,Salary,RTGS,945987.85,Debit,46464.98,Fuel,Gujarat,883,1,Business,3826.31,Success,Mobile_App,Verified,0,0,-1,-0.02747580356739654
TXN000401582,CUST051758,2022-08-26,06:38,Current,UPI,91.04,Credit,12032.53,Peer Transfer,Tamil Nadu,864,0,Unknown,0.0,Success,ATM,Expired,0,6,-1,-0.015188019414839049
TXN000401714,CUST064517,2022-08-26,20:48,Current,RTGS,1281272.35,Debit,33050.32,Retail,Punjab,692,0,Unknown,0.0,Success,Mobile_App,Verified,0,20,-1,-0.017720195098586355
TXN000402028,CUST063439,2022-08-27,01:17,Current,RTGS,450319.23,Credit,221752.3,E-Commerce,Delhi,785,1,Gold,3833.08,Success,API,Verified,0,1,-1,-0.0008565794672952265
TXN000402188,CUST067512,2022-08-28,08:58,Savings,RTGS,2338669.56,Credit,45432.95,Retail,Maharashtra,833,0,Unknown,0.0,Success,Web,Verified,0,8,-1,-0.06105433517622083
TXN000402438,CUST030882,2022-08-29,05:47,Savings,RTGS,613510.61,Credit,20112.01,E-Commerce,Karnataka,422,1,Auto,6315.74,Success,Web,Verified,0,5,-1,-0.0052310931433748875
TXN000402465,CUST045412,2022-08-29,02:56,Savings,RTGS,1163940.25,Debit,7953.87,Government,Tamil Nadu,761,0,Unknown,0.0,Success,Mobile_App,Verified,1,2,-1,-0.02337825132957916
TXN000402492,CUST064167,2022-08-29,22:45,Current,ATM_Withdrawal,3000.0,Debit,62465.48,Utilities,Karnataka,325,0,Unknown,0.0,Success,Mobile_App,Verified,0,22,-1,-0.0011509488297380965
TXN000402508,CUST007107,2022-08-29,13:36,Fixed Deposit,RTGS,349664.61,Debit,12971.2,Healthcare,Rajasthan,505,0,Unknown,0.0,Success,Mobile_App,Verified,0,13,-1,-0.04787012460060147
TXN000402635,CUST036121,2022-08-29,03:38,Salary,RTGS,1350961.33,Credit,11006.1,Peer Transfer,Tamil Nadu,826,1,Personal,9662.93,Success,POS_Terminal,Verified,0,3,-1,-0.039401805574079685
TXN000402647,CUST068492,2022-08-29,08:03,Savings,ATM_Withdrawal,2000.0,Debit,112827.79,Salary,Rajasthan,325,1,Education,2699.9,Success,Mobile_App,Verified,0,8,-1,-0.017821492681014517
TXN000402836,CUST057721,2022-08-30,11:05,Salary,RTGS,1699645.2,Debit,47909.51,Food & Dining,Tamil Nadu,871,0,Unknown,0.0,Success,Web,Verified,0,11,-1,-0.05454691021969904
TXN000402942,CUST048438,2022-08-31,16:59,Salary,POS,5679.79,Debit,1227022.1,Government,Maharashtra,406,1,Home,2318.93,Success,Web,Verified,0,16,-1,-0.03683094088144001
TXN000403208,CUST076477,2022-08-31,10:47,Salary,NEFT,1100.54,Credit,8670.47,Entertainment,Telangana,763,1,Auto,23858.19,Success,Mobile_App,Verified,0,10,-1,-0.004985306621448693
TXN000403228,CUST068398,2022-08-31,00:48,Current,Net_Banking,7002.25,Debit,13381.98,Travel,Karnataka,406,0,Unknown,0.0,Success,Mobile_App,Verified,0,0,-1,-0.02252849502435539
TXN000403284,CUST078884,2022-09-01,23:26,Savings,RTGS,1427067.45,Credit,72008.13,Retail,Maharashtra,408,0,Unknown,0.0,Success,Mobile_App,Verified,0,23,-1,-0.04698978426091627
TXN000403417,CUST056144,2022-09-01,21:56,Savings,UPI,1984.26,Credit,99548.28,Investment,Tamil Nadu,372,0,Unknown,0.0,Success,Mobile_App,Verified,0,21,-1,-0.01813215604314744
TXN000403580,CUST038625,2022-09-02,09:28,Savings,IMPS,2039.7,Credit,1963.44,Retail,Telangana,505,0,Unknown,0.0,Success,POS_Terminal,Verified,0,9,-1,-0.012674491300936008
TXN000403654,CUST046494,2022-09-02,06:22,NRI,Cheque,29052.88,Credit,87928.2,Salary,Karnataka,821,1,Education,31759.9,Success,Mobile_App,Verified,0,6,-1,-0.029612766963367565
TXN000403708,CUST005393,2022-09-02,23:53,Salary,Cheque,2448329.48,Credit,1885.69,Healthcare,Gujarat,702,1,Business,2968.39,Success,Mobile_App,Verified,0,23,-1,-0.0515956494610873
TXN000403757,CUST074039,2022-09-02,01:45,Salary,Net_Banking,3330.02,Credit,62408.08,Government,Karnataka,501,0,Unknown,0.0,Success,Web,Verified,0,1,-1,-0.02435649934557993
TXN000403915,CUST020420,2022-09-03,03:06,NRI,UPI,2452.4,Debit,15410.1,Utilities,Punjab,406,0,Unknown,0.0,Success,Web,Verified,0,3,-1,-0.0180863763056911
TXN000404085,CUST035023,2022-09-03,13:21,Salary,RTGS,2126765.19,Credit,3744.04,Peer Transfer,Maharashtra,454,0,Unknown,0.0,Success,Branch,Verified,0,13,-1,-0.08042780320106457
TXN000404420,CUST062298,2022-09-05,09:41,Savings,IMPS,1027.37,Debit,14206.48,Peer Transfer,Rajasthan,406,0,Unknown,0.0,Success,Branch,Expired,0,9,-1,-0.0038234432714527866
TXN000404517,CUST053479,2022-09-05,17:35,Current,RTGS,683733.2,Debit,17311.5,Food & Dining,Tamil Nadu,670,0,Unknown,0.0,Success,Mobile_App,Verified,0,17,-1,-0.0005905934521880374
TXN000404645,CUST005817,2022-09-05,06:27,Current,UPI,1818.12,Credit,4453.38,Food & Dining,Telangana,683,1,Personal,69045.12,Success,POS_Terminal,Verified,0,6,-1,-0.042891620035595435
TXN000404695,CUST070477,2022-09-06,22:29,Fixed Deposit,RTGS,353526.94,Credit,30889.52,Entertainment,Rajasthan,804,0,Unknown,0.0,Success,Mobile_App,Verified,0,22,-1,-0.0049982897574638585
TXN000404869,CUST045005,2022-09-06,21:57,Salary,RTGS,91419.15,Credit,16465.31,Peer Transfer,Punjab,864,0,Unknown,0.0,Success,Web,Verified,0,21,-1,-0.004075727676897345
TXN000405081,CUST003044,2022-09-07,03:52,Savings,RTGS,1825134.4,Debit,52234.31,Travel,Delhi,746,0,Unknown,0.0,Success,Mobile_App,Verified,0,3,-1,-0.05355806770688443
TXN000405233,CUST002401,2022-09-07,19:04,Current,Cheque,1205201.01,Debit,28169.32,Investment,Delhi,893,0,Unknown,0.0,Success,POS_Terminal,Verified,0,19,-1,-0.025436425992137024
TXN000405357,CUST028410,2022-09-08,21:20,Savings,Net_Banking,14158.57,Credit,6826.47,Travel,Karnataka,505,0,Unknown,0.0,Success,Web,Verified,0,21,-1,-0.004601063057634525
TXN000405398,CUST063437,2022-09-08,19:15,Savings,ATM_Withdrawal,3000.0,Debit,6272.0,Salary,Rajasthan,505,0,Unknown,0.0,Success,API,Verified,0,19,-1,-0.001173178841299083
TXN000405452,CUST006077,2022-09-08,02:48,Salary,UPI,1346.01,Debit,69999.27,Travel,Rajasthan,445,1,Home,15149.4,Success,Web,Expired,0,2,-1,-0.0014242284117058635
TXN000405471,CUST058947,2022-09-08,00:32,Savings,Cheque,1828953.63,Debit,6821.3,Retail,Tamil Nadu,333,1,Unknown,14333.75,Success,Web,Verified,0,0,-1,-0.06920194308867078
TXN000405533,CUST042416,2022-09-08,06:22,Savings,UPI,1637.32,Credit,2331.24,Retail,Maharashtra,864,0,Unknown,0.0,Success,Web,Verified,0,6,-1,-0.009016652004877446
TXN000405612,CUST038058,2022-09-09,11:46,Savings,RTGS,940571.26,Debit,5448.13,Insurance,Gujarat,802,1,Gold,5456.27,Success,POS_Terminal,Verified,0,11,-1,-0.004731584845569015
TXN000405632,CUST004960,2022-09-09,21:43,Salary,RTGS,5753523.48,Debit,1180385.39,Retail,Rajasthan,451,1,Personal,11620.49,Success,Branch,Verified,0,21,-1,-0.08596511831198372
TXN000405693,CUST011799,2022-09-09,08:10,Salary,Cheque,1188623.81,Credit,237971.73,Travel,Maharashtra,503,0,Unknown,0.0,Success,ATM,Verified,0,8,-1,-0.01809132372359512
TXN000405699,CUST004675,2022-09-09,10:22,Savings,RTGS,960776.35,Debit,26381.94,Education,Telangana,328,0,Unknown,0.0,Success,Web,Verified,0,10,-1,-0.02011824870111545
TXN000405722,CUST039586,2022-09-09,02:24,Savings,IMPS,445.43,Debit,32422.74,Travel,Delhi,803,0,Unknown,0.0,Failed,Mobile_App,Verified,0,2,-1,-0.008677083018075238
TXN000405747,CUST011626,2022-09-09,00:13,Salary,RTGS,1983685.83,Debit,72223.11,Utilities,Gujarat,832,0,Unknown,0.0,Failed,Web,Verified,0,0,-1,-0.061191911819077016
TXN000405778,CUST019567,2022-09-09,02:52,Savings,NEFT,38904.11,Debit,5000000.0,Peer Transfer,Tamil Nadu,865,1,Business,3299.38,Success,Mobile_App,Verified,0,2,-1,-0.0880281914029013
TXN000405823,CUST047628,2022-09-09,13:59,Current,ATM_Withdrawal,3000.0,Debit,8866.65,Peer Transfer,Karnataka,799,1,Unknown,12922.61,Success,Mobile_App,Expired,0,13,-1,-0.01055692995854618
TXN000406020,CUST013831,2022-09-10,04:43,Current,Net_Banking,3613.77,Credit,12199.75,Food & Dining,Karnataka,389,1,Home,19895.15,Success,ATM,Verified,0,4,-1,-0.006921943628769633
TXN000406069,CUST016493,2022-09-10,15:58,Savings,RTGS,1232997.38,Debit,476248.39,Food & Dining,Karnataka,305,0,Unknown,0.0,Success,Web,Pending,0,15,-1,-0.007728147949398356
TXN000406190,CUST003282,2022-09-10,06:16,Salary,UPI,1020.17,Credit,501017.09,Retail,Karnataka,782,1,Personal,11863.39,Success,Mobile_App,Verified,0,6,-1,-0.04715049782495018
TXN000406305,CUST004265,2022-09-11,00:24,Current,RTGS,382644.04,Credit,26984.05,Utilities,Rajasthan,831,1,Auto,1752.65,Success,POS_Terminal,Verified,0,0,-1,-0.004326942889667951
TXN000406329,CUST012684,2022-09-11,08:10,Savings,POS,2667.03,Debit,14618.76,Insurance,Delhi,714,1,Personal,2874.12,Reversed,POS_Terminal,Verified,0,8,-1,-0.005584228492029997
TXN000406346,CUST065588,2022-09-11,00:45,Salary,RTGS,746789.42,Credit,3656.66,Fuel,UP,501,0,Unknown,0.0,Success,ATM,Expired,0,0,-1,-0.07226839566206278
TXN000406402,CUST059455,2022-09-11,11:39,Current,Auto_Debit,1186.3,Debit,192182.62,Investment,Maharashtra,326,1,Unknown,11900.83,Success,ATM,Verified,0,11,-1,-0.024247469636127783
TXN000406622,CUST076812,2022-09-12,15:59,Current,ATM_Withdrawal,3000.0,Debit,1018092.07,Investment,Delhi,445,1,Business,7945.79,Success,Branch,Verified,0,15,-1,-0.0026676598007141505
TXN000407018,CUST038929,2022-09-13,11:28,Savings,RTGS,1310076.49,Credit,109319.81,Fuel,Gujarat,362,1,Education,4234.4,Success,ATM,Verified,0,11,-1,-0.06496741201037304
TXN000407132,CUST025071,2022-09-14,15:10,Savings,Cheque,1627844.12,Credit,43575.55,Peer Transfer,Tamil Nadu,366,0,Unknown,0.0,Success,POS_Terminal,Expired,1,15,-1,-0.03485946916286908
TXN000407141,CUST018093,2022-09-14,20:43,Savings,RTGS,4541594.96,Debit,64230.17,Real Estate,Punjab,501,1,Personal,4260.54,Failed,Mobile_App,Verified,0,20,-1,-0.12578676539194056
TXN000407187,CUST046642,2022-09-14,18:32,Current,IMPS,4908.22,Credit,13511.87,E-Commerce,Maharashtra,864,0,Unknown,0.0,Success,Branch,Verified,0,18,-1,-0.008082621310873006
TXN000407262,CUST002697,2022-09-14,12:54,Salary,RTGS,3210380.33,Credit,46691.66,Entertainment,Karnataka,792,0,Unknown,0.0,Success,Mobile_App,Pending,0,12,-1,-0.14858553717761824
TXN000407440,CUST065315,2022-09-15,00:43,Fixed Deposit,RTGS,99329.05,Credit,102659.56,E-Commerce,Rajasthan,358,0,Unknown,0.0,Success,Mobile_App,Pending,0,0,-1,-0.008236342836093535
TXN000407492,CUST064009,2022-09-15,21:05,Salary,RTGS,1977428.53,Debit,2763.39,Retail,Karnataka,780,0,Unknown,0.0,Success,Mobile_App,Verified,0,21,-1,-0.05490138697221425
TXN000407493,CUST046374,2022-09-15,06:07,Savings,RTGS,70760.14,Debit,241015.46,Retail,Maharashtra,792,0,Unknown,0.0,Success,ATM,Verified,0,6,-1,-0.021987344292075384
TXN000407515,CUST036792,2022-09-15,18:41,Current,POS,857.49,Debit,10088.13,Retail,Rajasthan,821,1,Personal,19252.03,Success,POS_Terminal,Verified,0,18,-1,-0.011565986626791647
TXN000407725,CUST002345,2022-09-15,04:42,Current,NEFT,982932.88,Debit,2622.02,Travel,Maharashtra,828,0,Unknown,0.0,Success,Branch,Verified,0,4,-1,-0.0012499257608188374
TXN000408081,CUST019934,2022-09-17,18:55,Fixed Deposit,Cheque,798992.2,Debit,2481.95,Retail,Delhi,708,0,Unknown,0.0,Reversed,Mobile_App,Verified,0,18,-1,-0.034827282062801834
TXN000408124,CUST026770,2022-09-17,07:51,Savings,RTGS,1373684.02,Credit,5161.86,Government,Maharashtra,711,0,Unknown,0.0,Success,ATM,Verified,1,7,-1,-0.04796003199007348
TXN000408130,CUST013126,2022-09-17,18:16,Savings,RTGS,953358.08,Debit,43138.24,Travel,Maharashtra,408,0,Unknown,0.0,Success,Mobile_App,Verified,0,18,-1,-0.008984526694225448
TXN000408245,CUST050575,2022-09-17,09:17,Salary,RTGS,479644.99,Credit,96116.6,Healthcare,West Bengal,518,0,Unknown,0.0,Success,Mobile_App,Verified,0,9,-1,-0.01153343298799947
TXN000408363,CUST009747,2022-09-18,01:55,Savings,UPI,4970.83,Debit,21430.82,Entertainment,Karnataka,676,0,Unknown,0.0,Success,Web,Verified,0,1,-1,-0.0008949477902745473
TXN000408404,CUST004701,2022-09-18,04:13,Savings,Net_Banking,1683.92,Credit,48182.58,Travel,UP,763,0,Unknown,0.0,Success,Mobile_App,Verified,0,4,-1,-0.0027271647133468857
TXN000408411,CUST068693,2022-09-18,00:54,Savings,Cheque,4159878.75,Debit,381653.43,Education,Gujarat,397,0,Unknown,0.0,Success,Mobile_App,Pending,0,0,-1,-0.10329764851304679
TXN000408412,CUST008539,2022-09-18,02:54,Salary,ATM_Withdrawal,2000.0,Debit,1892199.33,Fuel,West Bengal,777,1,Home,13900.39,Success,Mobile_App,Verified,0,2,-1,-0.03155193317225469
TXN000408486,CUST033991,2022-09-18,20:59,Current,RTGS,1317227.99,Credit,48033.0,Entertainment,UP,707,0,Unknown,0.0,Pending,Web,Verified,0,20,-1,-0.05771913947031193
TXN000408524,CUST002502,2022-09-18,12:20,Current,Cheque,2243821.88,Debit,38744.21,E-Commerce,Gujarat,470,0,Unknown,0.0,Success,POS_Terminal,Verified,0,12,-1,-0.08985549059249542
TXN000408555,CUST007654,2022-09-18,19:49,Savings,POS,313.23,Debit,403802.38,Utilities,Gujarat,692,1,Business,5848.17,Success,Mobile_App,Verified,0,19,-1,-0.0003231466718278675
TXN000408578,CUST009001,2022-09-18,07:40,Savings,RTGS,1876131.04,Credit,23861.04,Salary,West Bengal,459,1,Home,6690.49,Success,Mobile_App,Verified,0,7,-1,-0.05355196862048539
TXN000408669,CUST031921,2022-09-19,05:34,Savings,RTGS,1311957.26,Credit,540145.01,Government,West Bengal,584,0,Unknown,0.0,Failed,ATM,Verified,0,5,-1,-0.07032274013508599
TXN000408722,CUST050532,2022-09-19,10:38,Salary,Cheque,2512149.68,Debit,9290.55,E-Commerce,Gujarat,665,1,Home,13536.4,Success,Mobile_App,Pending,0,10,-1,-0.03268917335074395
TXN000408752,CUST041931,2022-09-19,13:43,Salary,RTGS,1276592.18,Debit,6781.28,E-Commerce,Karnataka,771,0,Unknown,0.0,Reversed,Web,Verified,0,13,-1,-0.004958564070654425
TXN000408794,CUST037231,2022-09-19,05:50,Savings,IMPS,9884.26,Debit,72831.36,Salary,West Bengal,749,1,Unknown,28642.74,Success,API,Verified,0,5,-1,-0.009637745647258611
TXN000408846,CUST046304,2022-09-19,04:51,NRI,UPI,536.46,Credit,25840.21,Peer Transfer,Telangana,640,0,Unknown,0.0,Success,POS_Terminal,Pending,0,4,-1,-0.0017729669376581603
TXN000408947,CUST003375,2022-09-20,13:24,Savings,POS,1700.74,Debit,60226.08,Peer Transfer,Maharashtra,380,1,Personal,47347.23,Success,API,Verified,0,13,-1,-0.04883835360552968
TXN000408994,CUST007051,2022-09-20,17:17,Current,ATM_Withdrawal,1000.0,Debit,18816.8,Peer Transfer,Delhi,887,0,Unknown,0.0,Success,POS_Terminal,Verified,0,17,-1,-0.01155389195376022
TXN000409340,CUST018451,2022-09-21,06:04,Savings,Net_Banking,11283.14,Credit,19373.72,Food & Dining,Tamil Nadu,441,0,Unknown,0.0,Success,Web,Verified,0,6,-1,-0.024198966211443018
TXN000409455,CUST007344,2022-09-21,16:12,Fixed Deposit,UPI,671.16,Credit,327190.19,Retail,Tamil Nadu,310,0,Unknown,0.0,Success,POS_Terminal,Verified,0,16,-1,-0.03414712569055245
TXN000409520,CUST063630,2022-09-21,01:10,Salary,POS,362.42,Debit,63278.76,Investment,Tamil Nadu,406,0,Unknown,0.0,Success,Mobile_App,Verified,0,1,-1,-0.03085419602971129
TXN000409571,CUST046124,2022-09-22,06:58,Savings,IMPS,41028.74,Debit,2727.39,Salary,Gujarat,467,1,Auto,39758.36,Success,Mobile_App,Verified,0,6,-1,-0.03981419530839847
TXN000409622,CUST035583,2022-09-22,01:14,Salary,Net_Banking,34337.26,Credit,15997.49,Utilities,Delhi,406,1,Auto,73737.29,Success,ATM,Verified,0,1,-1,-0.13711392125411703
TXN000409639,CUST010153,2022-09-22,10:49,Savings,NEFT,2531.56,Debit,7476.23,Retail,Punjab,356,1,Personal,62833.93,Success,Web,Verified,0,10,-1,-0.053106408749051925
TXN000409740,CUST058116,2022-09-22,15:04,Savings,Cheque,1891368.5,Debit,50560.49,Utilities,Maharashtra,483,1,Education,3854.27,Success,Branch,Verified,0,15,-1,-0.1094638881159401
TXN000409769,CUST015288,2022-09-22,03:23,Salary,RTGS,1178608.24,Debit,34586.25,Travel,West Bengal,380,0,Unknown,0.0,Success,API,Verified,0,3,-1,-0.07395319501672959
TXN000410526,CUST014512,2022-09-25,22:28,Current,RTGS,825029.73,Credit,18334.08,Salary,Gujarat,794,0,Unknown,0.0,Success,Web,Verified,0,22,-1,-0.010671364705069908
TXN000410814,CUST025323,2022-09-26,20:58,NRI,Credit_Card,1415.8,Debit,24716.78,Healthcare,West Bengal,406,0,Unknown,0.0,Success,POS_Terminal,Verified,0,20,-1,-0.023220588653059204
TXN000410856,CUST059538,2022-09-26,00:18,Savings,RTGS,1691873.12,Credit,96043.61,Education,Karnataka,540,1,Auto,1971.62,Success,API,Verified,0,0,-1,-0.07483082520443407
TXN000410902,CUST051131,2022-09-26,16:09,Salary,Auto_Debit,774.41,Debit,38426.69,Retail,Tamil Nadu,470,0,Unknown,0.0,Failed,ATM,Verified,0,16,-1,-0.007231486580458579
TXN000410944,CUST008378,2022-09-26,11:00,Current,ATM_Withdrawal,1000.0,Debit,16502.59,Retail,Delhi,708,0,Unknown,0.0,Success,ATM,Verified,0,11,-1,-7.70514968597702e-05
TXN000410985,CUST008140,2022-09-26,03:00,Current,RTGS,394728.35,Credit,74708.58,Government,Maharashtra,742,1,Personal,1496.03,Success,ATM,Verified,0,3,-1,-0.0004098032058041934
TXN000411013,CUST033813,2022-09-26,21:56,Salary,RTGS,111378.54,Credit,40008.27,Healthcare,Telangana,768,0,Unknown,0.0,Success,Web,Verified,0,21,-1,-0.009616516113017504
TXN000411068,CUST063754,2022-09-27,07:48,Current,RTGS,566029.29,Debit,171339.89,Utilities,Gujarat,807,0,Unknown,0.0,Success,Web,Verified,0,7,-1,-0.011446750807379447
TXN000411113,CUST000318,2022-09-27,13:12,Current,RTGS,1947110.9,Credit,14585.04,Travel,Tamil Nadu,328,0,Unknown,0.0,Success,Branch,Verified,0,13,-1,-0.08925160968806589
TXN000411180,CUST044123,2022-09-27,22:01,Current,UPI,276.68,Credit,12063.92,Fuel,Gujarat,407,1,Auto,35594.7,Success,Mobile_App,Verified,0,22,-1,-0.017157055612832317
TXN000411358,CUST054017,2022-09-28,18:37,Savings,RTGS,711028.79,Credit,7756.94,Insurance,Karnataka,610,0,Unknown,0.0,Success,Mobile_App,Verified,1,18,-1,-0.026205871101809164
TXN000411497,CUST025125,2022-09-28,00:09,Savings,RTGS,759763.58,Debit,86054.19,Education,Rajasthan,792,1,Unknown,914.79,Success,Web,Verified,1,0,-1,-0.07759916072337436
TXN000411508,CUST024672,2022-09-28,03:25,Savings,Auto_Debit,968.91,Debit,48899.88,Education,Maharashtra,749,1,Education,25828.1,Success,API,Verified,0,3,-1,-0.00740399990572449
TXN000411543,CUST036499,2022-09-28,10:03,Current,Credit_Card,1591.3,Debit,686375.1,Utilities,Maharashtra,406,0,Unknown,0.0,Success,ATM,Verified,0,10,-1,-0.03972789962640877
TXN000411591,CUST010880,2022-09-28,21:11,Fixed Deposit,Cheque,942462.79,Credit,2301.85,Salary,Telangana,760,0,Unknown,0.0,Success,Mobile_App,Verified,0,21,-1,-0.006522779414068203
TXN000411633,CUST012690,2022-09-28,13:25,Savings,RTGS,1633826.22,Credit,322958.54,Salary,Maharashtra,838,0,Unknown,0.0,Success,ATM,Verified,0,13,-1,-0.033831432842518994
TXN000411634,CUST038067,2022-09-28,11:40,Savings,POS,242.04,Debit,24339.68,Food & Dining,Karnataka,548,1,Personal,7622.16,Success,API,Verified,0,11,-1,-0.0009030621917214265
TXN000411886,CUST018004,2022-09-29,17:45,Current,Auto_Debit,3702.25,Debit,20554.33,Food & Dining,UP,470,0,Unknown,0.0,Success,POS_Terminal,Pending,0,17,-1,-0.0007208381078573911
TXN000412058,CUST035516,2022-09-30,20:08,Salary,RTGS,567537.76,Credit,25050.51,Food & Dining,Gujarat,585,0,Unknown,0.0,Success,Mobile_App,Verified,1,20,-1,-0.055865635182229645
TXN000412137,CUST062453,2022-09-30,08:56,Current,RTGS,887686.19,Credit,66075.85,Peer Transfer,West Bengal,456,0,Unknown,0.0,Success,Web,Verified,0,8,-1,-0.0295196689075512
TXN000412162,CUST026426,2022-09-30,14:11,Current,POS,5371.92,Debit,290384.66,Government,UP,750,1,Home,20533.12,Success,Mobile_App,Expired,0,14,-1,-0.014128253962227388
TXN000412260,CUST065622,2022-09-30,15:33,Current,RTGS,1679988.41,Debit,149380.21,E-Commerce,Gujarat,661,1,Business,13524.22,Success,Mobile_App,Pending,0,15,-1,-0.03591471157562964
TXN000412266,CUST044942,2022-09-30,20:44,Savings,RTGS,2376114.62,Credit,33846.71,Government,Telangana,864,1,Business,5146.02,Success,Mobile_App,Verified,0,20,-1,-0.10690370985861963
TXN000412368,CUST059783,2022-10-01,03:33,Current,RTGS,845314.0,Debit,3399.18,Healthcare,Tamil Nadu,765,0,Unknown,0.0,Success,ATM,Verified,0,3,-1,-0.005109910612255852
TXN000412430,CUST039146,2022-10-01,12:10,NRI,RTGS,537666.85,Debit,10214.6,Education,Karnataka,783,0,Unknown,0.0,Success,ATM,Verified,1,12,-1,-0.012147911651121945
TXN000412489,CUST002422,2022-10-01,23:20,Savings,Cheque,2063354.24,Credit,10195.02,Insurance,Tamil Nadu,767,0,Unknown,0.0,Success,Web,Verified,0,23,-1,-0.036265134584896885
TXN000412605,CUST060405,2022-10-02,03:27,Salary,POS,556.33,Debit,70110.52,Peer Transfer,Telangana,406,0,Unknown,0.0,Success,Web,Verified,0,3,-1,-0.003782078694964386
TXN000412644,CUST008699,2022-10-02,06:53,Salary,UPI,474.76,Credit,44019.24,Entertainment,Maharashtra,864,0,Unknown,0.0,Success,Web,Pending,0,6,-1,-0.007026935676809232
TXN000412722,CUST076839,2022-10-02,12:19,Current,RTGS,146434.82,Debit,25940.25,Salary,Gujarat,640,1,Gold,2974.32,Success,POS_Terminal,Verified,0,12,-1,-0.004459658798330768
TXN000412751,CUST016275,2022-10-02,17:15,Current,Cheque,1650761.77,Debit,28931.4,E-Commerce,Karnataka,894,1,Home,4729.87,Failed,POS_Terminal,Verified,0,17,-1,-0.041161186814057005
TXN000412833,CUST025495,2022-10-02,09:04,Current,RTGS,631624.33,Credit,23345.17,E-Commerce,Maharashtra,640,0,Unknown,0.0,Success,Mobile_App,Verified,0,9,-1,-0.06851544440339252
TXN000412868,CUST049704,2022-10-02,12:31,Savings,IMPS,1905.55,Debit,213475.15,Retail,UP,505,0,Unknown,0.0,Success,POS_Terminal,Pending,0,12,-1,-0.04014923897977374
TXN000412890,CUST050247,2022-10-03,23:37,Current,RTGS,1128255.69,Debit,11116.64,Education,Tamil Nadu,688,0,Unknown,0.0,Success,ATM,Verified,0,23,-1,-0.0474922287428069
TXN000413054,CUST072256,2022-10-03,16:04,Savings,RTGS,1044232.34,Credit,23411.52,Peer Transfer,Maharashtra,499,0,Unknown,0.0,Success,Mobile_App,Verified,0,16,-1,-0.014232069627789112
TXN000413124,CUST079707,2022-10-03,16:49,NRI,POS,601.7,Debit,73435.41,Retail,Gujarat,649,1,Personal,15740.03,Success,Mobile_App,Verified,0,16,-1,-0.002415697996071553
TXN000413150,CUST027164,2022-10-03,14:06,NRI,Auto_Debit,1296.42,Debit,72145.43,Fuel,Delhi,488,1,Personal,6058.19,Success,Web,Verified,0,14,-1,-0.025923547498543087
TXN000413174,CUST013037,2022-10-04,18:56,Savings,UPI,336.8,Debit,20138.65,E-Commerce,Maharashtra,782,1,Auto,21052.37,Success,Mobile_App,Verified,0,18,-1,-0.035928851956689045
TXN000413444,CUST071736,2022-10-04,16:27,NRI,RTGS,2667636.28,Credit,45432.54,Food & Dining,Maharashtra,525,0,Unknown,0.0,Success,API,Verified,0,16,-1,-0.03131531819252342
TXN000413571,CUST004931,2022-10-05,11:17,NRI,Cheque,1588531.82,Debit,32538.65,Travel,Punjab,812,1,Auto,3432.62,Success,Mobile_App,Verified,0,11,-1,-0.021089539990054806
TXN000413985,CUST058542,2022-10-06,16:28,Savings,IMPS,2071.08,Debit,44236.86,E-Commerce,Maharashtra,470,1,Personal,35654.46,Success,Mobile_App,Verified,0,16,-1,-0.045069021961193334
TXN000414044,CUST013809,2022-10-06,09:34,Current,Cheque,76418.89,Credit,21253.26,Utilities,Telangana,640,0,Unknown,0.0,Success,POS_Terminal,Verified,0,9,-1,-0.011641997562088835
TXN000414112,CUST063229,2022-10-07,19:16,Savings,RTGS,247486.83,Credit,15771.9,Entertainment,West Bengal,749,1,Home,3054.07,Success,Branch,Verified,0,19,-1,-0.005983303090603687
TXN000414217,CUST003784,2022-10-07,23:37,NRI,Credit_Card,886.81,Debit,14022.1,Retail,Delhi,798,1,Auto,95655.53,Success,Mobile_App,Verified,0,23,-1,-0.04705689803736279
TXN000414341,CUST044914,2022-10-07,06:57,Savings,Cheque,3765213.94,Credit,73184.21,Salary,Rajasthan,398,0,Unknown,0.0,Success,Web,Verified,0,6,-1,-0.06526102288393498
TXN000414506,CUST064589,2022-10-08,06:44,Salary,UPI,201.39,Credit,252291.6,Retail,Telangana,406,1,Business,6129.29,Success,Mobile_App,Verified,0,6,-1,-0.005023457424116251
TXN000414537,CUST068216,2022-10-08,02:04,Savings,NEFT,613729.06,Credit,21877.6,Food & Dining,Maharashtra,640,0,Unknown,0.0,Success,Mobile_App,Verified,0,2,-1,-0.021362201965552274
TXN000414561,CUST039495,2022-10-08,00:52,Savings,IMPS,603.89,Debit,106913.9,Food & Dining,Maharashtra,406,0,Unknown,0.0,Success,Mobile_App,Verified,0,0,-1,-0.005592586959142332
TXN000414615,CUST040974,2022-10-08,03:56,Salary,RTGS,1018810.05,Credit,64632.23,Salary,Tamil Nadu,861,0,Unknown,0.0,Success,Web,Verified,0,3,-1,-0.05199685370643514
TXN000414632,CUST056103,2022-10-08,20:12,Current,UPI,1355.77,Credit,3658.29,Salary,Maharashtra,501,0,Unknown,0.0,Success,API,Verified,0,20,-1,-0.007815295255586552
TXN000414633,CUST055885,2022-10-08,18:18,Current,RTGS,166941.53,Credit,16793.71,Travel,Delhi,401,0,Unknown,0.0,Success,Mobile_App,Verified,0,18,-1,-0.03212919378161849
TXN000414667,CUST017849,2022-10-08,02:03,Salary,RTGS,1226511.44,Debit,34490.36,Retail,Gujarat,796,0,Unknown,0.0,Success,Mobile_App,Verified,0,2,-1,-0.06455284969083885
TXN000414809,CUST034426,2022-10-09,21:31,Savings,UPI,525.49,Credit,47418.12,Salary,West Bengal,842,1,Home,65168.6,Success,Mobile_App,Verified,0,21,-1,-0.052852446287938615
TXN000414820,CUST064627,2022-10-09,14:03,Current,NEFT,145498.26,Credit,7894.08,Entertainment,Delhi,505,0,Unknown,0.0,Success,Web,Verified,0,14,-1,-0.022469702896426802
TXN000414875,CUST075412,2022-10-09,00:45,NRI,RTGS,1772531.56,Debit,21395.6,Government,Telangana,669,0,Unknown,0.0,Success,Web,Verified,0,0,-1,-0.021808501909537314
TXN000415151,CUST022584,2022-10-10,19:59,Salary,IMPS,7361.62,Credit,14388.41,Retail,Karnataka,839,1,Personal,17645.56,Failed,API,Verified,0,19,-1,-0.010745629951740998
TXN000415226,CUST005816,2022-10-10,19:56,Salary,RTGS,2575110.81,Credit,25320.69,Healthcare,Karnataka,362,0,Unknown,0.0,Success,Mobile_App,Pending,0,19,-1,-0.07633139729122651
TXN000415245,CUST079845,2022-10-10,16:17,Salary,NEFT,1050671.23,Debit,19628.63,Travel,Karnataka,783,0,Unknown,0.0,Success,Mobile_App,Verified,1,16,-1,-0.014706781717134132
TXN000415566,CUST069605,2022-10-11,02:27,Salary,NEFT,24480.95,Credit,207200.14,E-Commerce,Delhi,310,1,Unknown,11918.92,Success,POS_Terminal,Verified,0,2,-1,-0.0047524255169457685
TXN000416220,CUST018169,2022-10-13,04:17,NRI,Cheque,2280023.85,Credit,76756.8,Travel,Maharashtra,424,0,Unknown,0.0,Success,Mobile_App,Verified,0,4,-1,-0.047279987906486354
TXN000416246,CUST011698,2022-10-14,23:08,Current,Auto_Debit,26294.42,Debit,71576.34,Travel,Telangana,470,0,Unknown,0.0,Success,Mobile_App,Verified,0,23,-1,-0.013136353734423234
TXN000416444,CUST018376,2022-10-14,21:06,Fixed Deposit,NEFT,13018.12,Credit,40490.97,Salary,Tamil Nadu,555,1,Business,48373.23,Success,Mobile_App,Verified,0,21,-1,-0.02785096681315169
TXN000416704,CUST064014,2022-10-15,01:45,Savings,RTGS,976609.06,Debit,7111.7,Peer Transfer,West Bengal,662,1,Home,2725.12,Success,POS_Terminal,Verified,1,1,-1,-0.04013895085585417
TXN000416776,CUST072448,2022-10-15,04:42,Current,IMPS,5922.64,Debit,20813.35,Retail,Gujarat,406,1,Gold,10337.83,Success,Mobile_App,Verified,0,4,-1,-0.014824213029180355
TXN000416781,CUST008020,2022-10-15,13:39,Salary,RTGS,1204406.29,Credit,36629.82,Retail,Tamil Nadu,676,1,Education,2314.57,Success,Mobile_App,Pending,0,13,-1,-0.09331124242984279
TXN000416839,CUST074219,2022-10-16,01:08,NRI,RTGS,2084304.84,Credit,163114.33,Investment,Gujarat,708,0,Unknown,0.0,Success,Mobile_App,Verified,0,1,-1,-0.11882760576021334
TXN000416909,CUST000059,2022-10-16,20:22,Salary,Credit_Card,2013.71,Debit,27137.15,Retail,Punjab,676,0,Unknown,0.0,Success,Web,Expired,0,20,-1,-0.014623534712025044
TXN000416976,CUST077731,2022-10-16,13:53,Salary,POS,4097.55,Debit,885150.86,E-Commerce,Karnataka,714,1,Home,19617.77,Success,Web,Verified,0,13,-1,-0.012885881545833922
TXN000417079,CUST055571,2022-10-16,14:24,Current,IMPS,1759.91,Credit,7894.53,Healthcare,Gujarat,313,1,Business,45928.64,Success,Web,Pending,0,14,-1,-0.010953276713798754
TXN000417086,CUST049299,2022-10-16,07:20,Salary,Net_Banking,4419.01,Credit,10287.71,Utilities,Punjab,676,0,Unknown,0.0,Success,Web,Verified,0,7,-1,-0.02284322106683534
TXN000417150,CUST074819,2022-10-17,22:30,Salary,RTGS,262734.38,Credit,9561.08,Salary,Karnataka,839,1,Business,1186.79,Success,ATM,Verified,0,22,-1,-0.005518647522335218
TXN000417281,CUST029966,2022-10-17,07:11,Savings,UPI,220.07,Credit,41838.98,Travel,Maharashtra,501,0,Unknown,0.0,Success,Mobile_App,Verified,0,7,-1,-0.00935138621441678
TXN000417314,CUST022392,2022-10-17,09:36,Salary,NEFT,1453.71,Debit,69229.29,E-Commerce,Rajasthan,421,1,Unknown,41653.14,Success,API,Verified,0,9,-1,-0.040655010621723386
TXN000417395,CUST071372,2022-10-18,12:30,Savings,ATM_Withdrawal,2000.0,Debit,6572.47,Utilities,UP,622,1,Education,15758.05,Success,Branch,Verified,0,12,-1,-0.004497693587150797
TXN000417527,CUST046427,2022-10-18,02:54,NRI,RTGS,1330578.79,Credit,32337.59,Education,UP,620,0,Unknown,0.0,Failed,Branch,Verified,0,2,-1,-0.034667456209636516
TXN000417588,CUST053590,2022-10-18,23:44,Fixed Deposit,RTGS,133244.6,Credit,37105.65,Education,Karnataka,753,1,Business,25280.88,Success,Branch,Pending,0,23,-1,-0.004818961462258797
TXN000417662,CUST003632,2022-10-18,04:59,Salary,RTGS,987714.87,Debit,10048.98,E-Commerce,Rajasthan,554,1,Personal,2188.69,Success,Mobile_App,Verified,0,4,-1,-0.017633378228474772
TXN000417737,CUST060812,2022-10-19,09:24,Savings,RTGS,1992402.79,Credit,53710.52,Investment,Maharashtra,379,0,Unknown,0.0,Success,Mobile_App,Verified,0,9,-1,-0.054885051454404477
TXN000417750,CUST067113,2022-10-19,04:52,NRI,UPI,131.12,Credit,13288.88,Real Estate,Gujarat,425,1,Education,18842.31,Success,Mobile_App,Verified,0,4,-1,-0.022359589030093052
TXN000417814,CUST036127,2022-10-19,13:40,Salary,RTGS,804822.01,Credit,21316.32,Government,Gujarat,691,1,Home,3960.79,Success,Mobile_App,Verified,0,13,-1,-0.018667386930844687
TXN000417828,CUST048484,2022-10-19,06:39,Current,RTGS,40681.89,Credit,31917.91,Investment,Rajasthan,864,0,Unknown,0.0,Success,ATM,Pending,0,6,-1,-0.011434259462469232
TXN000418024,CUST050375,2022-10-20,04:47,Savings,UPI,752.56,Debit,11622.81,Travel,Gujarat,649,1,Education,16100.07,Success,Branch,Expired,0,4,-1,-0.03560250463286185
TXN000418076,CUST056671,2022-10-20,07:54,Savings,UPI,159.96,Debit,26223.56,Government,Maharashtra,649,1,Personal,10369.78,Success,Mobile_App,Verified,0,7,-1,-0.0011713062949175734
TXN000418204,CUST041752,2022-10-20,21:46,Savings,RTGS,106360.1,Debit,27123.63,Travel,Tamil Nadu,719,1,Home,76426.83,Success,Mobile_App,Pending,0,21,-1,-0.04306309673635356
TXN000418286,CUST062921,2022-10-21,03:14,NRI,IMPS,4374.08,Credit,28592.45,Travel,Maharashtra,750,1,Personal,15319.94,Success,POS_Terminal,Verified,0,3,-1,-0.00937198804216366
TXN000418387,CUST048101,2022-10-21,11:15,Salary,RTGS,986995.31,Debit,98023.94,Healthcare,Telangana,738,0,Unknown,0.0,Success,Web,Verified,0,11,-1,-0.002878431257697045
TXN000418435,CUST038078,2022-10-21,15:32,Current,RTGS,777241.55,Credit,22007.08,Food & Dining,Telangana,771,0,Unknown,0.0,Success,Mobile_App,Verified,0,15,-1,-0.0021949646081429464
TXN000418501,CUST015064,2022-10-21,22:09,Current,RTGS,834158.05,Debit,15177.92,E-Commerce,Tamil Nadu,768,0,Unknown,0.0,Success,Mobile_App,Verified,0,22,-1,-0.06805923303020911
TXN000418682,CUST032072,2022-10-22,20:44,Current,Cheque,8009499.04,Debit,27540.47,Food & Dining,Punjab,632,0,Unknown,0.0,Pending,API,Verified,0,20,-1,-0.0997998731775418
TXN000418695,CUST078912,2022-10-22,06:22,NRI,Auto_Debit,5081.08,Debit,7604.44,Travel,Gujarat,782,0,Unknown,0.0,Success,API,Verified,0,6,-1,-0.008406789231067857
TXN000418699,CUST042282,2022-10-22,11:14,Fixed Deposit,RTGS,239534.19,Credit,6011.77,Peer Transfer,West Bengal,542,0,Unknown,0.0,Success,Mobile_App,Verified,0,11,-1,-0.025830749365036598
TXN000418792,CUST029919,2022-10-22,23:44,Salary,RTGS,436104.39,Credit,93498.41,Insurance,Punjab,425,0,Unknown,0.0,Success,Web,Verified,0,23,-1,-0.0019753597438861847
TXN000418835,CUST067145,2022-10-22,22:03,Salary,POS,1276.31,Debit,32975.44,Entertainment,Karnataka,864,0,Unknown,0.0,Success,Mobile_App,Verified,0,22,-1,-0.0036883518717183428
TXN000418848,CUST071347,2022-10-22,21:38,NRI,RTGS,130839.94,Credit,29022.54,E-Commerce,UP,792,0,Unknown,0.0,Success,Mobile_App,Verified,0,21,-1,-0.0160461473835245
TXN000419029,CUST030270,2022-10-23,05:01,Current,ATM_Withdrawal,2000.0,Debit,102522.6,Healthcare,Gujarat,714,1,Unknown,5126.29,Reversed,POS_Terminal,Verified,0,5,-1,-0.006337292755880686
TXN000419222,CUST016560,2022-10-24,21:09,Current,Auto_Debit,4413.52,Debit,106171.12,Food & Dining,Maharashtra,793,0,Unknown,0.0,Success,POS_Terminal,Verified,0,21,-1,-0.005989149779142222
TXN000419394,CUST050779,2022-10-24,22:50,Savings,ATM_Withdrawal,3000.0,Debit,10623.1,Education,Rajasthan,722,1,Home,34480.54,Success,Branch,Verified,0,22,-1,-0.008892683352901831
TXN000419417,CUST020289,2022-10-24,04:30,Savings,RTGS,194242.53,Debit,9829.83,Government,Telangana,640,0,Unknown,0.0,Success,Mobile_App,Verified,0,4,-1,-0.021782759998790757
TXN000419432,CUST037214,2022-10-24,04:50,Savings,ATM_Withdrawal,2000.0,Debit,7476.98,Peer Transfer,Karnataka,325,0,Unknown,0.0,Success,ATM,Verified,0,4,-1,-0.0037536000195148578
TXN000419627,CUST028327,2022-10-25,15:08,NRI,Net_Banking,41732.17,Credit,18923.24,Fuel,Tamil Nadu,572,1,Personal,23599.57,Success,Mobile_App,Verified,0,15,-1,-0.057789144075174215
TXN000419742,CUST035311,2022-10-25,00:18,Savings,RTGS,756170.48,Credit,52711.98,Peer Transfer,Punjab,831,0,Unknown,0.0,Success,Mobile_App,Verified,0,0,-1,-0.02855727858277668
TXN000419792,CUST018733,2022-10-25,21:03,Savings,RTGS,1215623.18,Credit,11036.93,Food & Dining,Gujarat,614,0,Unknown,0.0,Success,POS_Terminal,Verified,0,21,-1,-0.023676201709011635
TXN000419885,CUST058763,2022-10-26,00:35,Savings,RTGS,2120340.21,Debit,139705.86,Salary,West Bengal,506,0,Unknown,0.0,Success,API,Verified,0,0,-1,-0.0693824829586085
TXN000419891,CUST047118,2022-10-26,00:40,Salary,RTGS,2166847.79,Debit,55225.85,Salary,Gujarat,721,1,Business,2120.39,Success,POS_Terminal,Verified,0,0,-1,-0.07184819861689196
TXN000419977,CUST054272,2022-10-26,04:20,Fixed Deposit,RTGS,509928.23,Credit,19206.69,Healthcare,West Bengal,804,1,Education,15586.23,Success,ATM,Verified,0,4,-1,-0.029924663658111972
TXN000420004,CUST009507,2022-10-26,15:19,Savings,IMPS,134.83,Debit,49318.29,Retail,UP,406,1,Home,2147.18,Success,Mobile_App,Verified,0,15,-1,-0.02409918213906259
TXN000420133,CUST040819,2022-10-27,15:01,Savings,Net_Banking,8404.73,Debit,125062.91,Fuel,Rajasthan,616,0,Unknown,0.0,Success,ATM,Verified,0,15,-1,-0.00464156121153636
TXN000420144,CUST051948,2022-10-27,16:39,NRI,Auto_Debit,1900.45,Debit,95572.07,Investment,Telangana,488,0,Unknown,0.0,Success,ATM,Verified,0,16,-1,-0.019799703414102754
TXN000420230,CUST034884,2022-10-27,12:14,Current,UPI,2007.26,Debit,19853.39,Investment,Maharashtra,896,1,Personal,74704.59,Success,Mobile_App,Verified,0,12,-1,-0.036190553559612315
TXN000420251,CUST034508,2022-10-27,13:08,Current,RTGS,150319.03,Debit,120452.03,Utilities,Telangana,708,0,Unknown,0.0,Failed,Mobile_App,Verified,0,13,-1,-0.008861863107301304
TXN000420633,CUST002487,2022-10-28,03:45,Salary,RTGS,12436.4,Debit,428808.56,Travel,Maharashtra,821,1,Personal,9383.37,Success,Mobile_App,Pending,0,3,-1,-0.0049795499160395496
TXN000420707,CUST047258,2022-10-28,00:22,Savings,POS,829.32,Debit,50438.33,Peer Transfer,West Bengal,862,1,Home,50506.11,Success,Web,Verified,0,0,-1,-0.023482321292292774
TXN000420753,CUST001572,2022-10-29,18:25,Savings,Cheque,3126073.65,Credit,40722.9,Retail,Delhi,387,0,Unknown,0.0,Success,POS_Terminal,Verified,0,18,-1,-0.07598040513086768
TXN000420831,CUST037962,2022-10-29,05:27,Current,ATM_Withdrawal,1000.0,Debit,41940.0,Travel,Gujarat,505,0,Unknown,0.0,Success,API,Verified,0,5,-1,-0.005049409296275842
TXN000420841,CUST048479,2022-10-29,23:33,Savings,Cheque,5291421.75,Debit,70273.97,E-Commerce,Karnataka,677,0,Unknown,0.0,Success,Mobile_App,Verified,0,23,-1,-0.10791141105683355
TXN000420854,CUST024390,2022-10-29,13:57,NRI,Cheque,6937.43,Credit,103982.3,Travel,Maharashtra,401,0,Unknown,0.0,Success,ATM,Verified,0,13,-1,-0.0027512780768087497
TXN000420980,CUST010745,2022-10-29,22:12,Current,RTGS,812065.98,Debit,1479.02,Retail,West Bengal,753,0,Unknown,0.0,Success,ATM,Verified,0,22,-1,-0.017040496854747622
TXN000421066,CUST001487,2022-10-30,14:39,Savings,RTGS,1139001.76,Credit,121463.47,Peer Transfer,Tamil Nadu,772,0,Unknown,0.0,Success,Mobile_App,Verified,0,14,-1,-0.0009847943111712665
TXN000421187,CUST050302,2022-10-30,03:30,Current,RTGS,753802.25,Credit,40110.07,Retail,Rajasthan,749,0,Unknown,0.0,Success,POS_Terminal,Verified,1,3,-1,-0.05626554326761979
TXN000421710,CUST019643,2022-11-01,23:28,Salary,UPI,394.17,Debit,30187.56,Retail,West Bengal,406,0,Unknown,0.0,Success,Web,Verified,0,23,-1,-0.01378825425067065
TXN000421763,CUST076438,2022-11-01,00:01,Salary,RTGS,306194.8,Credit,250230.88,Entertainment,Delhi,798,0,Unknown,0.0,Success,ATM,Verified,0,0,-1,-0.006448200666156367
TXN000421941,CUST045336,2022-11-02,02:11,Current,NEFT,31315.47,Debit,3666.88,Utilities,UP,649,0,Unknown,0.0,Success,Mobile_App,Verified,0,2,-1,-0.010794512885743845
TXN000422045,CUST075018,2022-11-02,20:33,Fixed Deposit,NEFT,2413006.46,Debit,54729.0,Salary,UP,326,1,Personal,9794.34,Success,ATM,Verified,0,20,-1,-0.04144273412613153
TXN000422102,CUST034167,2022-11-02,14:12,Salary,IMPS,9059.03,Debit,17700.05,Government,Karnataka,882,1,Auto,29992.93,Success,Web,Verified,0,14,-1,-0.06738305980624004
TXN000422132,CUST049838,2022-11-02,22:01,Salary,RTGS,1483276.07,Credit,26872.08,Utilities,Maharashtra,531,0,Unknown,0.0,Success,Mobile_App,Verified,0,22,-1,-0.0585152830796849
TXN000422154,CUST062588,2022-11-02,19:19,Savings,RTGS,1291828.6,Debit,37083.63,Salary,UP,859,0,Unknown,0.0,Success,Mobile_App,Verified,0,19,-1,-0.004210932648658461
TXN000422182,CUST055324,2022-11-02,17:05,Fixed Deposit,Cheque,1023279.99,Debit,15543.62,Salary,Delhi,796,1,Business,26093.68,Success,Branch,Verified,1,17,-1,-0.018060642463856746
TXN000422210,CUST058564,2022-11-02,03:03,Current,IMPS,2218.12,Debit,77822.66,Peer Transfer,Telangana,326,0,Unknown,0.0,Success,ATM,Expired,0,3,-1,-0.019742722131330437
TXN000422624,CUST049789,2022-11-04,02:04,Savings,RTGS,1155167.18,Credit,88648.61,Retail,Gujarat,696,1,Auto,1684.82,Success,Mobile_App,Verified,0,2,-1,-0.030541490268882754
TXN000422646,CUST079028,2022-11-04,04:41,Current,RTGS,76635.11,Credit,102928.39,Investment,Tamil Nadu,763,0,Unknown,0.0,Pending,API,Verified,0,4,-1,-0.027450132220407042
TXN000422673,CUST051357,2022-11-04,11:38,Savings,RTGS,1730193.58,Debit,33945.76,Healthcare,Delhi,408,0,Unknown,0.0,Success,Mobile_App,Verified,0,11,-1,-0.059140860877931245
TXN000422705,CUST077603,2022-11-04,13:00,Savings,NEFT,30405.17,Credit,110368.27,Food & Dining,Delhi,378,1,Personal,59036.04,Success,Mobile_App,Verified,0,13,-1,-0.020474032244025442
TXN000422829,CUST060054,2022-11-04,02:32,Savings,RTGS,906731.57,Debit,16551.62,Travel,West Bengal,471,0,Unknown,0.0,Success,Mobile_App,Verified,0,2,-1,-0.049957982591349315
TXN000423074,CUST050623,2022-11-05,04:59,Current,RTGS,452483.59,Credit,15581.51,Peer Transfer,Tamil Nadu,616,0,Unknown,0.0,Success,POS_Terminal,Verified,0,4,-1,-0.0056792393487351545
TXN000423191,CUST076329,2022-11-05,19:35,NRI,RTGS,2978113.23,Debit,89467.64,Insurance,Tamil Nadu,772,0,Unknown,0.0,Success,Mobile_App,Verified,0,19,-1,-0.06472216614498305
TXN000423424,CUST059820,2022-11-06,16:09,Fixed Deposit,POS,3313.71,Debit,17627.99,Insurance,Rajasthan,406,0,Unknown,0.0,Success,Branch,Expired,0,16,-1,-0.01752350002932479
TXN000423543,CUST044006,2022-11-07,14:31,Savings,Cheque,7923295.55,Debit,108149.04,Education,Punjab,797,0,Unknown,0.0,Success,Mobile_App,Verified,0,14,-1,-0.0978820585064899
TXN000423674,CUST051194,2022-11-07,11:38,Savings,POS,751.31,Debit,25441.4,Utilities,Delhi,505,0,Unknown,0.0,Success,ATM,Verified,0,11,-1,-0.017216039937992922
TXN000423893,CUST016629,2022-11-08,22:09,Savings,RTGS,2474904.63,Debit,29167.49,Education,Gujarat,516,0,Unknown,0.0,Success,Mobile_App,Verified,0,22,-1,-0.05894830340050283
TXN000423974,CUST051671,2022-11-08,15:59,Savings,UPI,900.7,Credit,8630.79,Utilities,Gujarat,616,0,Unknown,0.0,Success,API,Verified,0,15,-1,-0.006098526472339771
TXN000424105,CUST015900,2022-11-08,07:29,Savings,RTGS,1076479.93,Credit,7026.89,E-Commerce,Maharashtra,723,0,Unknown,0.0,Success,ATM,Verified,0,7,-1,-0.00032139615217552375
TXN000424143,CUST046376,2022-11-09,07:47,Current,IMPS,10706.88,Debit,147079.89,Retail,Karnataka,553,1,Business,39262.82,Success,Mobile_App,Expired,0,7,-1,-0.03073459465868933
TXN000424156,CUST015020,2022-11-09,08:17,NRI,Auto_Debit,203.77,Debit,29825.86,Fuel,Tamil Nadu,425,1,Business,2771.79,Success,ATM,Pending,0,8,-1,-0.00012791105973930517
TXN000424427,CUST034068,2022-11-10,15:28,Current,RTGS,1689852.92,Debit,53803.48,Education,Maharashtra,696,0,Unknown,0.0,Success,Web,Verified,0,15,-1,-0.04860446167302568
TXN000424490,CUST078001,2022-11-10,07:40,Fixed Deposit,Net_Banking,1271132.02,Debit,93801.68,E-Commerce,Gujarat,763,1,Personal,5411.26,Success,Mobile_App,Verified,0,7,-1,-0.08244745828227207
TXN000424510,CUST031596,2022-11-10,03:54,Salary,RTGS,1263033.29,Debit,8269.08,Salary,Delhi,497,0,Unknown,0.0,Success,Mobile_App,Verified,0,3,-1,-0.01856564331915489
TXN000424619,CUST028081,2022-11-10,12:55,Current,RTGS,458934.98,Credit,18198.19,Entertainment,Karnataka,501,0,Unknown,0.0,Success,Mobile_App,Verified,0,12,-1,-0.023334095089462714
TXN000424794,CUST004111,2022-11-11,04:24,Savings,NEFT,3726.99,Debit,50546.49,Retail,Maharashtra,501,1,Personal,17169.24,Success,API,Verified,0,4,-1,-0.03813753942393183
TXN000424929,CUST046853,2022-11-11,09:40,Fixed Deposit,IMPS,3031.58,Debit,3586.33,Education,Delhi,572,1,Auto,38270.96,Success,POS_Terminal,Verified,0,9,-1,-0.05724758476574343
TXN000425452,CUST053539,2022-11-13,04:57,Savings,RTGS,793059.88,Credit,8409.98,Food & Dining,Punjab,403,0,Unknown,0.0,Success,POS_Terminal,Verified,0,4,-1,-0.02142908705731561
TXN000425467,CUST037647,2022-11-13,00:38,Current,RTGS,867710.91,Credit,63951.72,Entertainment,Gujarat,555,1,Home,3799.41,Success,Mobile_App,Pending,0,0,-1,-0.01802926386570103
TXN000425532,CUST070843,2022-11-13,09:54,Current,RTGS,570160.1,Credit,2984.2,Travel,Telangana,505,0,Unknown,0.0,Failed,ATM,Pending,0,9,-1,-0.006196857935254485
TXN000425720,CUST043549,2022-11-14,03:48,Savings,RTGS,2685083.72,Debit,3702.76,Entertainment,Maharashtra,336,0,Unknown,0.0,Success,Mobile_App,Verified,0,3,-1,-0.0753210121477953
TXN000425906,CUST079434,2022-11-14,21:38,Salary,IMPS,14422.35,Credit,4111929.94,Entertainment,West Bengal,834,1,Unknown,7257.96,Failed,Web,Verified,0,21,-1,-0.0004771888311443373
TXN000425937,CUST067744,2022-11-14,14:38,Fixed Deposit,NEFT,4486.54,Debit,45802.85,E-Commerce,Maharashtra,505,0,Unknown,0.0,Success,ATM,Verified,0,14,-1,-0.009146114401868521
TXN000426332,CUST067523,2022-11-16,03:30,Savings,IMPS,1195.53,Credit,7797.4,Peer Transfer,Punjab,864,0,Unknown,0.0,Success,Mobile_App,Verified,0,3,-1,-0.010810130915905103
TXN000426504,CUST032167,2022-11-16,09:41,Current,UPI,613.17,Debit,95353.86,Peer Transfer,Tamil Nadu,406,0,Unknown,0.0,Success,Web,Expired,0,9,-1,-0.003676065266918549
TXN000426506,CUST019835,2022-11-16,23:43,Current,RTGS,373111.21,Debit,50097.4,E-Commerce,West Bengal,401,0,Unknown,0.0,Success,ATM,Verified,1,23,-1,-0.03590408476297591
TXN000426567,CUST066393,2022-11-17,10:37,Savings,RTGS,755862.4,Debit,82888.9,Retail,Rajasthan,759,0,Unknown,0.0,Success,ATM,Verified,0,10,-1,-0.05374800961871484
TXN000426951,CUST011152,2022-11-18,09:42,Salary,RTGS,2478987.09,Credit,3100.24,E-Commerce,Karnataka,302,0,Unknown,0.0,Success,POS_Terminal,Verified,0,9,-1,-0.08228119321450522
TXN000426999,CUST032199,2022-11-18,03:04,Fixed Deposit,UPI,769.11,Debit,22274.98,Healthcare,Punjab,640,0,Unknown,0.0,Success,Mobile_App,Verified,0,3,-1,-0.000796030900173883
TXN000427310,CUST009724,2022-11-19,21:15,Savings,POS,371.61,Debit,62899.65,Education,Tamil Nadu,820,1,Unknown,108095.25,Success,Mobile_App,Verified,0,21,-1,-0.06346780447013922
TXN000427355,CUST040102,2022-11-19,15:05,Savings,UPI,160.43,Credit,2166.52,Investment,West Bengal,803,0,Unknown,0.0,Success,ATM,Verified,0,15,-1,-0.014902737828354051
TXN000427366,CUST044247,2022-11-19,04:04,NRI,Net_Banking,2634.83,Credit,71239.1,E-Commerce,Gujarat,333,0,Unknown,0.0,Success,ATM,Verified,0,4,-1,-0.010964340887423263
TXN000427412,CUST020375,2022-11-19,02:01,Savings,RTGS,1024668.3,Credit,28862.22,Salary,West Bengal,361,1,Education,1726.09,Success,Mobile_App,Verified,0,2,-1,-0.03498131594200338
TXN000427605,CUST072001,2022-11-20,13:04,Current,RTGS,811989.63,Credit,2932.54,Utilities,UP,680,0,Unknown,0.0,Success,ATM,Verified,0,13,-1,-0.02215782811745326
TXN000427631,CUST002503,2022-11-20,03:03,Current,Cheque,969206.18,Credit,58313.21,Salary,Karnataka,555,1,Auto,2083.68,Success,POS_Terminal,Verified,1,3,-1,-0.05190720871931298
TXN000427797,CUST037791,2022-11-21,11:39,Savings,RTGS,241496.68,Credit,42401.89,Utilities,West Bengal,763,0,Unknown,0.0,Success,Web,Verified,0,11,-1,-0.018651312096584882
TXN000427814,CUST040730,2022-11-21,03:56,Current,RTGS,306384.78,Credit,106929.46,Utilities,Gujarat,750,0,Unknown,0.0,Success,POS_Terminal,Verified,0,3,-1,-0.004435265370472896
TXN000428056,CUST021481,2022-11-21,18:37,Salary,Cheque,810897.82,Debit,20854.78,Investment,Delhi,730,0,Unknown,0.0,Success,Mobile_App,Verified,0,18,-1,-0.0031871268187793067
TXN000428057,CUST029350,2022-11-21,16:10,Savings,Auto_Debit,2040.96,Debit,176004.37,Retail,Punjab,470,0,Unknown,0.0,Success,ATM,Verified,0,16,-1,-0.015268046848109673
TXN000428150,CUST036683,2022-11-22,14:51,Fixed Deposit,RTGS,128005.29,Debit,19005.23,E-Commerce,Karnataka,640,1,Unknown,3667.56,Reversed,Branch,Pending,0,14,-1,-0.04124309872187115
TXN000428173,CUST050960,2022-11-22,02:33,Savings,RTGS,863215.33,Debit,4604.46,Entertainment,Telangana,364,0,Unknown,0.0,Success,POS_Terminal,Verified,0,2,-1,-0.07123077397732414
TXN000428293,CUST004747,2022-11-22,15:25,Savings,RTGS,1260283.22,Debit,9649.22,Retail,Maharashtra,750,0,Unknown,0.0,Success,Web,Verified,0,15,-1,-0.012195460110332679
TXN000428418,CUST004198,2022-11-23,16:48,Savings,Cheque,31652.17,Credit,58202.84,Entertainment,Gujarat,640,0,Unknown,0.0,Success,Branch,Verified,0,16,-1,-0.020264075299229356
TXN000428426,CUST071737,2022-11-23,15:41,Current,RTGS,1471576.44,Debit,25186.28,Government,UP,844,0,Unknown,0.0,Success,Mobile_App,Verified,0,15,-1,-0.01241181867915453
TXN000428499,CUST057752,2022-11-23,11:16,Fixed Deposit,IMPS,1807.04,Credit,224606.48,Food & Dining,Karnataka,353,1,Home,26946.49,Success,Mobile_App,Verified,0,11,-1,-0.015254407101979117
TXN000428523,CUST021023,2022-11-23,04:42,Savings,UPI,385.03,Credit,8109.81,Government,Maharashtra,406,1,Personal,2824.77,Success,Web,Verified,0,4,-1,-0.03141975515049644
TXN000428629,CUST001872,2022-11-23,04:37,Savings,Cheque,688807.6,Credit,54266.57,Travel,UP,682,1,Unknown,10563.0,Success,Branch,Verified,0,4,-1,-0.0033523765991793075
TXN000428880,CUST001080,2022-11-24,22:51,Savings,RTGS,471532.45,Credit,129443.85,Investment,Karnataka,724,0,Unknown,0.0,Success,Mobile_App,Verified,0,22,-1,-0.026166853476535468
TXN000428901,CUST074262,2022-11-24,16:58,Savings,Cheque,19135.48,Debit,8066.04,Food & Dining,Gujarat,648,1,Home,62024.39,Success,Mobile_App,Verified,0,16,-1,-0.02818311120736816
TXN000428982,CUST056290,2022-11-24,01:42,Savings,RTGS,135080.89,Debit,26724.29,Travel,West Bengal,501,0,Unknown,0.0,Success,Web,Verified,0,1,-1,-0.001337672713669802
TXN000429133,CUST039910,2022-11-25,17:16,Current,ATM_Withdrawal,500.0,Debit,318567.35,Food & Dining,Gujarat,615,1,Education,10555.08,Success,Branch,Verified,0,17,-1,-2.579215808085067e-05
TXN000429295,CUST066154,2022-11-25,12:47,Savings,UPI,525.97,Debit,58428.03,Utilities,Tamil Nadu,406,1,Unknown,3668.06,Success,Mobile_App,Verified,0,12,-1,-0.01610527662925354
TXN000429428,CUST012664,2022-11-26,01:34,Savings,IMPS,3104.9,Credit,261870.62,E-Commerce,Telangana,372,0,Unknown,0.0,Success,Web,Pending,0,1,-1,-0.007354974173151785
TXN000429476,CUST014600,2022-11-26,06:41,Savings,UPI,941.75,Credit,42898.67,Utilities,Tamil Nadu,505,0,Unknown,0.0,Success,Mobile_App,Verified,0,6,-1,-0.007727744208804177
TXN000429545,CUST074686,2022-11-26,03:07,NRI,IMPS,525.3,Debit,10212.15,Peer Transfer,Delhi,821,1,Home,9865.72,Success,ATM,Verified,0,3,-1,-0.013698480455997086
TXN000429566,CUST019806,2022-11-26,04:13,Current,POS,4818.2,Debit,21075.3,Healthcare,UP,325,0,Unknown,0.0,Success,Mobile_App,Verified,0,4,-1,-0.0016016555689265521
TXN000429613,CUST045235,2022-11-26,03:26,Salary,UPI,509.49,Debit,64995.55,E-Commerce,West Bengal,505,0,Unknown,0.0,Success,POS_Terminal,Verified,0,3,-1,-0.016509855535886908
TXN000429636,CUST064452,2022-11-26,19:15,Salary,UPI,6724.18,Credit,13159.9,Food & Dining,Maharashtra,420,1,Home,51292.03,Failed,Mobile_App,Verified,0,19,-1,-0.009095371619791903
TXN000429697,CUST051447,2022-11-27,03:00,Savings,Cheque,1454226.42,Debit,15237.24,Education,West Bengal,753,1,Business,7577.34,Success,POS_Terminal,Verified,0,3,-1,-0.10443781659269158
TXN000429884,CUST069810,2022-11-27,20:10,Savings,NEFT,28089.89,Credit,36460.4,Government,Karnataka,649,1,Business,28111.89,Success,Mobile_App,Verified,0,20,-1,-0.08114130148510645
TXN000430157,CUST063130,2022-11-28,14:55,Current,Cheque,67462.23,Debit,332015.65,Entertainment,Delhi,511,1,Unknown,91975.61,Success,Mobile_App,Verified,0,14,-1,-0.022975124214302922
TXN000430163,CUST047634,2022-11-28,18:50,Salary,UPI,1311.66,Credit,38132.11,Healthcare,Maharashtra,782,1,Home,6149.97,Success,Mobile_App,Verified,0,18,-1,-0.0063578979975633665
TXN000430327,CUST075262,2022-11-29,08:49,Savings,RTGS,1645742.51,Credit,10153.91,Insurance,Rajasthan,396,1,Home,20666.67,Success,Web,Verified,0,8,-1,-0.04339530483963905
TXN000430372,CUST014528,2022-11-29,16:15,Current,RTGS,1267637.53,Credit,164193.93,Fuel,Karnataka,755,0,Unknown,0.0,Failed,Mobile_App,Verified,0,16,-1,-0.07325201010319382
TXN000430823,CUST010093,2022-11-30,15:18,Current,Cheque,85290.85,Credit,23353.0,Food & Dining,Telangana,488,0,Unknown,0.0,Success,ATM,Verified,0,15,-1,-0.0016762044785398889
TXN000430867,CUST075161,2022-11-30,22:56,Current,UPI,45.39,Credit,26781.47,Education,Gujarat,792,0,Unknown,0.0,Reversed,ATM,Verified,0,22,-1,-0.009073233440449635
TXN000430925,CUST044873,2022-12-01,21:39,Current,IMPS,15497.43,Debit,559480.73,Peer Transfer,Karnataka,814,1,Personal,27061.47,Success,Mobile_App,Verified,0,21,-1,-0.027770145090510123
TXN000430956,CUST064362,2022-12-01,22:41,Current,Cheque,1503184.57,Debit,38574.69,Education,Delhi,544,0,Unknown,0.0,Reversed,Mobile_App,Verified,0,22,-1,-0.0009325610880885904
TXN000431013,CUST066158,2022-12-01,04:28,Salary,UPI,65.79,Debit,65354.42,Salary,West Bengal,406,0,Unknown,0.0,Success,Web,Verified,0,4,-1,-0.024533808362427578
TXN000431134,CUST026749,2022-12-01,15:17,Current,IMPS,29144.35,Debit,70514.17,Food & Dining,Maharashtra,505,0,Unknown,0.0,Success,ATM,Pending,0,15,-1,-0.013487485775298125
TXN000431227,CUST067410,2022-12-02,09:30,Fixed Deposit,RTGS,54122.17,Credit,34969.02,Insurance,Delhi,640,0,Unknown,0.0,Success,POS_Terminal,Pending,0,9,-1,-0.05268596985605856
TXN000431340,CUST032094,2022-12-02,15:57,Salary,RTGS,3687158.74,Debit,90087.09,Utilities,Maharashtra,420,1,Home,2113.4,Success,POS_Terminal,Verified,1,15,-1,-0.077858185605297
TXN000431708,CUST039478,2022-12-03,03:53,Salary,ATM_Withdrawal,1000.0,Debit,82624.71,Insurance,Maharashtra,782,1,Home,3686.69,Success,Branch,Verified,0,3,-1,-0.009769585099373757
TXN000431831,CUST002544,2022-12-04,03:12,Savings,IMPS,2440.74,Debit,259116.34,Entertainment,Maharashtra,470,0,Unknown,0.0,Success,ATM,Pending,0,3,-1,-0.02314233180398695
TXN000431861,CUST022699,2022-12-04,14:11,Savings,IMPS,2195.84,Credit,1173.34,Retail,Gujarat,542,1,Home,30265.64,Success,POS_Terminal,Verified,0,14,-1,-0.026248963269517978
TXN000432047,CUST011201,2022-12-04,13:49,Savings,RTGS,629927.56,Credit,190081.85,Food & Dining,Maharashtra,868,1,Home,2656.4,Success,API,Verified,0,13,-1,-0.016206573611270425
TXN000432080,CUST016289,2022-12-04,14:27,Current,RTGS,1755365.37,Credit,60500.45,Government,Maharashtra,335,0,Unknown,0.0,Success,API,Pending,0,14,-1,-0.03947485577327403
TXN000432135,CUST075380,2022-12-05,21:10,Current,UPI,109.9,Debit,57711.54,Insurance,Karnataka,544,1,Business,56404.18,Failed,Web,Verified,0,21,-1,-0.041411837980462995
TXN000432332,CUST028625,2022-12-05,09:01,Fixed Deposit,Cheque,6011367.41,Credit,36495.48,Fuel,Maharashtra,816,1,Home,7630.07,Success,API,Verified,0,9,-1,-0.08597171544187843
TXN000432414,CUST035147,2022-12-06,19:56,Salary,RTGS,1287938.45,Credit,117981.54,Peer Transfer,Rajasthan,532,0,Unknown,0.0,Success,Mobile_App,Verified,0,19,-1,-0.002446804358234189
TXN000432440,CUST061901,2022-12-06,00:46,Current,RTGS,1679888.08,Credit,87614.55,Food & Dining,Tamil Nadu,371,1,Education,4073.97,Success,Web,Verified,0,0,-1,-0.0852749281747891
TXN000432562,CUST075635,2022-12-06,12:18,Salary,RTGS,9236223.15,Credit,40786.34,Travel,Maharashtra,591,0,Unknown,0.0,Success,API,Verified,0,12,-1,-0.13160552581123375
TXN000432675,CUST018427,2022-12-06,18:28,NRI,RTGS,1285712.74,Debit,30827.41,Utilities,Rajasthan,414,0,Unknown,0.0,Success,Web,Pending,0,18,-1,-0.01770625919778479
TXN000432855,CUST022671,2022-12-07,22:30,Salary,UPI,545.04,Debit,17680.65,Entertainment,Maharashtra,676,0,Unknown,0.0,Success,Web,Verified,0,22,-1,-0.00233839291493243
TXN000432937,CUST059391,2022-12-07,00:33,Savings,Net_Banking,24585.52,Debit,66925.76,Healthcare,Delhi,803,0,Unknown,0.0,Success,API,Pending,0,0,-1,-0.002840182110399825
TXN000432970,CUST014551,2022-12-07,20:18,Savings,RTGS,1214077.2,Debit,10064.19,Insurance,UP,501,0,Unknown,0.0,Success,POS_Terminal,Verified,0,20,-1,-0.08225149937857723
TXN000433007,CUST012147,2022-12-08,14:50,Savings,RTGS,1319496.34,Credit,24798.9,Peer Transfer,Tamil Nadu,574,0,Unknown,0.0,Success,Mobile_App,Pending,0,14,-1,-0.04687145187164754
TXN000433180,CUST039284,2022-12-08,15:50,Savings,UPI,902.94,Debit,43443.55,Food & Dining,Punjab,398,1,Personal,29396.32,Success,POS_Terminal,Verified,0,15,-1,-0.00374911274400036
TXN000433190,CUST021147,2022-12-08,22:24,Savings,POS,545.55,Debit,102085.29,Peer Transfer,Maharashtra,730,1,Business,22922.92,Success,Mobile_App,Verified,0,22,-1,-4.0504532763829815e-05
TXN000433331,CUST070435,2022-12-09,11:10,Fixed Deposit,RTGS,349550.63,Debit,29908.61,E-Commerce,Maharashtra,699,1,Auto,3951.05,Success,Mobile_App,Verified,0,11,-1,-0.03595127235008311
TXN000433445,CUST037038,2022-12-09,15:44,Savings,Cheque,905802.09,Debit,250716.39,Travel,Punjab,864,1,Personal,2700.4,Success,Mobile_App,Verified,0,15,-1,-0.00010481347766999605
TXN000433522,CUST015676,2022-12-09,13:55,Savings,NEFT,911085.1,Credit,11702.53,Investment,West Bengal,854,1,Personal,1713.37,Success,API,Verified,0,13,-1,-0.003656343477413948
TXN000433546,CUST033507,2022-12-09,01:59,Savings,RTGS,349745.98,Credit,23971.56,Salary,Karnataka,699,0,Unknown,0.0,Success,POS_Terminal,Expired,0,1,-1,-0.03655365249716991
TXN000433672,CUST039878,2022-12-10,15:44,Current,RTGS,1208924.22,Credit,81621.12,Real Estate,Telangana,606,0,Unknown,0.0,Success,Branch,Verified,0,15,-1,-0.021556230553182343
TXN000433702,CUST076659,2022-12-10,13:47,Current,ATM_Withdrawal,500.0,Debit,118380.28,Retail,Maharashtra,417,1,Education,25438.7,Success,POS_Terminal,Verified,0,13,-1,-0.0037188462407377054
TXN000433733,CUST040183,2022-12-10,00:21,Savings,Net_Banking,1349.76,Credit,43571.64,Retail,Gujarat,429,1,Auto,16056.44,Success,Mobile_App,Pending,0,0,-1,-0.007366881378935264
TXN000433806,CUST055684,2022-12-10,18:52,Current,UPI,429.18,Debit,5044.58,E-Commerce,Karnataka,585,1,Unknown,31008.44,Success,Web,Verified,0,18,-1,-0.02461328950882513
TXN000433819,CUST020235,2022-12-10,02:31,Fixed Deposit,RTGS,546364.09,Credit,5259.78,Peer Transfer,Maharashtra,542,0,Unknown,0.0,Success,Mobile_App,Verified,0,2,-1,-0.037272575168612265
TXN000433924,CUST009728,2022-12-11,01:09,Salary,RTGS,343244.91,Credit,2458945.92,Real Estate,Karnataka,333,0,Unknown,0.0,Success,Mobile_App,Verified,0,1,-1,-0.0018845327095050601
TXN000433930,CUST056229,2022-12-11,09:07,Savings,RTGS,852254.25,Credit,40542.96,Salary,Gujarat,423,1,Auto,7967.43,Success,Web,Verified,0,9,-1,-0.031226573187140727
TXN000433976,CUST048280,2022-12-11,05:14,Fixed Deposit,RTGS,1742352.72,Credit,81699.35,Healthcare,Delhi,708,1,Education,5626.16,Success,Branch,Verified,0,5,-1,-0.12148329156248594
TXN000434152,CUST078220,2022-12-11,01:21,Savings,UPI,293.57,Debit,64774.52,Travel,Maharashtra,703,1,Gold,56665.55,Success,POS_Terminal,Verified,0,1,-1,-0.015945250398002098
TXN000434164,CUST001613,2022-12-11,00:03,Current,RTGS,453123.36,Debit,10051.75,Retail,Karnataka,657,1,Personal,6096.49,Success,Web,Verified,0,0,-1,-0.01359787900685272
TXN000434304,CUST009589,2022-12-12,14:05,Salary,UPI,1073.8,Credit,272841.71,Food & Dining,Punjab,886,1,Unknown,17760.35,Failed,Mobile_App,Pending,0,14,-1,-0.019050075309172465
TXN000434310,CUST058928,2022-12-12,23:12,Savings,RTGS,871059.57,Credit,66399.22,Entertainment,Tamil Nadu,389,0,Unknown,0.0,Success,Mobile_App,Verified,0,23,-1,-0.03981425942007577
TXN000434500,CUST058548,2022-12-12,08:52,Current,NEFT,130170.95,Credit,197654.25,Utilities,Tamil Nadu,649,0,Unknown,0.0,Success,Web,Verified,0,8,-1,-9.589753123040445e-06
TXN000434512,CUST049781,2022-12-13,17:18,Salary,Cheque,1876592.46,Debit,5513.58,Government,Delhi,454,1,Personal,2916.86,Success,Mobile_App,Verified,0,17,-1,-0.0558105181184777
TXN000434759,CUST058730,2022-12-13,18:46,Salary,RTGS,966527.32,Credit,9238.87,Utilities,Maharashtra,603,1,Personal,4242.33,Success,Mobile_App,Verified,0,18,-1,-0.03360155084666416
TXN000434929,CUST001518,2022-12-14,07:20,Salary,IMPS,1289.54,Credit,81604.68,Retail,Rajasthan,782,0,Unknown,0.0,Failed,Mobile_App,Verified,0,7,-1,-0.0009869750492365048
TXN000435071,CUST026992,2022-12-15,15:28,Current,UPI,427.98,Credit,49313.77,Utilities,West Bengal,352,1,Gold,37846.66,Success,Branch,Verified,0,15,-1,-0.006449968037625653
TXN000435138,CUST031318,2022-12-15,04:55,NRI,Cheque,309318.97,Credit,17598.29,Peer Transfer,Tamil Nadu,728,1,Home,3432.75,Success,Mobile_App,Pending,0,4,-1,-0.012253423966695265
TXN000435423,CUST076946,2022-12-16,20:44,Current,RTGS,61530.43,Credit,13032.23,E-Commerce,Delhi,576,1,Personal,70518.94,Success,ATM,Pending,0,20,-1,-0.047871514539173265
TXN000435524,CUST005060,2022-12-16,17:46,Current,RTGS,996843.47,Credit,29335.79,Utilities,Tamil Nadu,545,1,Unknown,9194.19,Success,ATM,Verified,0,17,-1,-0.008709735945467534
TXN000435584,CUST002079,2022-12-16,20:08,Fixed Deposit,NEFT,3228126.26,Credit,32326.96,Entertainment,Tamil Nadu,875,0,Unknown,0.0,Success,Mobile_App,Verified,0,20,-1,-0.06936809742282168
TXN000435661,CUST033992,2022-12-17,06:31,Fixed Deposit,Cheque,803085.14,Credit,20046.22,Insurance,Delhi,487,1,Home,1852.71,Success,POS_Terminal,Verified,0,6,-1,-0.042074046527834086
TXN000435842,CUST045561,2022-12-17,02:09,Savings,UPI,304.02,Credit,206101.31,Utilities,Rajasthan,799,0,Unknown,0.0,Success,API,Verified,0,2,-1,-0.0272862020571365
TXN000435850,CUST015448,2022-12-17,10:19,Savings,Auto_Debit,3626.17,Debit,14961.85,Healthcare,Karnataka,831,1,Auto,52783.74,Success,Mobile_App,Verified,0,10,-1,-0.02345375923209836
TXN000435896,CUST061729,2022-12-17,06:30,Current,ATM_Withdrawal,3000.0,Debit,55209.91,Peer Transfer,Karnataka,725,1,Auto,59745.11,Success,POS_Terminal,Expired,0,6,-1,-0.05051096124176424
TXN000436112,CUST044489,2022-12-18,07:10,Salary,RTGS,315105.2,Debit,137602.69,Salary,Delhi,474,0,Unknown,0.0,Success,ATM,Verified,0,7,-1,-0.012014821420390565
TXN000436228,CUST074479,2022-12-19,12:17,Current,NEFT,2602989.2,Debit,218969.09,Peer Transfer,Maharashtra,466,0,Unknown,0.0,Success,Mobile_App,Verified,0,12,-1,-0.0759919760284602
TXN000436239,CUST024439,2022-12-19,04:40,Current,Cheque,1326005.32,Debit,5550.95,Government,Delhi,608,0,Unknown,0.0,Success,Mobile_App,Verified,0,4,-1,-0.04678812761309614
TXN000436475,CUST037963,2022-12-19,10:28,Savings,RTGS,726669.43,Debit,17799.28,Healthcare,Tamil Nadu,699,0,Unknown,0.0,Success,API,Verified,0,10,-1,-0.009468792399944581
TXN000436526,CUST035272,2022-12-20,13:49,Current,IMPS,3699.9,Debit,4169.88,Retail,Maharashtra,789,1,Home,51427.36,Success,Web,Verified,0,13,-1,-0.02726822576815946
TXN000436615,CUST021335,2022-12-20,21:23,Current,UPI,2294.88,Credit,62445.86,Food & Dining,Telangana,505,0,Unknown,0.0,Success,Web,Verified,0,21,-1,-0.0021206727030634864
TXN000436646,CUST024562,2022-12-20,10:07,Fixed Deposit,RTGS,1146569.02,Credit,142123.08,Fuel,West Bengal,827,0,Unknown,0.0,Success,Mobile_App,Verified,0,10,-1,-0.04524776054459301
TXN000436792,CUST048760,2022-12-20,05:40,Savings,RTGS,73175.01,Credit,34879.33,Travel,Telangana,501,1,Education,33829.56,Reversed,API,Expired,0,5,-1,-0.02369493672684786
TXN000437158,CUST045649,2022-12-22,08:44,Savings,Cheque,677370.43,Debit,47107.8,Entertainment,Gujarat,807,1,Education,8194.21,Success,Mobile_App,Verified,0,8,-1,-0.013081795812324049
TXN000437188,CUST065684,2022-12-22,15:40,NRI,ATM_Withdrawal,10000.0,Debit,4458786.37,E-Commerce,Maharashtra,493,1,Home,3261.01,Success,Mobile_App,Verified,0,15,-1,-0.0008807506975618828
TXN000437193,CUST050490,2022-12-22,08:04,Current,UPI,2507.43,Debit,59061.92,Utilities,Karnataka,325,0,Unknown,0.0,Success,POS_Terminal,Verified,0,8,-1,-0.0009693036724290893
TXN000437318,CUST020511,2022-12-22,12:49,Salary,Auto_Debit,1738.35,Debit,22188.4,Salary,Telangana,324,1,Auto,30231.8,Reversed,Branch,Pending,0,12,-1,-0.009996876296618162
TXN000437346,CUST065052,2022-12-22,16:57,Fixed Deposit,Auto_Debit,361.99,Debit,5597.93,Real Estate,Maharashtra,739,0,Unknown,0.0,Success,Web,Verified,0,16,-1,-0.012309356662406845
TXN000437353,CUST045617,2022-12-22,01:51,Salary,RTGS,1692302.25,Debit,11793.44,Government,Delhi,575,0,Unknown,0.0,Success,Mobile_App,Verified,0,1,-1,-0.0805323115676625
TXN000437493,CUST055732,2022-12-23,05:25,Salary,RTGS,1390913.83,Credit,23339.38,Retail,UP,535,0,Unknown,0.0,Success,POS_Terminal,Verified,0,5,-1,-0.09269947061331951
TXN000437514,CUST052765,2022-12-23,03:50,Salary,RTGS,118736.58,Debit,14322.73,Travel,Tamil Nadu,629,0,Unknown,0.0,Success,Branch,Verified,0,3,-1,-0.010953596358272866
TXN000437667,CUST035264,2022-12-23,07:04,Salary,POS,113.77,Debit,3580.1,Investment,Tamil Nadu,864,0,Unknown,0.0,Success,ATM,Verified,0,7,-1,-0.004332274141429782
TXN000437674,CUST015766,2022-12-23,16:46,Current,POS,3763.7,Debit,15152.34,E-Commerce,Maharashtra,406,1,Education,3986.13,Success,ATM,Verified,0,16,-1,-0.005424758886358738
TXN000438225,CUST068188,2022-12-25,08:46,Savings,RTGS,1014709.03,Credit,57061.41,Investment,Rajasthan,431,0,Unknown,0.0,Success,Mobile_App,Verified,0,8,-1,-0.017118707217789075
TXN000438311,CUST023331,2022-12-26,09:24,Current,RTGS,3049647.94,Debit,2843.78,Retail,Delhi,541,0,Unknown,0.0,Success,Mobile_App,Verified,0,9,-1,-0.07284205748125738
TXN000438712,CUST008268,2022-12-27,13:12,Current,RTGS,311382.19,Debit,49276.93,Food & Dining,Gujarat,821,0,Unknown,0.0,Success,POS_Terminal,Verified,0,13,-1,-0.0009741847389747038
TXN000438731,CUST022681,2022-12-27,06:43,Current,RTGS,1545052.71,Credit,6197.57,Retail,UP,486,0,Unknown,0.0,Success,Web,Verified,0,6,-1,-0.030760473076452466
TXN000438819,CUST041467,2022-12-27,04:31,Savings,RTGS,1837137.03,Credit,14278.18,Entertainment,West Bengal,893,1,Education,21069.54,Success,Branch,Verified,1,4,-1,-0.034575356415856295
TXN000438830,CUST024024,2022-12-27,10:49,Savings,RTGS,1618803.76,Debit,20471.94,Education,Telangana,549,0,Unknown,0.0,Success,Mobile_App,Verified,0,10,-1,-0.07501153341687539
TXN000438881,CUST037820,2022-12-27,01:07,Savings,Net_Banking,3094.86,Credit,5393.8,Utilities,Maharashtra,803,0,Unknown,0.0,Success,POS_Terminal,Expired,0,1,-1,-0.015223780062925352
TXN000438969,CUST052946,2022-12-28,03:52,Savings,RTGS,685716.62,Credit,10115.62,Peer Transfer,Maharashtra,370,1,Business,4611.89,Success,Mobile_App,Expired,0,3,-1,-0.005929728626459907
TXN000439051,CUST048946,2022-12-28,05:03,Savings,RTGS,658697.7,Credit,130463.38,Retail,Delhi,582,0,Unknown,0.0,Success,Mobile_App,Verified,1,5,-1,-0.0036939885537069506
TXN000439057,CUST066888,2022-12-28,20:16,Salary,NEFT,14086.78,Credit,68501.09,Investment,Tamil Nadu,829,1,Home,34681.95,Success,API,Verified,0,20,-1,-0.058955547977142975
TXN000439139,CUST028833,2022-12-28,22:29,Savings,NEFT,734424.01,Credit,695249.16,Government,Delhi,662,1,Auto,4619.09,Success,Mobile_App,Verified,0,22,-1,-0.015686474133898787
TXN000439199,CUST059507,2022-12-28,02:03,Fixed Deposit,Net_Banking,1108750.49,Credit,168204.84,Food & Dining,Maharashtra,315,0,Unknown,0.0,Success,Mobile_App,Verified,0,2,-1,-0.025483482805852886
TXN000439232,CUST073897,2022-12-29,12:11,Salary,UPI,303.73,Credit,17024.01,Travel,Gujarat,368,1,Business,43166.56,Success,Mobile_App,Verified,0,12,-1,-0.0001020427549863756
TXN000439525,CUST038906,2022-12-29,09:44,Salary,RTGS,303806.22,Credit,49419.61,E-Commerce,Maharashtra,864,0,Unknown,0.0,Success,ATM,Verified,0,9,-1,-0.0013176356637834008
TXN000439566,CUST069884,2022-12-30,20:20,Current,Cheque,2091241.34,Debit,16855.44,E-Commerce,Gujarat,331,1,Personal,4178.12,Success,API,Verified,0,20,-1,-0.07003192294891192
TXN000439848,CUST033113,2022-12-31,02:40,Current,POS,729.77,Debit,56253.51,Salary,Gujarat,803,0,Unknown,0.0,Success,Mobile_App,Verified,0,2,-1,-0.026061886815397006
TXN000440060,CUST040102,2022-12-31,18:18,Savings,RTGS,264039.41,Debit,19398.07,Utilities,West Bengal,889,1,Personal,72934.06,Success,Mobile_App,Verified,0,18,-1,-0.017224927617632724
TXN000440113,CUST036538,2022-12-31,19:37,Savings,IMPS,7920.31,Debit,165048.64,Education,Rajasthan,470,1,Personal,14593.95,Success,Mobile_App,Verified,0,19,-1,-0.00998628397789414
TXN000440134,CUST061712,2023-01-01,09:11,Salary,RTGS,112747.67,Debit,20199.67,Utilities,Tamil Nadu,739,1,Business,33747.97,Success,Branch,Verified,0,9,-1,-0.00041098664112859673
TXN000440146,CUST059990,2023-01-01,23:58,Fixed Deposit,UPI,2308.59,Credit,56417.48,Food & Dining,Gujarat,872,1,Personal,42061.16,Success,ATM,Verified,1,23,-1,-0.027211023533570855
TXN000440323,CUST049337,2023-01-01,21:44,Salary,UPI,165.49,Credit,65462.04,Healthcare,Rajasthan,406,0,Unknown,0.0,Success,API,Verified,0,21,-1,-0.010388772642090593
TXN000440372,CUST067166,2023-01-01,07:49,Savings,NEFT,32877.33,Credit,100935.95,Government,Gujarat,792,1,Education,5665.82,Success,Web,Verified,0,7,-1,-0.014067961318559585
TXN000440417,CUST023467,2023-01-02,15:38,Savings,RTGS,731968.6,Credit,254772.34,Retail,Maharashtra,739,1,Home,5370.44,Success,Mobile_App,Verified,0,15,-1,-0.02564146253826427
TXN000440534,CUST053330,2023-01-02,20:34,Current,RTGS,699783.34,Credit,8502.45,Retail,Maharashtra,739,1,Education,2414.67,Success,Web,Verified,0,20,-1,-0.007277568401698686
TXN000440549,CUST035153,2023-01-02,18:45,Current,ATM_Withdrawal,1000.0,Debit,17923.57,Travel,Punjab,548,0,Unknown,0.0,Success,Mobile_App,Verified,0,18,-1,-0.005097564664036436
TXN000440658,CUST047292,2023-01-02,16:48,Savings,Net_Banking,5859.97,Debit,4072499.88,Peer Transfer,Delhi,695,1,Auto,2043.27,Success,Branch,Verified,0,16,-1,-0.010263603061219984
TXN000440710,CUST032759,2023-01-02,22:43,Current,Cheque,1353487.03,Debit,27887.78,Utilities,Gujarat,680,0,Unknown,0.0,Success,Mobile_App,Verified,0,22,-1,-0.06522034698228207
TXN000440827,CUST051529,2023-01-03,19:56,Salary,RTGS,94936.22,Credit,10663.28,Salary,Gujarat,645,1,Unknown,16430.99,Success,Web,Expired,0,19,-1,-0.017274437082629768
TXN000440909,CUST069568,2023-01-03,04:19,Current,Cheque,6130014.55,Debit,8097.89,Real Estate,Tamil Nadu,525,1,Unknown,9617.15,Failed,Web,Verified,0,4,-1,-0.10020524798128616
TXN000441012,CUST075029,2023-01-03,09:17,NRI,ATM_Withdrawal,1000.0,Debit,20341.31,Real Estate,Tamil Nadu,610,1,Auto,22786.29,Success,Mobile_App,Verified,0,9,-1,-0.0071866808100179425
TXN000441340,CUST060578,2023-01-05,22:09,Savings,RTGS,1678004.42,Credit,42418.57,Salary,Rajasthan,539,1,Unknown,5289.52,Success,Web,Verified,0,22,-1,-0.04795203926102587
TXN000441445,CUST037587,2023-01-05,09:21,Savings,Cheque,1452010.57,Credit,53087.12,Healthcare,West Bengal,750,0,Unknown,0.0,Success,API,Verified,0,9,-1,-0.0580401103678837
TXN000441576,CUST054509,2023-01-05,11:46,Salary,NEFT,65194.18,Debit,144963.05,Travel,Punjab,549,1,Personal,24360.07,Success,POS_Terminal,Verified,0,11,-1,-0.009830564862745694
TXN000441966,CUST034153,2023-01-07,19:31,Savings,RTGS,1524937.55,Debit,27413.69,Travel,Maharashtra,424,0,Unknown,0.0,Success,POS_Terminal,Verified,0,19,-1,-0.019263134501120827
TXN000442040,CUST024796,2023-01-07,02:38,Savings,RTGS,1242953.04,Credit,29069.93,Entertainment,Rajasthan,619,1,Auto,12734.4,Success,POS_Terminal,Verified,1,2,-1,-0.06074136802202379
TXN000442261,CUST074767,2023-01-08,21:51,Savings,RTGS,1356585.57,Credit,9182.8,Healthcare,Maharashtra,327,1,Auto,2729.12,Success,Web,Expired,1,21,-1,-0.048614104480477205
TXN000442311,CUST076071,2023-01-08,16:57,Current,IMPS,2169.13,Debit,4344541.53,Utilities,Punjab,482,1,Unknown,9648.79,Failed,Mobile_App,Verified,0,16,-1,-0.050013393495449865
TXN000442435,CUST071458,2023-01-08,21:19,Savings,ATM_Withdrawal,5000.0,Debit,6024.03,Salary,Delhi,505,0,Unknown,0.0,Success,Mobile_App,Verified,0,21,-1,-0.00047466704952170424
TXN000442686,CUST016947,2023-01-09,14:38,Savings,UPI,274.13,Debit,14644.18,Utilities,Karnataka,406,0,Unknown,0.0,Success,ATM,Verified,0,14,-1,-0.02500793985203975
TXN000442722,CUST028238,2023-01-09,18:36,Savings,RTGS,345171.01,Debit,11532.95,Real Estate,Delhi,649,1,Auto,4665.93,Reversed,Mobile_App,Verified,0,18,-1,-0.00044490362418836416
TXN000443034,CUST027428,2023-01-10,13:40,Salary,NEFT,15764.58,Credit,61921.57,Healthcare,Karnataka,553,0,Unknown,0.0,Success,POS_Terminal,Pending,0,13,-1,-0.006745763106813629
TXN000443106,CUST071794,2023-01-11,04:32,Savings,NEFT,6160.51,Credit,28822.8,E-Commerce,Gujarat,406,1,Home,21641.66,Success,Web,Verified,0,4,-1,-0.0573422550648085
TXN000443330,CUST050604,2023-01-11,00:09,Savings,Cheque,1419058.15,Debit,372162.14,Travel,Maharashtra,397,1,Education,6179.99,Reversed,Branch,Pending,0,0,-1,-0.0023194745609123046
TXN000443448,CUST005955,2023-01-12,23:21,Salary,Cheque,2833940.18,Credit,25862.16,Healthcare,Karnataka,818,1,Gold,8910.19,Success,Mobile_App,Pending,0,23,-1,-0.06952513949185424
TXN000443505,CUST049453,2023-01-12,11:12,Salary,Auto_Debit,5437.75,Debit,30136.09,Salary,Maharashtra,326,1,Auto,8495.5,Success,Web,Verified,0,11,-1,-0.004836224791727406
TXN000443906,CUST062617,2023-01-13,09:37,Fixed Deposit,RTGS,207193.28,Credit,85184.99,Healthcare,Delhi,392,0,Unknown,0.0,Success,POS_Terminal,Verified,0,9,-1,-0.020873097784896988
TXN000444049,CUST070506,2023-01-14,02:53,Savings,UPI,715.9,Credit,42822.74,Entertainment,West Bengal,406,1,Auto,3922.31,Success,Mobile_App,Pending,0,2,-1,-0.0176429046237071
TXN000444162,CUST048104,2023-01-14,13:25,Savings,UPI,498.43,Debit,5240.01,Retail,Maharashtra,505,0,Unknown,0.0,Failed,POS_Terminal,Verified,0,13,-1,-0.04742801362541005
TXN000444257,CUST048274,2023-01-14,15:16,Savings,RTGS,1671173.97,Debit,2911.84,E-Commerce,Maharashtra,411,0,Unknown,0.0,Pending,ATM,Verified,0,15,-1,-0.06416094279952533
TXN000444306,CUST020859,2023-01-15,12:43,Salary,IMPS,5526.53,Credit,64786.9,E-Commerce,Gujarat,839,1,Home,47058.31,Success,Web,Verified,0,12,-1,-0.07809975251666101
TXN000444321,CUST034473,2023-01-15,21:10,Fixed Deposit,Cheque,2017684.44,Credit,117267.11,Utilities,Gujarat,608,0,Unknown,0.0,Success,Mobile_App,Verified,0,21,-1,-0.0686988237184466
TXN000444433,CUST051905,2023-01-15,14:02,Savings,UPI,615.4,Credit,250607.24,E-Commerce,West Bengal,864,0,Unknown,0.0,Success,POS_Terminal,Verified,0,14,-1,-0.007343935455293771
TXN000444447,CUST006407,2023-01-15,01:02,Fixed Deposit,Cheque,2765586.14,Credit,34254.62,Education,Tamil Nadu,837,1,Personal,13610.24,Pending,Branch,Expired,0,1,-1,-0.07635629702079938
TXN000444594,CUST033695,2023-01-16,08:40,Current,NEFT,4920.47,Debit,4019.57,Utilities,Rajasthan,839,1,Business,62920.5,Success,Mobile_App,Verified,0,8,-1,-0.021791499145152327
TXN000444760,CUST072563,2023-01-16,01:45,Current,Net_Banking,12998.0,Credit,48629.83,Entertainment,Telangana,406,1,Education,18192.6,Success,Mobile_App,Verified,0,1,-1,-0.05455829780285715
TXN000444968,CUST010512,2023-01-17,09:04,Fixed Deposit,Auto_Debit,2991.48,Debit,27984.08,Utilities,Rajasthan,470,0,Unknown,0.0,Success,Branch,Verified,0,9,-1,-0.0065550314117502895
TXN000445343,CUST064124,2023-01-18,02:10,Savings,POS,297.73,Debit,66384.08,Salary,Gujarat,505,0,Unknown,0.0,Reversed,POS_Terminal,Verified,0,2,-1,-0.012391173624436536
TXN000445493,CUST019222,2023-01-19,20:43,Current,POS,147.49,Debit,28090.44,Retail,Maharashtra,782,1,Personal,24270.77,Success,API,Verified,0,20,-1,-0.007861272448356438
TXN000445556,CUST059464,2023-01-19,01:13,Savings,RTGS,199190.14,Credit,43768.66,Utilities,Maharashtra,694,0,Unknown,0.0,Success,Branch,Verified,0,1,-1,-0.0025259103204132716
TXN000445612,CUST052357,2023-01-19,18:08,Current,RTGS,8480487.27,Credit,41937.58,Government,Telangana,347,0,Unknown,0.0,Success,ATM,Expired,0,18,-1,-0.10613514932419366
TXN000445748,CUST041221,2023-01-19,11:50,NRI,IMPS,933.39,Credit,6302.54,Investment,Rajasthan,864,0,Unknown,0.0,Success,Mobile_App,Verified,0,11,-1,-0.018417520290377243
TXN000446455,CUST008904,2023-01-22,02:59,Salary,NEFT,8550.1,Credit,95877.82,Peer Transfer,Maharashtra,649,0,Unknown,0.0,Success,Mobile_App,Verified,0,2,-1,-0.0011279542393668462
TXN000446498,CUST033975,2023-01-22,00:04,Fixed Deposit,Cheque,8599.93,Credit,89962.93,E-Commerce,Rajasthan,654,0,Unknown,0.0,Success,Mobile_App,Verified,0,0,-1,-0.010145084835185614
TXN000446517,CUST047255,2023-01-22,10:15,Salary,RTGS,255246.63,Credit,28712.24,Peer Transfer,Gujarat,380,0,Unknown,0.0,Success,Branch,Verified,0,10,-1,-0.012860175477798164
TXN000446737,CUST072042,2023-01-23,13:02,Salary,RTGS,1049428.34,Credit,1443807.77,Travel,Karnataka,783,1,Education,8560.79,Success,Web,Verified,0,13,-1,-0.056861246143095845
TXN000446810,CUST050413,2023-01-23,15:43,Savings,RTGS,348412.18,Debit,40014.67,Salary,Punjab,699,1,Unknown,6476.92,Success,ATM,Verified,0,15,-1,-0.009418299572040989
TXN000447121,CUST057349,2023-01-24,16:22,Savings,Cheque,1334118.06,Debit,4908.57,Utilities,Punjab,657,0,Unknown,0.0,Pending,API,Verified,0,16,-1,-0.058557904751485146
TXN000447163,CUST078322,2023-01-24,23:29,Savings,RTGS,1645909.7,Debit,76507.56,Entertainment,West Bengal,506,0,Unknown,0.0,Success,Mobile_App,Verified,0,23,-1,-0.060528191614534266
TXN000447197,CUST030706,2023-01-24,02:42,Savings,RTGS,2648391.58,Debit,12290.35,Food & Dining,Delhi,572,1,Home,1855.71,Success,Branch,Verified,0,2,-1,-0.054101806321553036
TXN000447359,CUST033480,2023-01-25,08:46,Salary,NEFT,1470915.5,Credit,17418.63,Investment,UP,569,1,Business,4773.57,Success,ATM,Pending,0,8,-1,-0.018584951572630737
TXN000447555,CUST060753,2023-01-25,14:46,Savings,IMPS,1022.46,Debit,62654.49,Peer Transfer,Maharashtra,406,0,Unknown,0.0,Success,Mobile_App,Verified,0,14,-1,-0.007898731269253445
TXN000447586,CUST001646,2023-01-26,21:23,Current,ATM_Withdrawal,2000.0,Debit,66583.11,Travel,Karnataka,505,0,Unknown,0.0,Success,Mobile_App,Verified,0,21,-1,-0.007373943629331747
TXN000447620,CUST038431,2023-01-26,01:15,Savings,IMPS,1298.35,Credit,834001.75,E-Commerce,Maharashtra,372,0,Unknown,0.0,Success,Mobile_App,Verified,0,1,-1,-0.024777444345538635
TXN000447633,CUST061608,2023-01-26,11:03,Savings,Auto_Debit,5901.51,Debit,5218.84,E-Commerce,Gujarat,470,0,Unknown,0.0,Failed,Mobile_App,Verified,0,11,-1,-0.021361298367953307
TXN000447731,CUST030703,2023-01-26,04:17,NRI,RTGS,440560.11,Debit,203569.33,Travel,Rajasthan,325,0,Unknown,0.0,Success,Mobile_App,Verified,0,4,-1,-0.029014768320251072
TXN000447798,CUST044910,2023-01-26,03:21,Savings,IMPS,880.6,Debit,95648.75,Retail,Gujarat,888,1,Unknown,59581.17,Success,Mobile_App,Verified,0,3,-1,-0.0026717351813717594
TXN000447801,CUST012046,2023-01-26,12:20,Savings,RTGS,2889996.56,Debit,131260.16,Education,Tamil Nadu,514,1,Unknown,8367.22,Success,Mobile_App,Verified,0,12,-1,-0.07294561832754531
TXN000447863,CUST062451,2023-01-26,00:57,Savings,IMPS,13483.45,Credit,325577.54,Peer Transfer,Karnataka,782,0,Unknown,0.0,Success,API,Verified,0,0,-1,-0.011393022236543704
TXN000447885,CUST075655,2023-01-27,16:45,NRI,NEFT,24966.73,Credit,165351.62,Healthcare,Maharashtra,882,1,Home,29039.23,Success,Mobile_App,Verified,0,16,-1,-0.048867688601410775
TXN000447979,CUST074731,2023-01-27,17:07,Current,ATM_Withdrawal,500.0,Debit,11030.86,Insurance,Delhi,708,0,Unknown,0.0,Success,Mobile_App,Verified,0,17,-1,-0.004276486418973269
TXN000448027,CUST066674,2023-01-27,09:50,Fixed Deposit,RTGS,1406002.81,Debit,33158.62,Food & Dining,Delhi,425,0,Unknown,0.0,Reversed,ATM,Verified,0,9,-1,-0.10518199807693007
TXN000448033,CUST073230,2023-01-27,02:10,Fixed Deposit,UPI,2483.47,Debit,203943.84,Government,Karnataka,649,1,Unknown,37107.72,Success,Mobile_App,Verified,0,2,-1,-0.077014492479754
TXN000448095,CUST022917,2023-01-27,04:38,Current,RTGS,963048.69,Debit,24234.82,Fuel,Gujarat,308,1,Business,4915.14,Success,Web,Verified,0,4,-1,-0.016922460749249635
TXN000448125,CUST013841,2023-01-27,04:48,Salary,RTGS,1192300.61,Credit,106526.31,Food & Dining,UP,559,1,Business,5528.81,Success,ATM,Verified,0,4,-1,-0.053395907403795295
TXN000448273,CUST041940,2023-01-28,17:01,NRI,NEFT,16221.18,Debit,15206.15,Food & Dining,Tamil Nadu,615,1,Education,54569.06,Success,API,Verified,0,17,-1,-0.04206599162993052
TXN000448334,CUST041059,2023-01-28,14:55,Salary,RTGS,190570.86,Credit,31667.83,Retail,Delhi,394,1,Business,63785.56,Reversed,ATM,Expired,0,14,-1,-0.03604354715556879
TXN000448502,CUST058454,2023-01-28,23:04,Current,Cheque,4171695.94,Debit,29868.7,Retail,Gujarat,757,1,Home,8762.75,Success,Web,Pending,0,23,-1,-0.07373160622019215
TXN000448531,CUST006191,2023-01-29,06:01,Savings,Net_Banking,968.87,Debit,18113.92,Education,Rajasthan,880,1,Auto,49248.68,Success,Web,Verified,0,6,-1,-0.06086026502476494
TXN000448704,CUST052418,2023-01-29,00:42,Fixed Deposit,Net_Banking,8866.74,Debit,1331469.76,Education,Delhi,616,0,Unknown,0.0,Success,Mobile_App,Verified,0,0,-1,-0.010389928200887688
TXN000448917,CUST004257,2023-01-30,07:17,Savings,ATM_Withdrawal,1000.0,Debit,11591.65,Utilities,Delhi,792,0,Unknown,0.0,Success,Web,Verified,0,7,-1,-0.008177229324438429
TXN000448954,CUST065731,2023-01-30,16:00,Current,RTGS,531085.16,Credit,36411.31,Investment,Tamil Nadu,753,1,Home,5250.58,Success,Mobile_App,Verified,0,16,-1,-0.04439920120731067
TXN000448995,CUST022898,2023-01-30,08:29,Current,RTGS,380503.77,Credit,21514.53,E-Commerce,Karnataka,599,1,Business,10013.08,Success,POS_Terminal,Verified,0,8,-1,-0.00035102974514056307
TXN000449068,CUST064801,2023-01-30,01:32,Savings,RTGS,121833.28,Credit,36262.59,Healthcare,Tamil Nadu,676,0,Unknown,0.0,Success,Web,Verified,0,1,-1,-0.0509807227385608
TXN000449104,CUST019559,2023-01-30,10:55,Savings,POS,843.83,Debit,157535.06,Travel,Rajasthan,406,0,Unknown,0.0,Success,Mobile_App,Verified,0,10,-1,-0.021525768223810915
TXN000449141,CUST014747,2023-01-31,03:46,Current,UPI,613.25,Debit,6020.03,Travel,Maharashtra,505,0,Unknown,0.0,Success,Mobile_App,Verified,1,3,-1,-0.004519191955292934
TXN000449146,CUST008452,2023-01-31,13:02,Fixed Deposit,RTGS,2658370.61,Credit,50546.99,Real Estate,UP,676,0,Unknown,0.0,Success,Mobile_App,Verified,0,13,-1,-0.12158719264535167
TXN000449153,CUST000006,2023-01-31,20:13,Salary,Net_Banking,1190.77,Debit,53033.16,Entertainment,Punjab,425,1,Business,12370.11,Success,Web,Verified,0,20,-1,-0.009006392654414053
TXN000449236,CUST066517,2023-01-31,08:40,Salary,IMPS,3338.74,Debit,8760.7,Travel,Tamil Nadu,488,1,Business,18539.45,Failed,ATM,Expired,0,8,-1,-0.011171764818552865
TXN000449344,CUST057487,2023-01-31,02:37,Current,RTGS,1491545.61,Credit,19432.93,Education,Tamil Nadu,887,0,Unknown,0.0,Success,Web,Expired,0,2,-1,-0.07027013574433805
TXN000449373,CUST067402,2023-01-31,17:08,Current,RTGS,157964.47,Debit,1773.47,Travel,Maharashtra,628,0,Unknown,0.0,Success,Web,Verified,0,17,-1,-0.0032099954722403234
TXN000449420,CUST033231,2023-01-31,23:59,Salary,RTGS,2882878.8,Debit,29336.17,Investment,Tamil Nadu,877,0,Unknown,0.0,Success,Web,Verified,0,23,-1,-0.0774681181641712
TXN000449493,CUST005656,2023-02-01,07:30,Current,IMPS,5104.07,Debit,23231.96,E-Commerce,Karnataka,421,1,Business,46509.61,Success,Branch,Verified,0,7,-1,-0.008923492465072402
TXN000449504,CUST038383,2023-02-01,22:48,Salary,RTGS,824395.94,Credit,43692.98,Education,Karnataka,853,0,Unknown,0.0,Success,Mobile_App,Verified,0,22,-1,-0.021162000428656014
TXN000449513,CUST010254,2023-02-01,02:33,Salary,NEFT,31304.0,Credit,489852.51,Salary,Gujarat,505,0,Unknown,0.0,Pending,Mobile_App,Verified,0,2,-1,-0.007148610318985726
TXN000449549,CUST060397,2023-02-01,06:20,Savings,RTGS,1969667.95,Credit,18554.58,E-Commerce,Maharashtra,409,0,Unknown,0.0,Success,Web,Verified,0,6,-1,-0.04178981454994268
TXN000449571,CUST040578,2023-02-01,05:49,Savings,Cheque,4847.37,Credit,1352.49,Investment,Maharashtra,505,0,Unknown,0.0,Success,Mobile_App,Pending,0,5,-1,-0.006337315053778436
TXN000449662,CUST007375,2023-02-01,03:12,Salary,Cheque,1311747.67,Debit,6642.46,E-Commerce,Tamil Nadu,656,0,Unknown,0.0,Success,POS_Terminal,Verified,0,3,-1,-0.04936212697533915
TXN000449665,CUST049785,2023-02-01,12:25,Fixed Deposit,Net_Banking,15783.71,Credit,270028.41,Food & Dining,Delhi,616,1,Home,62795.13,Success,Mobile_App,Verified,0,12,-1,-0.11479360134963956
TXN000449671,CUST023366,2023-02-01,04:31,Salary,Cheque,3814945.66,Debit,68517.88,Retail,West Bengal,729,1,Business,3912.47,Success,Web,Verified,0,4,-1,-0.06964701021246811
TXN000449679,CUST036551,2023-02-01,00:56,Savings,RTGS,1374732.95,Debit,3040.87,Retail,Maharashtra,439,0,Unknown,0.0,Success,POS_Terminal,Verified,0,0,-1,-0.03231990278362418
TXN000449763,CUST021458,2023-02-01,00:30,Salary,UPI,597.8,Debit,4917451.13,Education,Rajasthan,728,0,Unknown,0.0,Success,Mobile_App,Verified,0,0,-1,-0.026618489789310473
TXN000449864,CUST070415,2023-02-02,10:50,Savings,Cheque,536017.99,Credit,24502.19,Salary,Delhi,657,0,Unknown,0.0,Success,POS_Terminal,Verified,0,10,-1,-0.016505954731940387
TXN000449928,CUST025175,2023-02-02,07:07,Salary,NEFT,34844.65,Credit,14827.08,Healthcare,Karnataka,505,0,Unknown,0.0,Success,Mobile_App,Verified,0,7,-1,-0.001273367132598846
TXN000449991,CUST005316,2023-02-02,18:34,Salary,RTGS,362078.22,Debit,59618.33,Peer Transfer,Delhi,380,0,Unknown,0.0,Success,Mobile_App,Verified,0,18,-1,-0.013465367032608588
TXN000450061,CUST025276,2023-02-02,23:42,Savings,Auto_Debit,1432.64,Debit,260139.82,Travel,Karnataka,406,0,Unknown,0.0,Pending,Web,Verified,0,23,-1,-0.003846298164680406
TXN000450191,CUST066733,2023-02-03,17:35,Salary,RTGS,1063814.41,Debit,49091.13,Salary,Rajasthan,815,0,Unknown,0.0,Success,API,Verified,0,17,-1,-0.036567860647378825
TXN000450204,CUST075422,2023-02-03,19:08,NRI,RTGS,2116185.77,Credit,19535.22,E-Commerce,Karnataka,512,0,Unknown,0.0,Success,Mobile_App,Pending,0,19,-1,-0.047376661139099996
TXN000450271,CUST078623,2023-02-03,18:21,Current,RTGS,877939.84,Credit,19670.52,Food & Dining,Rajasthan,327,0,Unknown,0.0,Failed,Mobile_App,Verified,0,18,-1,-0.035140496478533234
TXN000450515,CUST064601,2023-02-04,17:10,Fixed Deposit,UPI,1952.67,Debit,21882.59,E-Commerce,West Bengal,827,1,Personal,42934.36,Success,Web,Verified,0,17,-1,-0.018986494605287896
TXN000450549,CUST013751,2023-02-04,06:42,Savings,IMPS,8085.85,Debit,83656.22,Real Estate,Telangana,332,1,Unknown,14203.85,Success,Web,Verified,0,6,-1,-0.009988839328569088
TXN000450575,CUST044451,2023-02-04,22:56,Savings,RTGS,336912.85,Credit,7236.78,Travel,Telangana,829,0,Unknown,0.0,Success,Web,Verified,0,22,-1,-0.027395472707409496
TXN000450743,CUST077260,2023-02-05,02:53,Savings,RTGS,1217741.47,Credit,3456.6,Food & Dining,Karnataka,654,1,Personal,6601.07,Success,ATM,Verified,0,2,-1,-0.05687852758638623
TXN000450799,CUST027205,2023-02-05,10:34,Savings,POS,724.76,Debit,79986.76,Healthcare,Punjab,877,1,Auto,38053.71,Success,Mobile_App,Expired,0,10,-1,-0.05477717038441354
TXN000450814,CUST039679,2023-02-05,19:26,Current,ATM_Withdrawal,1000.0,Debit,66070.65,Travel,West Bengal,573,1,Home,54597.99,Success,Branch,Verified,0,19,-1,-0.03446120693141497
TXN000450949,CUST066926,2023-02-05,11:06,Savings,UPI,358.81,Credit,16356.77,Utilities,Maharashtra,864,0,Unknown,0.0,Success,POS_Terminal,Verified,0,11,-1,-0.016116717362527733
TXN000450970,CUST048764,2023-02-06,10:40,Savings,IMPS,143.49,Credit,38244.68,Food & Dining,Delhi,796,1,Auto,39817.62,Success,API,Verified,0,10,-1,-0.017920876266131036
TXN000450986,CUST005917,2023-02-06,01:54,Fixed Deposit,Cheque,1099468.13,Credit,72281.84,Salary,Karnataka,597,0,Unknown,0.0,Success,Web,Verified,0,1,-1,-0.04355767701844393
TXN000451079,CUST007535,2023-02-06,15:10,Savings,POS,2758.47,Debit,14580.19,Education,Tamil Nadu,406,1,Unknown,3533.2,Success,Mobile_App,Pending,0,15,-1,-0.001376279120927082
TXN000451154,CUST063207,2023-02-06,07:37,Savings,RTGS,4587763.84,Debit,74162.09,Retail,Maharashtra,501,0,Unknown,0.0,Success,Web,Verified,0,7,-1,-0.12886363214091034
TXN000451344,CUST041402,2023-02-07,08:05,Savings,UPI,2135.58,Debit,100844.02,Entertainment,Tamil Nadu,649,1,Home,1969.11,Success,Web,Verified,0,8,-1,-0.0012789360376906922
TXN000451559,CUST072358,2023-02-08,16:52,Fixed Deposit,Net_Banking,5933.67,Credit,190695.66,Education,Gujarat,488,1,Home,2044.46,Success,Mobile_App,Verified,0,16,-1,-0.028482828518364034
TXN000451748,CUST039025,2023-02-08,01:43,Savings,UPI,506.56,Debit,53000.55,Insurance,Karnataka,501,1,Gold,11829.11,Pending,ATM,Verified,0,1,-1,-0.005352281119051505
TXN000451848,CUST069749,2023-02-09,06:44,Current,RTGS,2985611.69,Credit,28604.31,Investment,Karnataka,477,0,Unknown,0.0,Success,Branch,Verified,0,6,-1,-0.06775268661364908
TXN000452149,CUST033521,2023-02-10,13:49,Savings,RTGS,302458.28,Credit,25459.0,Food & Dining,Karnataka,839,1,Business,7079.38,Failed,Web,Pending,0,13,-1,-0.003441679904808148
TXN000452455,CUST020488,2023-02-11,14:50,Current,Cheque,1289435.55,Credit,120901.51,Insurance,Maharashtra,778,1,Gold,14327.14,Success,Mobile_App,Verified,0,14,-1,-0.01059024570380096
TXN000452540,CUST008601,2023-02-11,13:28,Savings,RTGS,1274025.35,Credit,17858.84,E-Commerce,Tamil Nadu,863,1,Education,11354.39,Success,Web,Expired,0,13,-1,-0.0018441303526557373
TXN000453030,CUST033211,2023-02-13,15:16,NRI,RTGS,1482458.83,Credit,62415.38,E-Commerce,Punjab,873,1,Personal,3213.04,Success,Web,Verified,0,15,-1,-0.03030328910516278
TXN000453037,CUST028776,2023-02-13,22:11,Savings,POS,4861.05,Debit,21700.17,Salary,Tamil Nadu,698,1,Home,38605.96,Success,API,Verified,0,22,-1,-0.005017217890421755
TXN000453276,CUST041191,2023-02-13,02:48,Savings,IMPS,1341.88,Debit,9154.66,Salary,Tamil Nadu,799,1,Personal,18314.42,Success,Mobile_App,Verified,0,2,-1,-0.02737838868100595
TXN000453327,CUST002619,2023-02-14,15:34,Savings,UPI,486.11,Credit,11942.77,Travel,Delhi,616,0,Unknown,0.0,Success,Branch,Verified,0,15,-1,-0.00694368276837265
TXN000453614,CUST007897,2023-02-15,23:37,Salary,IMPS,27050.93,Credit,3656.04,Travel,Maharashtra,782,0,Unknown,0.0,Success,Mobile_App,Verified,0,23,-1,-0.0003697183337925125
TXN000453633,CUST068276,2023-02-15,19:17,Savings,RTGS,1236153.98,Credit,20514.15,Retail,Maharashtra,513,0,Unknown,0.0,Success,Mobile_App,Verified,0,19,-1,-0.006505429746003988
TXN000453815,CUST068722,2023-02-15,06:50,Savings,Cheque,17666.95,Debit,86482.67,Utilities,Delhi,470,1,Auto,29087.5,Success,ATM,Verified,0,6,-1,-0.019237270848031174
TXN000453859,CUST054177,2023-02-15,04:36,Fixed Deposit,RTGS,678722.07,Debit,362288.07,Travel,Karnataka,368,1,Gold,7249.51,Success,Web,Pending,0,4,-1,-0.003503406662412445
TXN000453923,CUST015294,2023-02-15,10:26,Salary,IMPS,10662.8,Credit,32382.86,Retail,UP,782,1,Business,16149.8,Success,Mobile_App,Expired,0,10,-1,-0.04255743512397214
TXN000453963,CUST053881,2023-02-16,11:54,Savings,UPI,2098.24,Credit,16677.35,Education,Maharashtra,864,0,Unknown,0.0,Failed,API,Verified,0,11,-1,-0.005051886741402889
TXN000454095,CUST000041,2023-02-16,07:02,Savings,RTGS,31141.51,Credit,15752.19,Peer Transfer,West Bengal,357,0,Unknown,0.0,Success,API,Verified,0,7,-1,-0.02330225164145583
TXN000454232,CUST067458,2023-02-16,02:50,Current,UPI,410.95,Credit,179799.85,Food & Dining,West Bengal,803,0,Unknown,0.0,Success,POS_Terminal,Verified,0,2,-1,-0.019756965446183328
TXN000454443,CUST077324,2023-02-17,17:17,Salary,RTGS,1284264.98,Credit,7138.09,Food & Dining,Karnataka,599,1,Unknown,2870.82,Success,API,Verified,0,17,-1,-0.04097257370389229
TXN000454444,CUST017752,2023-02-17,16:00,Salary,UPI,864.35,Credit,20874.81,Travel,West Bengal,616,1,Unknown,33119.96,Success,Mobile_App,Verified,0,16,-1,-0.060978787976587734
TXN000454541,CUST061693,2023-02-17,03:10,NRI,UPI,408.8,Debit,8151.1,Investment,Karnataka,575,1,Personal,26317.15,Success,Web,Verified,0,3,-1,-0.02163027168400411
TXN000454682,CUST013219,2023-02-18,01:57,Savings,RTGS,1337978.27,Debit,43048.99,Salary,Telangana,610,0,Unknown,0.0,Success,Mobile_App,Verified,0,1,-1,-0.06694596274807296
TXN000454707,CUST063954,2023-02-18,18:37,Savings,NEFT,27866.13,Debit,137300.04,Insurance,Tamil Nadu,725,1,Auto,27484.09,Success,ATM,Verified,0,18,-1,-0.010978584406632796
TXN000454786,CUST030928,2023-02-18,11:51,Savings,RTGS,1022318.35,Debit,87204.67,Retail,Tamil Nadu,346,0,Unknown,0.0,Success,Branch,Verified,0,11,-1,-0.002264142138346026
TXN000454823,CUST031958,2023-02-18,01:46,Salary,UPI,417.78,Debit,52326.4,Retail,Maharashtra,406,0,Unknown,0.0,Success,Mobile_App,Verified,0,1,-1,-0.00884761643845322
TXN000454865,CUST005361,2023-02-19,16:38,Current,IMPS,16355.61,Credit,30894.12,Peer Transfer,Delhi,326,1,Education,23744.54,Success,Web,Pending,0,16,-1,-0.013423145878279086
TXN000455110,CUST000109,2023-02-19,19:47,Savings,NEFT,4550.52,Debit,36180.53,Real Estate,UP,730,1,Auto,36976.78,Success,Mobile_App,Verified,0,19,-1,-0.01076670871461649
TXN000455421,CUST013785,2023-02-20,10:04,Current,RTGS,878205.3,Debit,80885.97,Fuel,Gujarat,542,0,Unknown,0.0,Success,Mobile_App,Verified,0,10,-1,-0.01310663994960326
TXN000455555,CUST078704,2023-02-21,10:55,Savings,RTGS,170598.4,Debit,19091.92,Salary,Gujarat,640,0,Unknown,0.0,Success,Mobile_App,Verified,0,10,-1,-0.01797293403758138
TXN000455917,CUST028609,2023-02-22,18:52,Salary,Credit_Card,1798.64,Debit,46386.0,Education,Karnataka,501,1,Personal,13807.41,Success,Mobile_App,Verified,0,18,-1,-0.013896160024097326
TXN000455956,CUST076724,2023-02-22,11:38,Savings,RTGS,479492.22,Credit,22207.68,E-Commerce,Maharashtra,505,0,Unknown,0.0,Success,Branch,Verified,0,11,-1,-0.02386314740789275
TXN000456101,CUST008758,2023-02-23,00:31,Salary,RTGS,262641.81,Credit,80021.31,Retail,Karnataka,358,1,Personal,7972.12,Success,Web,Pending,0,0,-1,-0.006053605537710394
TXN000456143,CUST038283,2023-02-23,13:05,Current,RTGS,464922.07,Credit,79229.04,Entertainment,Karnataka,753,0,Unknown,0.0,Success,Mobile_App,Verified,0,13,-1,-0.013837876447580943
TXN000456251,CUST014624,2023-02-23,18:08,Current,RTGS,1010894.44,Credit,214578.13,Retail,Gujarat,884,0,Unknown,0.0,Success,Web,Verified,0,18,-1,-0.041456709553954196
TXN000456278,CUST069963,2023-02-23,02:19,Current,POS,10005.69,Debit,67540.55,Peer Transfer,Delhi,584,1,Unknown,18118.23,Success,Web,Verified,0,2,-1,-0.019655936496047466
TXN000456287,CUST001010,2023-02-23,04:38,Current,RTGS,1251761.82,Debit,1022.62,Food & Dining,Maharashtra,741,0,Unknown,0.0,Success,Web,Verified,0,4,-1,-0.039923927150674055
TXN000456342,CUST007294,2023-02-24,14:57,Savings,IMPS,17333.45,Debit,15297.77,Salary,Rajasthan,853,1,Personal,18309.38,Success,ATM,Verified,0,14,-1,-0.019281342303963167
TXN000456492,CUST030509,2023-02-24,02:09,Savings,ATM_Withdrawal,3000.0,Debit,41922.06,Education,Maharashtra,326,1,Unknown,52306.86,Success,API,Verified,0,2,-1,-0.017021290219930263
TXN000456529,CUST050202,2023-02-24,01:03,Current,RTGS,326673.34,Credit,22848.65,Entertainment,Gujarat,755,1,Personal,1186.33,Reversed,Web,Verified,0,1,-1,-0.015771452654831597
TXN000456558,CUST025577,2023-02-24,12:20,Savings,Auto_Debit,15393.59,Debit,60070.21,Retail,Delhi,434,1,Unknown,41925.63,Success,Branch,Verified,0,12,-1,-0.026198337776892067
TXN000456599,CUST078104,2023-02-24,13:52,Savings,IMPS,4736.45,Credit,536475.52,Investment,Maharashtra,853,1,Auto,5588.75,Success,Mobile_App,Verified,0,13,-1,-0.0006447607930213373
TXN000456705,CUST059533,2023-02-25,19:41,Current,UPI,5883.46,Debit,78435.81,Salary,Karnataka,309,1,Business,56496.45,Success,Web,Verified,0,19,-1,-0.034285508505382256
TXN000456847,CUST018627,2023-02-25,01:57,Savings,RTGS,387461.56,Debit,3107.76,Healthcare,Telangana,380,0,Unknown,0.0,Success,Web,Verified,0,1,-1,-0.003267524796398691
TXN000456869,CUST018896,2023-02-25,05:42,Current,RTGS,1081194.85,Credit,416851.93,Education,Tamil Nadu,337,0,Unknown,0.0,Success,Mobile_App,Expired,0,5,-1,-0.020671951013472856
TXN000457008,CUST022629,2023-02-26,20:16,Savings,RTGS,1018555.69,Debit,5731.51,Food & Dining,West Bengal,396,1,Personal,3465.56,Success,POS_Terminal,Verified,0,20,-1,-0.01053400417080419
TXN000457040,CUST076849,2023-02-26,09:36,Current,RTGS,675335.61,Credit,31383.34,E-Commerce,Delhi,585,0,Unknown,0.0,Success,Branch,Verified,0,9,-1,-0.09403983195145871
TXN000457094,CUST012343,2023-02-26,17:59,Salary,RTGS,552137.32,Credit,18927.38,Insurance,West Bengal,312,0,Unknown,0.0,Success,Branch,Verified,0,17,-1,-0.0032146060614516303
TXN000457111,CUST061778,2023-02-26,02:09,Salary,RTGS,1722819.7,Credit,15547.29,Utilities,Punjab,438,0,Unknown,0.0,Success,POS_Terminal,Verified,0,2,-1,-0.05071714823566975
TXN000457258,CUST075460,2023-02-27,23:50,Current,RTGS,1418686.85,Credit,16059.73,Healthcare,Telangana,809,1,Personal,3158.3,Success,Mobile_App,Verified,0,23,-1,-0.02042170286749767
TXN000457444,CUST051543,2023-02-27,06:36,Savings,Net_Banking,10372.07,Credit,137261.13,E-Commerce,Delhi,763,0,Unknown,0.0,Success,Mobile_App,Verified,0,6,-1,-0.0061630660526375
TXN000457554,CUST040691,2023-02-28,08:34,Current,Credit_Card,204.89,Debit,48428.04,E-Commerce,Delhi,649,0,Unknown,0.0,Success,API,Verified,0,8,-1,-0.002191285052521086
TXN000457626,CUST066193,2023-02-28,11:37,Salary,RTGS,955959.98,Credit,41508.01,Retail,Telangana,653,0,Unknown,0.0,Failed,Mobile_App,Verified,0,11,-1,-0.029349895781525914
TXN000457675,CUST050577,2023-02-28,16:47,Current,Cheque,2006139.82,Debit,55194.73,Peer Transfer,Karnataka,547,0,Unknown,0.0,Success,Web,Verified,0,16,-1,-0.024142625719510535
TXN000457699,CUST007381,2023-02-28,17:03,Savings,RTGS,1942471.44,Credit,49893.47,E-Commerce,Telangana,754,0,Unknown,0.0,Success,Web,Verified,0,17,-1,-0.08469416417910225
TXN000458272,CUST004338,2023-03-02,03:59,NRI,Cheque,45019.31,Debit,65940.97,Travel,Delhi,368,1,Home,15526.24,Success,Web,Verified,0,3,-1,-0.01496364081224455
TXN000458502,CUST072865,2023-03-03,22:40,Salary,NEFT,13896.26,Credit,1090062.34,Salary,Delhi,429,1,Auto,12867.93,Success,Mobile_App,Verified,0,22,-1,-0.00018131772485907582
TXN000458645,CUST062657,2023-03-03,10:24,Salary,ATM_Withdrawal,2000.0,Debit,41051.73,Insurance,West Bengal,622,1,Home,21462.32,Success,Mobile_App,Verified,0,10,-1,-0.005118170427959701
TXN000458740,CUST004334,2023-03-04,14:43,Salary,Auto_Debit,980.04,Debit,54962.09,Food & Dining,UP,793,0,Unknown,0.0,Success,Mobile_App,Verified,0,14,-1,-0.010174182153946942
TXN000458789,CUST046591,2023-03-04,08:44,Current,ATM_Withdrawal,3000.0,Debit,63411.05,Food & Dining,Karnataka,423,1,Business,22362.97,Success,Web,Verified,0,8,-1,-0.019191394494079694
TXN000458880,CUST047729,2023-03-04,19:59,Current,IMPS,16888.97,Credit,68949.93,Utilities,Rajasthan,864,0,Unknown,0.0,Success,POS_Terminal,Verified,0,19,-1,-0.017391269849510005
TXN000458953,CUST077006,2023-03-04,01:14,Salary,RTGS,55821.1,Credit,40686.32,E-Commerce,Maharashtra,676,0,Unknown,0.0,Success,Mobile_App,Verified,0,1,-1,-0.030243123767991875
TXN000459002,CUST025749,2023-03-05,13:49,Current,RTGS,43514.14,Debit,2131.18,Real Estate,Telangana,328,0,Unknown,0.0,Success,API,Verified,0,13,-1,-0.006409661384394139
TXN000459085,CUST032532,2023-03-05,15:30,NRI,UPI,1770.71,Debit,129971.46,Utilities,Karnataka,406,1,Home,5209.32,Success,Branch,Verified,0,15,-1,-0.01630133557680047
TXN000459154,CUST019674,2023-03-05,11:35,Savings,RTGS,509158.6,Credit,11614.37,Retail,Rajasthan,613,0,Unknown,0.0,Success,Mobile_App,Verified,0,11,-1,-0.0017803108409704116
TXN000459277,CUST017324,2023-03-06,12:59,Fixed Deposit,NEFT,1506761.27,Credit,164364.45,Entertainment,Delhi,825,1,Personal,5583.9,Success,Mobile_App,Verified,1,12,-1,-0.009827611772251887
TXN000459389,CUST074363,2023-03-06,13:41,Fixed Deposit,RTGS,2252809.83,Credit,105400.07,Travel,Maharashtra,658,1,Personal,7314.1,Success,Web,Verified,0,13,-1,-0.08486879744820564
TXN000459454,CUST040217,2023-03-06,09:21,Savings,RTGS,633325.37,Debit,35267.06,Salary,Rajasthan,407,0,Unknown,0.0,Success,ATM,Verified,0,9,-1,-0.013747148657538344
TXN000459827,CUST024350,2023-03-07,13:27,Savings,NEFT,179336.47,Credit,5955.91,Food & Dining,Telangana,523,1,Unknown,86005.36,Success,Mobile_App,Verified,0,13,-1,-0.02502272969157615
TXN000459906,CUST045854,2023-03-08,01:28,Current,Net_Banking,12465.63,Credit,27236.87,Retail,Tamil Nadu,501,0,Unknown,0.0,Success,API,Verified,0,1,-1,-0.02798096520359772
TXN000460005,CUST023009,2023-03-08,05:14,Salary,RTGS,636171.45,Debit,142284.15,Investment,UP,802,0,Unknown,0.0,Success,Web,Verified,0,5,-1,-0.008141079442288368
TXN000460282,CUST054785,2023-03-09,13:48,Current,Net_Banking,119356.19,Debit,152364.44,Retail,Maharashtra,680,1,Personal,52857.63,Success,Web,Verified,0,13,-1,-0.03436232735450928
TXN000460310,CUST057173,2023-03-09,08:50,Savings,RTGS,388554.92,Credit,3559.68,Retail,Tamil Nadu,829,0,Unknown,0.0,Success,Web,Verified,0,8,-1,-0.017323652952139112
TXN000460322,CUST066180,2023-03-09,10:36,Savings,POS,354.13,Debit,12666.45,Retail,Punjab,501,0,Unknown,0.0,Success,Mobile_App,Verified,0,10,-1,-0.014429129873499202
TXN000460376,CUST025058,2023-03-09,22:18,Current,NEFT,403840.09,Debit,4534.32,Fuel,Gujarat,518,1,Personal,8265.57,Success,Web,Verified,0,22,-1,-0.009057345241105352
TXN000460538,CUST027317,2023-03-10,15:51,Salary,IMPS,69.89,Credit,8188.12,Travel,Rajasthan,498,1,Gold,44552.7,Success,Web,Verified,0,15,-1,-0.026313071364221674
TXN000460613,CUST055876,2023-03-10,05:06,Savings,UPI,479.14,Credit,72028.25,Food & Dining,Tamil Nadu,501,0,Unknown,0.0,Success,API,Verified,0,5,-1,-3.914430139140279e-05
TXN000460770,CUST050728,2023-03-10,06:06,Fixed Deposit,RTGS,682958.22,Credit,20234.86,Healthcare,UP,423,0,Unknown,0.0,Success,Web,Verified,0,6,-1,-0.03374047671727809
TXN000460843,CUST040727,2023-03-11,20:11,Savings,RTGS,1135101.36,Debit,103846.96,Healthcare,Maharashtra,823,1,Unknown,4260.35,Success,Mobile_App,Verified,0,20,-1,-0.026818124044591052
TXN000460915,CUST019212,2023-03-11,10:04,Savings,RTGS,1072684.11,Credit,91941.89,Government,Telangana,423,1,Personal,5297.88,Success,Mobile_App,Verified,0,10,-1,-0.057251401444752936
TXN000461024,CUST047383,2023-03-11,02:12,Current,UPI,1390.76,Credit,146176.6,Retail,Maharashtra,777,0,Unknown,0.0,Failed,Mobile_App,Verified,0,2,-1,-0.0008173875297834421
TXN000461101,CUST020007,2023-03-12,18:45,Current,NEFT,739.71,Debit,4534.88,Travel,Maharashtra,411,1,Auto,59537.85,Success,Web,Verified,0,18,-1,-0.02299807127915443
TXN000461103,CUST029634,2023-03-12,13:31,Savings,Cheque,1695991.27,Debit,84664.57,Healthcare,Maharashtra,862,0,Unknown,0.0,Success,Web,Verified,0,13,-1,-0.05749306018674438
TXN000461325,CUST053486,2023-03-12,21:12,Savings,RTGS,1419390.17,Debit,330514.01,Peer Transfer,Tamil Nadu,665,0,Unknown,0.0,Success,Web,Verified,0,21,-1,-0.02604332345642635
TXN000461363,CUST031005,2023-03-12,11:19,Current,ATM_Withdrawal,1000.0,Debit,25527.76,Retail,Rajasthan,864,0,Unknown,0.0,Success,Branch,Pending,0,11,-1,-0.006584314905541899
TXN000461393,CUST035041,2023-03-13,15:52,Savings,Cheque,2135053.61,Debit,150053.18,Insurance,Gujarat,767,1,Business,1371.75,Success,ATM,Verified,0,15,-1,-0.04894521852486311
TXN000461555,CUST046402,2023-03-13,09:02,Salary,POS,1405.09,Debit,161434.29,Utilities,Maharashtra,782,1,Home,5950.38,Success,Mobile_App,Verified,0,9,-1,-0.003911106171867629
TXN000461772,CUST063808,2023-03-14,03:00,Savings,RTGS,1113884.72,Credit,6406.32,Real Estate,Karnataka,684,0,Unknown,0.0,Success,Mobile_App,Verified,0,3,-1,-0.016075853131202966
TXN000461789,CUST056756,2023-03-14,03:25,NRI,UPI,397.18,Debit,66843.32,Fuel,West Bengal,793,1,Home,12528.14,Success,POS_Terminal,Verified,0,3,-1,-0.0012158921068291528
TXN000462034,CUST000984,2023-03-15,01:41,Current,Net_Banking,1288565.38,Credit,156470.21,Real Estate,UP,715,1,Education,3785.33,Success,Branch,Verified,0,1,-1,-0.032462629865452786
TXN000462202,CUST012452,2023-03-15,14:25,NRI,IMPS,10471.12,Debit,312831.56,Travel,Maharashtra,793,0,Unknown,0.0,Success,Web,Pending,0,14,-1,-0.006598192632859323
TXN000462312,CUST003144,2023-03-16,18:55,Savings,UPI,332.42,Credit,4703.63,Peer Transfer,Delhi,501,1,Home,1392.46,Success,Mobile_App,Verified,0,18,-1,-0.01650742415450146
TXN000462414,CUST006250,2023-03-16,21:03,Savings,RTGS,1160429.32,Credit,25780.86,Investment,Karnataka,758,0,Unknown,0.0,Success,Web,Verified,0,21,-1,-0.00045141851378538433
TXN000462442,CUST033753,2023-03-16,19:35,Savings,RTGS,1290549.0,Credit,2464.43,Food & Dining,Gujarat,770,0,Unknown,0.0,Success,Web,Verified,0,19,-1,-0.0037469384280097717
TXN000462447,CUST034371,2023-03-16,23:13,Fixed Deposit,RTGS,930578.42,Debit,11869.4,Insurance,Gujarat,754,0,Unknown,0.0,Success,Mobile_App,Verified,0,23,-1,-0.009806470084761876
TXN000462495,CUST014282,2023-03-16,11:41,Salary,RTGS,895498.28,Credit,303451.42,Food & Dining,Maharashtra,698,0,Unknown,0.0,Success,API,Verified,0,11,-1,-0.019611638514416385
TXN000462564,CUST028998,2023-03-16,21:34,Salary,UPI,1364.78,Credit,107098.63,E-Commerce,Delhi,750,1,Home,20373.15,Success,POS_Terminal,Verified,0,21,-1,-0.0090609431800166
TXN000462611,CUST071298,2023-03-17,15:58,Savings,RTGS,57094.27,Credit,49455.2,Peer Transfer,UP,372,0,Unknown,0.0,Success,Mobile_App,Verified,0,15,-1,-0.006412197069716852
TXN000462736,CUST049428,2023-03-17,08:07,Savings,RTGS,370734.68,Debit,86704.98,Retail,West Bengal,864,0,Unknown,0.0,Success,POS_Terminal,Verified,0,8,-1,-0.003267927118946523
TXN000462759,CUST048641,2023-03-17,19:38,Savings,RTGS,1098029.1,Debit,155891.49,Salary,Karnataka,538,0,Unknown,0.0,Success,Mobile_App,Verified,0,19,-1,-0.023960022483727306
TXN000462868,CUST063471,2023-03-18,17:08,Current,Credit_Card,3596.58,Debit,8159.23,Salary,Tamil Nadu,548,0,Unknown,0.0,Success,API,Verified,0,17,-1,-0.008607455174506562
TXN000463027,CUST031372,2023-03-18,13:55,Current,RTGS,104023.61,Debit,26360.84,Healthcare,Tamil Nadu,657,1,Personal,4720.83,Success,POS_Terminal,Verified,0,13,-1,-0.003133943842408282
TXN000463174,CUST024432,2023-03-19,13:03,Savings,RTGS,527730.14,Debit,6222.64,Travel,Gujarat,896,0,Unknown,0.0,Success,ATM,Verified,0,13,-1,-0.03411869373851817
TXN000463221,CUST057550,2023-03-19,02:23,NRI,RTGS,650557.16,Credit,19777.27,Peer Transfer,Karnataka,542,0,Unknown,0.0,Success,Web,Verified,0,2,-1,-0.01121135978759824
TXN000463232,CUST011335,2023-03-19,22:53,Current,RTGS,1875885.87,Credit,32037.17,Retail,Telangana,536,1,Unknown,1022.0,Success,Web,Expired,0,22,-1,-0.08218592523300394
TXN000463295,CUST047270,2023-03-19,23:34,Current,RTGS,1625460.63,Debit,13921.99,E-Commerce,Delhi,517,0,Unknown,0.0,Success,Mobile_App,Verified,1,23,-1,-0.0553368057319642
TXN000463348,CUST074474,2023-03-19,01:45,Current,RTGS,933925.35,Credit,387508.05,Retail,West Bengal,574,0,Unknown,0.0,Success,Mobile_App,Verified,0,1,-1,-0.04590357795953137
TXN000463497,CUST005990,2023-03-20,04:36,Savings,IMPS,1831.11,Debit,83920.15,Real Estate,Karnataka,406,1,Personal,4076.3,Failed,ATM,Pending,0,4,-1,-0.017084869042149564
TXN000463749,CUST036933,2023-03-20,19:40,Current,Credit_Card,2213.38,Debit,96197.87,Retail,Delhi,763,1,Personal,62279.75,Success,Mobile_App,Verified,0,19,-1,-0.07189215630152734
TXN000463901,CUST039340,2023-03-21,06:30,Salary,UPI,4021.46,Credit,106342.14,Real Estate,Maharashtra,441,0,Unknown,0.0,Success,Web,Verified,0,6,-1,-0.0025741383320567746
TXN000463926,CUST056648,2023-03-21,18:04,Fixed Deposit,POS,3411.04,Debit,90985.93,Utilities,Maharashtra,896,1,Business,21236.38,Success,Mobile_App,Verified,0,18,-1,-0.017206340626296446
TXN000464126,CUST026011,2023-03-22,22:38,Current,POS,453.29,Debit,25500.48,Insurance,Delhi,792,1,Unknown,4910.11,Success,ATM,Verified,0,22,-1,-0.003609251353091203
TXN000464184,CUST006996,2023-03-22,18:20,Savings,RTGS,987952.14,Credit,104485.21,Government,Maharashtra,358,0,Unknown,0.0,Success,Web,Verified,0,18,-1,-0.07610504403187868
TXN000464219,CUST057043,2023-03-22,19:35,Savings,IMPS,2535.34,Debit,58859.48,Real Estate,Telangana,328,1,Unknown,39785.28,Success,POS_Terminal,Verified,0,19,-1,-0.06270646505378974
TXN000464368,CUST006734,2023-03-23,15:14,Savings,NEFT,238214.23,Credit,7011.08,Entertainment,Gujarat,518,1,Home,37705.48,Success,Mobile_App,Verified,0,15,-1,-0.06587118665248548
TXN000464400,CUST053813,2023-03-23,06:08,Salary,Cheque,2298285.58,Credit,16323.22,Salary,Gujarat,354,0,Unknown,0.0,Success,ATM,Expired,0,6,-1,-0.0974702041236245
TXN000464589,CUST064671,2023-03-23,00:19,Savings,UPI,750.73,Credit,76370.53,Food & Dining,Maharashtra,792,0,Unknown,0.0,Success,Web,Verified,0,0,-1,-0.004874970483509933
TXN000464645,CUST017864,2023-03-24,16:05,NRI,Net_Banking,6335.36,Debit,4645.73,Retail,Maharashtra,551,1,Business,28022.88,Success,Branch,Verified,0,16,-1,-0.006450455374770847
TXN000464785,CUST015025,2023-03-24,02:40,Salary,Cheque,1658516.75,Credit,4846.31,Peer Transfer,Gujarat,682,1,Business,6095.1,Success,Mobile_App,Verified,0,2,-1,-0.06375762481477742
TXN000465084,CUST008053,2023-03-25,00:25,Salary,RTGS,1034043.26,Credit,47477.95,Fuel,Karnataka,418,0,Unknown,0.0,Success,Mobile_App,Verified,0,0,-1,-0.010458866667783284
TXN000465284,CUST034991,2023-03-26,06:25,Salary,Net_Banking,10517.61,Credit,249280.8,Food & Dining,Delhi,782,0,Unknown,0.0,Success,Mobile_App,Verified,0,6,-1,-0.029366729247223833
TXN000465357,CUST039344,2023-03-26,11:12,Savings,RTGS,734857.32,Credit,59222.96,Education,Tamil Nadu,607,0,Unknown,0.0,Success,Mobile_App,Verified,0,11,-1,-0.0177310458965928
TXN000465378,CUST044784,2023-03-26,06:22,Savings,IMPS,1920.74,Debit,60489.78,Food & Dining,Maharashtra,864,0,Unknown,0.0,Success,Mobile_App,Expired,0,6,-1,-0.009703747275845997
TXN000465494,CUST076298,2023-03-26,20:14,Salary,RTGS,494007.99,Debit,9932.38,Retail,Tamil Nadu,640,0,Unknown,0.0,Success,API,Verified,0,20,-1,-0.02873100069683887
TXN000465545,CUST002256,2023-03-27,12:29,Current,RTGS,494839.87,Credit,35762.57,Travel,Rajasthan,573,1,Personal,6929.18,Success,ATM,Pending,0,12,-1,-0.0117390654999866
TXN000465585,CUST049727,2023-03-27,15:14,Salary,Cheque,1231029.11,Credit,9111.89,Food & Dining,Tamil Nadu,882,0,Unknown,0.0,Success,POS_Terminal,Verified,0,15,-1,-0.05434725276624952
TXN000465706,CUST057230,2023-03-27,14:47,Savings,UPI,2721.58,Credit,27328.99,Retail,Tamil Nadu,616,1,Gold,19100.74,Success,POS_Terminal,Verified,0,14,-1,-0.006436800901758466
TXN000466282,CUST023432,2023-03-29,16:40,Savings,Cheque,1553674.36,Debit,9109.69,Peer Transfer,Karnataka,502,0,Unknown,0.0,Success,ATM,Verified,1,16,-1,-0.022070673698751597
TXN000466286,CUST011786,2023-03-29,01:38,Savings,ATM_Withdrawal,1000.0,Debit,29429.6,Retail,Gujarat,406,0,Unknown,0.0,Success,Mobile_App,Verified,0,1,-1,-0.012270154165457847
TXN000466396,CUST026317,2023-03-29,08:51,Salary,RTGS,1479361.84,Debit,14764.01,Peer Transfer,Karnataka,742,0,Unknown,0.0,Success,Web,Verified,0,8,-1,-0.03524255143750454
TXN000466471,CUST046636,2023-03-30,19:24,Savings,IMPS,25126.17,Credit,723369.24,Food & Dining,Karnataka,488,1,Home,9860.29,Success,Mobile_App,Verified,0,19,-1,-0.03334197524220961
TXN000466517,CUST043757,2023-03-30,03:36,Savings,UPI,1422.4,Debit,97412.15,Food & Dining,Telangana,592,1,Unknown,63447.48,Success,Web,Verified,0,3,-1,-0.020833449822705852
TXN000466600,CUST060175,2023-03-30,05:54,Fixed Deposit,UPI,1171.55,Debit,28395.68,E-Commerce,Telangana,876,1,Auto,49688.01,Pending,Mobile_App,Verified,0,5,-1,-0.03857567158434794
TXN000466624,CUST050829,2023-03-30,05:33,NRI,Net_Banking,23169.43,Credit,35510.57,Retail,West Bengal,406,0,Unknown,0.0,Success,Mobile_App,Verified,0,5,-1,-0.01124184410224871
TXN000466788,CUST025638,2023-03-31,02:11,Current,UPI,271.26,Credit,47721.88,Salary,Delhi,803,0,Unknown,0.0,Success,Mobile_App,Verified,0,2,-1,-0.018706580572576237
TXN000466813,CUST047692,2023-03-31,08:09,Current,RTGS,509096.97,Debit,18283.09,Entertainment,Rajasthan,387,0,Unknown,0.0,Success,Mobile_App,Pending,0,8,-1,-0.007957830240138963
TXN000466851,CUST036304,2023-03-31,15:32,Savings,RTGS,1275105.79,Debit,25427.57,Retail,West Bengal,821,0,Unknown,0.0,Success,Web,Verified,0,15,-1,-0.0464123109259974
TXN000466914,CUST044330,2023-03-31,05:06,Salary,Cheque,2794230.41,Debit,10345.48,Travel,Rajasthan,339,0,Unknown,0.0,Success,POS_Terminal,Verified,0,5,-1,-0.08862574334394335
TXN000466929,CUST061618,2023-03-31,20:27,Savings,UPI,1406.77,Debit,74825.77,Education,UP,436,1,Auto,49792.29,Success,Mobile_App,Verified,0,20,-1,-0.015396765125752054
TXN000467130,CUST054334,2023-04-01,18:59,Current,UPI,464.87,Debit,5439.25,Fuel,Maharashtra,708,1,Business,49397.95,Success,Web,Verified,1,18,-1,-0.055280299965869695
TXN000467172,CUST026200,2023-04-01,13:24,NRI,RTGS,819097.45,Credit,307299.88,Investment,Tamil Nadu,396,0,Unknown,0.0,Success,POS_Terminal,Verified,0,13,-1,-0.03703307853144988
TXN000467305,CUST034242,2023-04-02,10:19,Savings,RTGS,1074895.11,Debit,110511.83,Food & Dining,Rajasthan,435,0,Unknown,0.0,Success,Mobile_App,Verified,0,10,-1,-0.014708956277456608
TXN000467370,CUST061288,2023-04-02,15:46,Salary,RTGS,3058701.97,Credit,16724.97,E-Commerce,Maharashtra,491,1,Gold,3583.41,Success,Mobile_App,Verified,0,15,-1,-0.060599544947963935
TXN000467472,CUST053227,2023-04-02,15:40,Current,RTGS,212796.04,Credit,29062.59,Salary,West Bengal,372,0,Unknown,0.0,Success,Web,Verified,0,15,-1,-0.01122436092790735
TXN000467506,CUST034446,2023-04-02,13:42,Fixed Deposit,NEFT,4252.2,Credit,51613.13,Travel,Punjab,799,1,Personal,13847.19,Success,Mobile_App,Verified,0,13,-1,-0.013585330057824585
TXN000467761,CUST030938,2023-04-03,07:44,Salary,UPI,927.0,Debit,569491.39,Retail,UP,526,1,Home,71692.94,Success,Branch,Pending,0,7,-1,-0.0368053967726506
TXN000467765,CUST003792,2023-04-03,15:58,Savings,Auto_Debit,7063.72,Debit,285063.44,Retail,Telangana,616,0,Unknown,0.0,Success,Web,Verified,0,15,-1,-0.012217493109123345
TXN000467791,CUST045267,2023-04-03,20:32,Current,RTGS,1508906.59,Debit,122613.74,Insurance,Delhi,745,0,Unknown,0.0,Success,POS_Terminal,Verified,0,20,-1,-0.04686708327511835
TXN000468159,CUST000060,2023-04-04,02:53,Savings,RTGS,899673.9,Credit,95361.24,Utilities,Maharashtra,573,0,Unknown,0.0,Success,ATM,Verified,0,2,-1,-0.055859202245505224
TXN000468212,CUST041882,2023-04-05,16:31,Savings,UPI,654.43,Debit,7003.21,Healthcare,Gujarat,620,1,Home,59645.56,Success,Web,Verified,0,16,-1,-0.024063496140468543
TXN000468252,CUST073140,2023-04-05,18:48,Salary,POS,1320.32,Debit,8192.16,Food & Dining,UP,725,1,Education,57504.68,Success,Web,Verified,0,18,-1,-0.060743810211830396
TXN000468432,CUST049008,2023-04-05,22:16,NRI,NEFT,3884.14,Debit,323949.94,E-Commerce,Telangana,321,1,Personal,44827.64,Success,Web,Verified,0,22,-1,-0.0028974445321762188
TXN000468466,CUST013660,2023-04-05,14:13,Fixed Deposit,UPI,357.94,Debit,62224.05,Investment,Maharashtra,483,1,Personal,17537.24,Success,Web,Verified,0,14,-1,-0.0273206424243293
TXN000468640,CUST059192,2023-04-06,10:02,Savings,RTGS,1145853.38,Credit,13608.0,Peer Transfer,Maharashtra,751,0,Unknown,0.0,Success,Mobile_App,Verified,0,10,-1,-0.020297495099493412
TXN000468653,CUST071782,2023-04-06,16:36,Fixed Deposit,Auto_Debit,7901.13,Debit,67783.82,Retail,Karnataka,326,1,Business,5050.26,Success,Web,Verified,0,16,-1,-0.004671640587087911
TXN000468890,CUST017646,2023-04-07,11:34,Savings,NEFT,17984.74,Debit,27184.05,Insurance,Punjab,328,1,Home,14812.01,Success,POS_Terminal,Verified,0,11,-1,-0.01658668701155286
TXN000468909,CUST015204,2023-04-07,08:46,NRI,RTGS,895194.44,Debit,51173.41,E-Commerce,Punjab,792,0,Unknown,0.0,Success,Branch,Verified,0,8,-1,-0.04622773350226783
TXN000468947,CUST032233,2023-04-07,18:01,Savings,IMPS,1090.51,Credit,47411.36,Investment,Tamil Nadu,864,0,Unknown,0.0,Success,Mobile_App,Verified,0,18,-1,-0.01782764355539246
TXN000469385,CUST027673,2023-04-09,18:59,Savings,NEFT,2751.07,Credit,68646.99,Salary,Rajasthan,314,1,Business,16313.95,Success,API,Verified,0,18,-1,-0.00037835775603467514
TXN000469671,CUST053157,2023-04-10,17:58,Current,Auto_Debit,669.73,Debit,68957.34,Fuel,Telangana,864,0,Unknown,0.0,Success,Mobile_App,Expired,0,17,-1,-0.007276162744266457
TXN000469729,CUST058556,2023-04-10,02:40,Current,RTGS,134949.51,Credit,6936.96,Investment,Tamil Nadu,665,1,Auto,11533.58,Success,Web,Verified,0,2,-1,-0.006361213548244926
TXN000469735,CUST072082,2023-04-10,06:20,Savings,Auto_Debit,4771.22,Debit,23787.17,Retail,Tamil Nadu,792,0,Unknown,0.0,Success,Web,Verified,0,6,-1,-0.009904364432062551
TXN000469785,CUST017243,2023-04-10,07:38,Current,POS,368.49,Debit,17030.82,Retail,Telangana,471,1,Business,38525.69,Success,Mobile_App,Verified,0,7,-1,-0.0022014265652784415
TXN000469838,CUST059073,2023-04-10,17:55,Savings,RTGS,1284553.87,Debit,68519.08,E-Commerce,Maharashtra,430,0,Unknown,0.0,Success,Web,Verified,0,17,-1,-0.025666488100020812
TXN000469851,CUST030391,2023-04-10,03:42,Salary,RTGS,171919.38,Debit,94792.22,Entertainment,Gujarat,364,1,Business,12287.73,Success,API,Verified,0,3,-1,-0.0017639904053449174
TXN000469973,CUST065571,2023-04-11,17:57,Current,RTGS,1982199.94,Credit,43225.71,E-Commerce,West Bengal,703,0,Unknown,0.0,Success,Mobile_App,Verified,0,17,-1,-0.024123346581829463
TXN000470001,CUST078898,2023-04-11,09:22,Salary,RTGS,164462.47,Debit,236380.28,Fuel,Maharashtra,501,0,Unknown,0.0,Success,Branch,Verified,0,9,-1,-0.008268382571541832
TXN000470119,CUST022195,2023-04-11,18:24,NRI,RTGS,260626.22,Debit,16428.93,Education,UP,792,0,Unknown,0.0,Success,Mobile_App,Verified,0,18,-1,-0.004298768152030119
TXN000470134,CUST077282,2023-04-11,20:42,Current,IMPS,4945.45,Debit,36181.05,Peer Transfer,Tamil Nadu,649,1,Business,14182.43,Success,Branch,Verified,0,20,-1,-0.03741639444276135
TXN000470210,CUST027041,2023-04-11,14:29,Current,ATM_Withdrawal,1000.0,Debit,69010.84,E-Commerce,Maharashtra,470,0,Unknown,0.0,Success,ATM,Verified,0,14,-1,-0.005415133866982336
TXN000470268,CUST047568,2023-04-11,08:46,Fixed Deposit,ATM_Withdrawal,2000.0,Debit,5000000.0,Food & Dining,Tamil Nadu,418,1,Personal,1724.98,Success,Mobile_App,Verified,0,8,-1,-0.02436884708279652
TXN000470332,CUST065033,2023-04-12,21:08,Current,RTGS,697125.56,Credit,48868.15,Peer Transfer,Delhi,753,0,Unknown,0.0,Success,ATM,Expired,0,21,-1,-0.031179329715087856
TXN000470454,CUST021414,2023-04-12,19:07,Current,Cheque,1163569.63,Credit,57500.53,Insurance,Gujarat,446,0,Unknown,0.0,Success,Mobile_App,Verified,0,19,-1,-0.0362578714165388
TXN000470738,CUST004125,2023-04-13,12:40,Savings,RTGS,1153684.12,Credit,48007.78,Insurance,Delhi,336,1,Home,5435.01,Success,Mobile_App,Verified,0,12,-1,-0.010733202224658567
TXN000470762,CUST043829,2023-04-13,22:04,Savings,RTGS,1808653.87,Debit,235000.64,Fuel,Gujarat,613,0,Unknown,0.0,Failed,Mobile_App,Verified,0,22,-1,-0.06832504408788398
TXN000470794,CUST061530,2023-04-13,04:00,Savings,RTGS,1329526.04,Credit,153604.23,Peer Transfer,Tamil Nadu,358,0,Unknown,0.0,Success,Branch,Verified,0,4,-1,-0.1136233465100468
TXN000470858,CUST019710,2023-04-13,21:08,Savings,RTGS,895189.78,Credit,292581.0,Fuel,Gujarat,804,0,Unknown,0.0,Success,POS_Terminal,Verified,0,21,-1,-0.015247084246635567
TXN000470948,CUST011826,2023-04-14,19:57,Savings,RTGS,609059.09,Credit,140248.98,Education,Punjab,864,0,Unknown,0.0,Success,Mobile_App,Verified,0,19,-1,-0.00750866885557655
TXN000471069,CUST068448,2023-04-14,05:19,Savings,RTGS,738453.02,Credit,89701.99,Retail,Rajasthan,518,1,Personal,2981.81,Success,Mobile_App,Verified,0,5,-1,-0.0525516995771006
TXN000471095,CUST074618,2023-04-14,18:27,Savings,POS,1944.52,Debit,64463.06,Salary,UP,575,1,Home,32137.33,Success,Web,Pending,0,18,-1,-0.03004743601484483
TXN000471149,CUST015820,2023-04-14,00:03,Current,RTGS,1206946.09,Credit,46909.0,Education,UP,505,0,Unknown,0.0,Success,Web,Verified,0,0,-1,-0.02333801893096299
TXN000471302,CUST016709,2023-04-15,20:57,Savings,RTGS,939776.56,Debit,7669.13,Healthcare,Gujarat,535,1,Business,6560.05,Success,POS_Terminal,Verified,0,20,-1,-0.015908928501875308
TXN000471303,CUST017055,2023-04-15,17:39,Fixed Deposit,RTGS,1034089.11,Credit,12893.41,E-Commerce,Delhi,606,0,Unknown,0.0,Success,Mobile_App,Verified,0,17,-1,-0.014980594356300947
TXN000471519,CUST077269,2023-04-16,11:37,Salary,UPI,3697.01,Debit,48428.97,Education,Tamil Nadu,392,1,Personal,44495.36,Success,Mobile_App,Verified,0,11,-1,-0.037789298320398235
TXN000471659,CUST038224,2023-04-16,15:01,NRI,UPI,54.44,Debit,23511.62,E-Commerce,Karnataka,782,1,Auto,23775.36,Success,Branch,Verified,0,15,-1,-0.036100932078865
TXN000471920,CUST026822,2023-04-17,01:24,Savings,RTGS,1030746.52,Credit,12972.1,Government,Telangana,301,0,Unknown,0.0,Success,Mobile_App,Verified,0,1,-1,-0.03402113509985283
TXN000472027,CUST049816,2023-04-17,12:21,Fixed Deposit,Cheque,1158655.14,Credit,23474.41,Investment,West Bengal,749,0,Unknown,0.0,Success,POS_Terminal,Verified,0,12,-1,-0.03277833646804329
TXN000472030,CUST067343,2023-04-17,07:17,Savings,RTGS,1324629.45,Credit,333719.88,Utilities,West Bengal,640,1,Personal,11162.13,Success,Mobile_App,Verified,0,7,-1,-0.10761115258059506
TXN000472065,CUST020982,2023-04-18,08:43,Current,Credit_Card,9317.06,Debit,2933.02,Salary,Rajasthan,649,1,Auto,2822.89,Success,Mobile_App,Verified,0,8,-1,-0.030415183206338292
TXN000472089,CUST066511,2023-04-18,02:25,Salary,NEFT,15103.43,Credit,567317.38,E-Commerce,Maharashtra,877,0,Unknown,0.0,Success,Mobile_App,Verified,0,2,-1,-0.0024760427727122947
TXN000472163,CUST007039,2023-04-18,15:01,Savings,RTGS,935119.9,Debit,27055.03,Entertainment,Maharashtra,759,1,Personal,4233.32,Success,Mobile_App,Verified,0,15,-1,-0.007591535837664365
TXN000472256,CUST054724,2023-04-18,11:28,Savings,Credit_Card,1225.08,Debit,4687.7,Education,Punjab,469,1,Personal,27522.29,Success,Web,Verified,0,11,-1,-0.0010698603765796344
TXN000472283,CUST011228,2023-04-18,04:12,Current,RTGS,510132.59,Debit,23627.44,Retail,Delhi,763,1,Personal,6036.69,Success,Web,Verified,0,4,-1,-0.06534366286042792
TXN000472722,CUST012495,2023-04-20,03:15,Savings,IMPS,4334.74,Debit,6400.6,Travel,Delhi,354,1,Personal,44333.8,Pending,Mobile_App,Verified,0,3,-1,-0.055896240363792704
TXN000472780,CUST010806,2023-04-20,22:25,Salary,RTGS,1202365.33,Debit,115692.96,Retail,Rajasthan,333,1,Personal,8868.76,Success,POS_Terminal,Verified,0,22,-1,-0.011758234552048497
TXN000472844,CUST068839,2023-04-20,03:08,Current,RTGS,108054.55,Credit,49318.35,Retail,Telangana,763,0,Unknown,0.0,Success,Mobile_App,Verified,0,3,-1,-0.018004842907347718
TXN000473072,CUST020277,2023-04-21,13:13,Savings,RTGS,189402.94,Credit,18014.4,Healthcare,Karnataka,821,0,Unknown,0.0,Success,Web,Verified,0,13,-1,-0.007024050356443268
TXN000473137,CUST039393,2023-04-21,16:07,Savings,RTGS,946275.57,Debit,23853.59,Entertainment,Maharashtra,801,0,Unknown,0.0,Success,Mobile_App,Verified,0,16,-1,-0.02621454226333375
TXN000473178,CUST014822,2023-04-21,02:49,NRI,Auto_Debit,2321.38,Debit,99041.22,Peer Transfer,Telangana,518,1,Business,16396.63,Success,Mobile_App,Verified,0,2,-1,-0.014088289715233682
TXN000473201,CUST021729,2023-04-21,01:36,Savings,NEFT,1831.63,Debit,13095.98,E-Commerce,West Bengal,501,1,Auto,5505.04,Success,Web,Verified,0,1,-1,-0.02804060056979707
TXN000473223,CUST013489,2023-04-21,04:56,Savings,IMPS,2120.78,Debit,57692.89,Education,Karnataka,375,1,Personal,67919.4,Success,Branch,Verified,0,4,-1,-0.011347401875683283
TXN000473236,CUST049197,2023-04-21,11:42,NRI,Credit_Card,768.36,Debit,117763.73,Insurance,Gujarat,782,1,Personal,2170.95,Failed,Mobile_App,Verified,0,11,-1,-0.0036349850857327892
TXN000473444,CUST047682,2023-04-22,00:06,Current,Net_Banking,9821.58,Debit,727526.92,Real Estate,Telangana,406,1,Personal,8273.6,Success,ATM,Verified,1,0,-1,-0.001689064156629283
TXN000473531,CUST001711,2023-04-22,16:22,Savings,UPI,247.79,Credit,147878.71,Fuel,Maharashtra,518,1,Home,19885.99,Success,Mobile_App,Verified,0,16,-1,-0.025517157764232468
TXN000473537,CUST059444,2023-04-22,03:35,Current,POS,873.23,Debit,12903.4,Food & Dining,Telangana,629,1,Personal,42599.27,Success,Branch,Verified,0,3,-1,-0.014822835054944639
TXN000473908,CUST053014,2023-04-24,14:55,NRI,RTGS,234283.19,Credit,39961.94,Travel,Tamil Nadu,753,1,Personal,11092.21,Success,Mobile_App,Expired,0,14,-1,-0.02080917143072103
TXN000473925,CUST055660,2023-04-24,20:31,NRI,RTGS,1607597.26,Debit,203107.97,E-Commerce,Maharashtra,462,0,Unknown,0.0,Success,Mobile_App,Verified,0,20,-1,-0.05620364226903107
TXN000473944,CUST033777,2023-04-24,03:38,Savings,Cheque,347058.04,Credit,309712.25,Utilities,Karnataka,676,1,Business,2755.05,Success,ATM,Verified,0,3,-1,-0.0035052691536480163
TXN000474071,CUST049909,2023-04-24,06:58,Savings,RTGS,613724.44,Debit,106972.25,Food & Dining,Tamil Nadu,792,0,Unknown,0.0,Success,Mobile_App,Verified,0,6,-1,-0.08059318361142387
TXN000474110,CUST055055,2023-04-24,11:13,Savings,UPI,104.74,Credit,37577.13,Investment,Maharashtra,326,1,Personal,32968.29,Success,Web,Verified,0,11,-1,-0.011394109019120635
TXN000474233,CUST024546,2023-04-25,15:10,Current,Net_Banking,100155.15,Debit,290215.29,Education,Telangana,488,1,Personal,1139.18,Success,Mobile_App,Verified,0,15,-1,-0.009225743881670634
TXN000474468,CUST026837,2023-04-25,03:24,Fixed Deposit,RTGS,103977.94,Credit,68425.23,Salary,Delhi,785,1,Personal,3606.02,Success,Mobile_App,Verified,0,3,-1,-0.00034863633680537465
TXN000474509,CUST039190,2023-04-26,00:02,Savings,Cheque,180567.73,Credit,42908.61,Healthcare,West Bengal,724,1,Unknown,39903.53,Success,ATM,Verified,0,0,-1,-0.002798015790849706
TXN000474549,CUST024351,2023-04-26,11:38,Salary,RTGS,2377332.03,Credit,66086.17,Fuel,Rajasthan,853,1,Auto,5218.2,Success,Mobile_App,Verified,1,11,-1,-0.0841666951968052
TXN000474676,CUST055240,2023-04-26,08:16,Savings,NEFT,1123212.82,Credit,123395.18,Government,Rajasthan,358,0,Unknown,0.0,Success,Mobile_App,Verified,0,8,-1,-0.06255903830313836
TXN000474811,CUST048168,2023-04-27,07:26,Current,POS,4758.22,Debit,230058.51,Retail,Karnataka,469,1,Unknown,90438.82,Success,Web,Verified,0,7,-1,-0.02307622983710722
TXN000474814,CUST012633,2023-04-27,17:23,Salary,Auto_Debit,5756.81,Debit,196016.65,Entertainment,Gujarat,326,0,Unknown,0.0,Success,Web,Verified,0,17,-1,-0.010465929454279488
TXN000474844,CUST013244,2023-04-27,23:03,Savings,UPI,812.25,Credit,7539.07,Food & Dining,Rajasthan,782,1,Personal,6741.24,Success,Web,Pending,0,23,-1,-0.0075583237953599225
TXN000474907,CUST048679,2023-04-27,04:31,Savings,Credit_Card,4190.83,Debit,54201.24,Healthcare,Rajasthan,649,1,Auto,12954.56,Success,ATM,Verified,0,4,-1,-0.04138827005053325
TXN000474998,CUST040542,2023-04-27,17:14,Savings,RTGS,1435313.64,Debit,36357.75,Salary,West Bengal,422,1,Personal,3794.02,Success,ATM,Verified,1,17,-1,-0.06512107894022057
TXN000475154,CUST072535,2023-04-28,22:14,Fixed Deposit,ATM_Withdrawal,2000.0,Debit,14487.42,Real Estate,Rajasthan,548,0,Unknown,0.0,Success,API,Verified,0,22,-1,-0.0007566660206104192
TXN000475250,CUST054175,2023-04-28,02:41,Savings,Cheque,119197.01,Credit,236922.3,Food & Dining,Tamil Nadu,501,0,Unknown,0.0,Success,Mobile_App,Verified,0,2,-1,-0.034048116476309565
TXN000475410,CUST074873,2023-04-28,01:24,Savings,NEFT,5078.07,Debit,20107.12,Government,Maharashtra,501,1,Personal,4238.02,Success,Mobile_App,Verified,0,1,-1,-0.02228141427442276
TXN000475448,CUST044804,2023-04-29,16:54,Current,RTGS,1072474.76,Credit,86533.66,Salary,Maharashtra,596,0,Unknown,0.0,Success,Branch,Verified,0,16,-1,-0.019143064036233337
TXN000475456,CUST056765,2023-04-29,00:23,Current,RTGS,674847.43,Debit,23830.45,Travel,Maharashtra,819,1,Education,3984.96,Success,POS_Terminal,Verified,0,0,-1,-0.021505319021517866
TXN000475475,CUST053383,2023-04-29,10:53,Salary,UPI,969.02,Debit,10657.94,Peer Transfer,Rajasthan,405,1,Business,37655.06,Success,POS_Terminal,Verified,0,10,-1,-0.0007775908423907074
TXN000475626,CUST056588,2023-04-29,22:57,Current,RTGS,1611622.44,Credit,18040.65,Travel,Tamil Nadu,416,0,Unknown,0.0,Success,Mobile_App,Verified,0,22,-1,-0.05208569780477912
TXN000475719,CUST047913,2023-04-30,12:58,Current,RTGS,338369.61,Debit,78348.33,Investment,Gujarat,325,0,Unknown,0.0,Success,Web,Verified,0,12,-1,-0.006121104017497658
TXN000475799,CUST052381,2023-04-30,15:57,Savings,UPI,1164.36,Credit,16571.93,Entertainment,Tamil Nadu,406,1,Auto,4129.67,Success,Mobile_App,Verified,0,15,-1,-0.02687000291449826
TXN000475827,CUST029224,2023-04-30,08:19,Savings,RTGS,107346.42,Debit,98420.44,Utilities,Maharashtra,676,0,Unknown,0.0,Failed,Branch,Verified,0,8,-1,-0.008528958132266395
TXN000475991,CUST048812,2023-05-01,16:16,Savings,UPI,3776.83,Credit,75470.31,Fuel,Rajasthan,616,0,Unknown,0.0,Pending,Mobile_App,Verified,0,16,-1,-0.010405444870822733
TXN000476078,CUST061005,2023-05-01,22:44,Savings,NEFT,23731.92,Debit,82013.29,Food & Dining,Delhi,782,0,Unknown,0.0,Success,ATM,Verified,0,22,-1,-0.012238253161444002
TXN000476104,CUST053394,2023-05-01,18:30,Salary,RTGS,46449.02,Credit,43874.2,Retail,Maharashtra,782,1,Education,10153.55,Success,POS_Terminal,Pending,0,18,-1,-0.000937954498136162
TXN000476167,CUST016837,2023-05-01,23:44,Fixed Deposit,RTGS,192895.86,Debit,70645.61,Salary,Maharashtra,640,0,Unknown,0.0,Success,Mobile_App,Verified,0,23,-1,-0.0670962836896245
TXN000476314,CUST075882,2023-05-02,20:22,NRI,RTGS,1318882.66,Credit,23123.32,Retail,Gujarat,325,0,Unknown,0.0,Success,POS_Terminal,Verified,0,20,-1,-0.09522386241315783
TXN000476475,CUST036438,2023-05-02,05:22,Savings,UPI,316.85,Credit,63847.08,Retail,Maharashtra,501,1,Education,47353.62,Success,Web,Verified,0,5,-1,-0.06896062120098378
TXN000476497,CUST000555,2023-05-02,15:36,Current,UPI,330.58,Debit,39789.16,Government,Maharashtra,446,1,Auto,43233.58,Success,Mobile_App,Pending,0,15,-1,-0.033330998900428344
TXN000476572,CUST072075,2023-05-02,07:51,Savings,Cheque,2386992.24,Credit,164016.51,Entertainment,Telangana,805,0,Unknown,0.0,Success,Mobile_App,Verified,0,7,-1,-0.061850704383763944
TXN000476591,CUST078428,2023-05-03,11:08,Savings,Auto_Debit,592.23,Debit,17135.14,E-Commerce,UP,753,1,Auto,51392.02,Success,Web,Verified,0,11,-1,-0.08612616496785708
TXN000476690,CUST001058,2023-05-03,00:36,Savings,RTGS,614591.24,Debit,45268.02,Entertainment,West Bengal,358,1,Gold,44015.03,Success,Web,Verified,0,0,-1,-0.01049075545496192
TXN000477143,CUST006822,2023-05-04,15:24,Savings,RTGS,1196666.89,Debit,61348.57,Real Estate,West Bengal,649,0,Unknown,0.0,Success,Web,Verified,0,15,-1,-0.05834098349756767
TXN000477244,CUST028460,2023-05-05,02:59,Savings,POS,78.7,Debit,46040.61,E-Commerce,Delhi,645,1,Home,38472.44,Success,Web,Verified,0,2,-1,-0.0718786316436204
TXN000477442,CUST066716,2023-05-05,08:09,Salary,Auto_Debit,1350.66,Debit,111746.36,Retail,Karnataka,866,1,Education,41883.53,Success,POS_Terminal,Pending,0,8,-1,-0.039366541928128274
TXN000477443,CUST058852,2023-05-05,15:08,Fixed Deposit,ATM_Withdrawal,1000.0,Debit,54750.19,Entertainment,Karnataka,326,0,Unknown,0.0,Success,ATM,Verified,0,15,-1,-0.013546401349019743
TXN000477524,CUST061233,2023-05-06,07:02,Savings,RTGS,2621273.18,Credit,215209.86,Peer Transfer,Tamil Nadu,467,1,Home,3982.52,Success,API,Verified,0,7,-1,-0.0637463435667811
TXN000477777,CUST023106,2023-05-06,15:45,NRI,ATM_Withdrawal,3000.0,Debit,16257.42,Healthcare,Telangana,326,0,Unknown,0.0,Success,Web,Verified,0,15,-1,-0.007597344948737095
TXN000478028,CUST074542,2023-05-07,16:01,Salary,Cheque,1216329.74,Credit,11033.96,Retail,Maharashtra,677,0,Unknown,0.0,Success,Mobile_App,Verified,0,16,-1,-0.033280786855940714
TXN000478043,CUST001221,2023-05-07,00:07,Fixed Deposit,RTGS,20815.74,Credit,25514.88,Investment,Delhi,401,0,Unknown,0.0,Success,Web,Verified,0,0,-1,-0.026641058142652718
TXN000478196,CUST030979,2023-05-08,00:44,Savings,RTGS,609766.52,Credit,46472.86,Travel,Karnataka,739,1,Personal,10790.34,Success,POS_Terminal,Verified,0,0,-1,-0.01191788351399603
TXN000478275,CUST039596,2023-05-08,13:52,Savings,IMPS,2922.91,Debit,11692.18,Government,Karnataka,549,1,Home,19054.13,Success,Mobile_App,Verified,0,13,-1,-0.015914950178945175
TXN000478303,CUST000568,2023-05-08,21:28,Savings,RTGS,718737.42,Debit,4919.18,E-Commerce,Rajasthan,555,0,Unknown,0.0,Success,Mobile_App,Verified,0,21,-1,-0.004003657891236467
TXN000478392,CUST065466,2023-05-08,21:59,Salary,Cheque,3120838.42,Credit,29029.28,Utilities,Tamil Nadu,645,0,Unknown,0.0,Success,Web,Verified,0,21,-1,-0.10267875927331427
TXN000478408,CUST004989,2023-05-08,22:50,Savings,NEFT,1808263.13,Debit,35733.92,E-Commerce,Punjab,475,0,Unknown,0.0,Success,Mobile_App,Expired,0,22,-1,-0.015700788999164494
TXN000478414,CUST024052,2023-05-09,04:24,Salary,RTGS,748979.57,Credit,37283.35,Investment,Telangana,619,0,Unknown,0.0,Success,Mobile_App,Verified,0,4,-1,-0.026494531186976755
TXN000478672,CUST043648,2023-05-09,16:28,Savings,RTGS,456797.1,Debit,17413.84,Healthcare,Maharashtra,585,0,Unknown,0.0,Success,Web,Verified,0,16,-1,-0.03354204086726398
TXN000478960,CUST051015,2023-05-10,08:43,Fixed Deposit,RTGS,491620.68,Credit,43137.81,Retail,Telangana,698,0,Unknown,0.0,Success,Branch,Verified,0,8,-1,-0.0011022713220187885
TXN000479008,CUST013031,2023-05-10,15:13,Current,RTGS,1260352.25,Credit,40628.59,Government,Maharashtra,878,0,Unknown,0.0,Success,ATM,Verified,0,15,-1,-0.05272139798577313
TXN000479091,CUST045774,2023-05-11,02:13,Salary,RTGS,852318.2,Debit,72259.42,Travel,Maharashtra,714,1,Business,5253.27,Success,Mobile_App,Verified,0,2,-1,-0.025235246065948846
TXN000479392,CUST019463,2023-05-12,04:12,Current,Cheque,1865383.8,Credit,57787.56,Food & Dining,Tamil Nadu,824,0,Unknown,0.0,Success,ATM,Expired,0,4,-1,-0.07284375824877165
TXN000479413,CUST075395,2023-05-12,07:29,Savings,RTGS,1156278.69,Credit,62812.27,Peer Transfer,Karnataka,371,1,Personal,992.8,Success,Branch,Verified,0,7,-1,-0.033044586485717176
TXN000479783,CUST045640,2023-05-13,13:41,Current,Cheque,1367302.04,Credit,38417.29,Travel,Tamil Nadu,899,0,Unknown,0.0,Pending,API,Verified,0,13,-1,-0.02674036646055611
TXN000479884,CUST040132,2023-05-14,16:16,Savings,RTGS,981708.62,Credit,1001.26,Retail,Delhi,750,0,Unknown,0.0,Success,Web,Verified,0,16,-1,-0.019497332390020605
TXN000480047,CUST031352,2023-05-14,18:46,Savings,Cheque,1941795.19,Debit,563820.0,Peer Transfer,West Bengal,816,0,Unknown,0.0,Success,Branch,Verified,0,18,-1,-0.03433714948011035
TXN000480242,CUST068986,2023-05-15,00:00,Savings,UPI,1751.15,Debit,5359.06,Peer Transfer,Tamil Nadu,782,1,Education,15206.95,Success,Mobile_App,Pending,0,0,-1,-0.012236322967020263
TXN000480292,CUST024864,2023-05-15,17:41,Savings,Auto_Debit,6563.53,Debit,17708.24,Utilities,Delhi,483,1,Home,8023.08,Success,Mobile_App,Verified,0,17,-1,-0.0008156388168677475
TXN000480327,CUST019447,2023-05-15,04:02,Current,RTGS,5392383.28,Credit,124062.79,Food & Dining,Tamil Nadu,853,0,Unknown,0.0,Success,Web,Verified,0,4,-1,-0.1290893370971813
TXN000480381,CUST018136,2023-05-15,15:52,NRI,IMPS,41959.52,Credit,104639.11,Fuel,Tamil Nadu,640,0,Unknown,0.0,Failed,Mobile_App,Verified,0,15,-1,-0.02781566667209512
TXN000480475,CUST037198,2023-05-16,02:34,Fixed Deposit,RTGS,1161390.97,Debit,21027.32,Retail,Maharashtra,873,1,Home,6876.76,Success,POS_Terminal,Pending,0,2,-1,-0.014860577526322305
TXN000480480,CUST005665,2023-05-16,22:33,Salary,RTGS,778769.68,Credit,19195.66,Insurance,Tamil Nadu,574,0,Unknown,0.0,Success,Web,Verified,0,22,-1,-0.058905540998843486
TXN000480646,CUST021572,2023-05-16,17:40,Current,RTGS,212637.76,Debit,72762.88,Food & Dining,Telangana,401,0,Unknown,0.0,Success,Mobile_App,Verified,0,17,-1,-0.047060682338579074
TXN000480741,CUST070953,2023-05-16,07:01,Salary,RTGS,201712.4,Credit,26616.72,Fuel,Telangana,328,1,Unknown,7842.55,Success,POS_Terminal,Verified,0,7,-1,-0.0024341714585547347
TXN000480914,CUST020886,2023-05-17,07:59,Current,RTGS,219088.7,Debit,21008.48,Travel,Telangana,649,1,Auto,5129.88,Success,Mobile_App,Verified,0,7,-1,-0.029471724802313304
TXN000481011,CUST038799,2023-05-17,14:13,Savings,POS,8030.33,Debit,2848.52,Healthcare,Maharashtra,429,1,Personal,17972.71,Success,Web,Verified,0,14,-1,-0.0001368484959165528
TXN000481127,CUST023118,2023-05-18,17:33,Savings,IMPS,3065.7,Debit,39881.21,E-Commerce,Karnataka,793,0,Unknown,0.0,Success,Mobile_App,Verified,0,17,-1,-0.00252058402177191
TXN000481180,CUST052551,2023-05-18,16:50,Salary,RTGS,1401394.48,Debit,90816.28,Entertainment,Telangana,426,1,Education,6497.16,Success,Web,Pending,0,16,-1,-0.013000243102134545
TXN000481256,CUST048423,2023-05-18,17:53,Current,ATM_Withdrawal,1000.0,Debit,51176.2,Peer Transfer,Rajasthan,548,0,Unknown,0.0,Success,Mobile_App,Verified,0,17,-1,-0.003617960385528529
TXN000481336,CUST056228,2023-05-18,09:38,Current,RTGS,179111.76,Credit,28582.85,Retail,Delhi,640,0,Unknown,0.0,Success,Mobile_App,Pending,0,9,-1,-0.03544634445866146
TXN000481426,CUST051850,2023-05-19,14:03,Fixed Deposit,RTGS,174582.16,Credit,23303.27,Retail,West Bengal,654,1,Home,5180.04,Success,Mobile_App,Verified,0,14,-1,-0.036683851897684305
TXN000481761,CUST019312,2023-05-20,11:18,Current,POS,132.35,Debit,32979.18,Peer Transfer,West Bengal,649,1,Home,10632.73,Success,ATM,Verified,0,11,-1,-0.007264905479965722
TXN000481782,CUST015900,2023-05-20,12:05,Savings,RTGS,653774.83,Credit,8629.11,Peer Transfer,Karnataka,694,0,Unknown,0.0,Success,Web,Verified,1,12,-1,-0.04171125002711229
TXN000481790,CUST020665,2023-05-20,07:06,Salary,NEFT,391344.88,Credit,19508.58,Travel,Maharashtra,763,0,Unknown,0.0,Success,Mobile_App,Verified,0,7,-1,-0.04211877266975106
TXN000481986,CUST005465,2023-05-21,06:16,NRI,RTGS,757486.27,Debit,2957.18,Travel,Gujarat,474,1,Business,17800.02,Success,Branch,Verified,0,6,-1,-0.0217250576910476
TXN000482061,CUST024257,2023-05-21,14:30,Savings,Auto_Debit,174.49,Debit,576198.59,Government,Karnataka,566,1,Unknown,21505.61,Success,Web,Verified,0,14,-1,-0.0006020200521222874
TXN000482131,CUST049852,2023-05-21,08:30,Savings,Cheque,2865036.04,Debit,181396.36,Retail,Delhi,880,0,Unknown,0.0,Success,Mobile_App,Verified,0,8,-1,-0.1273696507204325
TXN000482402,CUST073081,2023-05-22,06:09,Salary,POS,6353.93,Debit,62810.4,Food & Dining,UP,518,1,Business,13980.55,Success,Mobile_App,Verified,0,6,-1,-0.006752218691416179
TXN000482574,CUST001427,2023-05-23,20:10,Savings,NEFT,41311.32,Debit,28242.87,Retail,Telangana,501,1,Unknown,5285.62,Success,Branch,Verified,0,20,-1,-0.028285185608050267
TXN000482724,CUST008177,2023-05-23,23:59,Salary,IMPS,18579.39,Debit,45423.32,Healthcare,Telangana,622,1,Education,31232.83,Success,Mobile_App,Verified,0,23,-1,-0.01583410299804655
TXN000482793,CUST018222,2023-05-23,16:03,Savings,RTGS,758680.95,Debit,31047.98,Peer Transfer,Delhi,387,1,Education,1479.44,Success,Mobile_App,Verified,0,16,-1,-0.01969445820038862
TXN000482871,CUST067131,2023-05-24,05:00,Savings,RTGS,316410.41,Credit,7752.88,E-Commerce,Tamil Nadu,699,0,Unknown,0.0,Success,Web,Verified,0,5,-1,-0.018743859919213013
TXN000482962,CUST077671,2023-05-24,08:11,Fixed Deposit,UPI,308.89,Debit,824724.01,Peer Transfer,West Bengal,616,1,Personal,5582.18,Success,Mobile_App,Verified,0,8,-1,-0.0013970578194379968
TXN000482990,CUST073421,2023-05-24,20:03,Salary,UPI,1081.2,Credit,121206.36,Healthcare,Karnataka,501,1,Education,5463.09,Success,POS_Terminal,Verified,0,20,-1,-0.014454913912828049
TXN000483001,CUST018520,2023-05-24,07:01,NRI,Cheque,1133291.71,Debit,14498.65,Peer Transfer,Tamil Nadu,627,1,Personal,1707.65,Success,Web,Verified,0,7,-1,-0.0005640234818296008
TXN000483030,CUST077746,2023-05-24,10:18,Current,IMPS,5473.43,Debit,1264479.61,Investment,West Bengal,488,1,Auto,12236.01,Success,Web,Verified,0,10,-1,-0.03908290093138256
TXN000483248,CUST036629,2023-05-25,15:03,Fixed Deposit,NEFT,38111.85,Debit,154222.69,Insurance,Maharashtra,640,0,Unknown,0.0,Success,Web,Verified,0,15,-1,-0.032193756125280526
TXN000483293,CUST061951,2023-05-25,10:36,Fixed Deposit,RTGS,1430563.44,Credit,23513.68,Peer Transfer,Delhi,683,0,Unknown,0.0,Success,Branch,Verified,0,10,-1,-0.031454020073355515
TXN000483325,CUST031556,2023-05-25,01:47,Savings,RTGS,1356452.04,Credit,94433.28,Salary,Gujarat,533,0,Unknown,0.0,Success,ATM,Verified,0,1,-1,-0.05368966807263853
TXN000483388,CUST035180,2023-05-25,14:35,Current,RTGS,2400643.93,Debit,145460.6,Food & Dining,Gujarat,813,0,Unknown,0.0,Success,POS_Terminal,Verified,0,14,-1,-0.06323200132113627
TXN000483392,CUST001813,2023-05-25,22:13,Current,RTGS,192728.21,Credit,4194.78,Entertainment,Gujarat,649,1,Personal,6941.04,Success,Mobile_App,Verified,0,22,-1,-0.02600786436008251
TXN000483396,CUST023639,2023-05-25,11:55,Savings,RTGS,946210.42,Credit,79619.43,Retail,Punjab,468,1,Personal,1839.22,Success,Branch,Verified,0,11,-1,-0.0050029657018231255
TXN000483473,CUST078180,2023-05-26,13:26,Current,RTGS,1340341.06,Credit,70340.28,Peer Transfer,Karnataka,302,1,Unknown,2911.23,Success,Web,Pending,0,13,-1,-0.05513359483771629
TXN000483539,CUST014637,2023-05-26,12:28,Current,ATM_Withdrawal,10000.0,Debit,32586.45,Peer Transfer,Maharashtra,722,1,Business,20961.49,Success,Branch,Verified,0,12,-1,-0.005987537236146312
TXN000483541,CUST034992,2023-05-26,16:06,Savings,RTGS,572461.09,Credit,17132.45,Utilities,Maharashtra,379,1,Personal,2305.0,Success,Mobile_App,Verified,0,16,-1,-0.01547788824014884
TXN000483602,CUST002464,2023-05-26,19:27,Savings,NEFT,3352889.47,Credit,23044.58,Healthcare,Rajasthan,604,1,Auto,2451.26,Success,Branch,Verified,0,19,-1,-0.08847466415209693
TXN000483872,CUST042535,2023-05-27,20:34,Savings,RTGS,910677.18,Credit,30035.98,Retail,Rajasthan,603,1,Personal,11227.01,Success,Mobile_App,Verified,0,20,-1,-0.023564199820561682
TXN000484172,CUST066108,2023-05-28,01:53,Current,UPI,650.43,Debit,234953.71,Government,Karnataka,406,1,Auto,13189.55,Success,Mobile_App,Verified,0,1,-1,-0.0014742408119102768
TXN000484380,CUST039830,2023-05-29,20:01,Savings,RTGS,218426.66,Credit,29697.48,Travel,Delhi,763,0,Unknown,0.0,Success,POS_Terminal,Verified,0,20,-1,-0.016960118633172705
TXN000484450,CUST014673,2023-05-29,22:38,Current,RTGS,732014.54,Debit,5746.54,Peer Transfer,Rajasthan,371,0,Unknown,0.0,Success,POS_Terminal,Verified,0,22,-1,-0.016748990764579363
TXN000484698,CUST021558,2023-05-30,08:38,Fixed Deposit,ATM_Withdrawal,3000.0,Debit,122092.51,Food & Dining,Karnataka,654,1,Business,49265.18,Success,ATM,Verified,0,8,-1,-0.08902068015711573
TXN000484727,CUST015924,2023-05-30,08:18,Fixed Deposit,RTGS,336307.57,Debit,64726.23,Salary,Gujarat,535,1,Business,13238.36,Success,Mobile_App,Verified,0,8,-1,-0.017101170620377415
TXN000484827,CUST027499,2023-05-30,05:53,Current,Cheque,2805786.55,Debit,28639.29,Utilities,Telangana,706,0,Unknown,0.0,Reversed,Web,Verified,0,5,-1,-0.09344308968303505
TXN000484835,CUST010125,2023-05-30,08:58,Savings,RTGS,435031.78,Credit,106196.84,Government,Tamil Nadu,573,0,Unknown,0.0,Success,ATM,Verified,0,8,-1,-0.011717809518726585
TXN000484964,CUST008373,2023-05-31,00:11,NRI,RTGS,1373692.43,Credit,120281.2,E-Commerce,Telangana,625,0,Unknown,0.0,Success,Mobile_App,Pending,0,0,-1,-0.016888161485850595
TXN000485061,CUST047052,2023-05-31,06:06,Savings,POS,1516.33,Debit,37077.11,Utilities,Tamil Nadu,864,0,Unknown,0.0,Success,Mobile_App,Expired,0,6,-1,-0.0017047536210086367
TXN000485161,CUST053487,2023-05-31,03:28,Current,IMPS,1566.85,Debit,13378.67,Entertainment,Telangana,832,1,Personal,33040.49,Success,ATM,Verified,0,3,-1,-0.024135579460693557
TXN000485476,CUST036202,2023-06-01,06:25,Savings,RTGS,542614.7,Credit,35458.91,Travel,Maharashtra,774,0,Unknown,0.0,Success,Mobile_App,Verified,0,6,-1,-0.03979032699309648
TXN000485505,CUST077217,2023-06-01,06:51,Current,RTGS,783562.93,Credit,28563.5,Peer Transfer,Gujarat,369,1,Unknown,1034.06,Success,Mobile_App,Verified,0,6,-1,-0.01744455974539949
TXN000485682,CUST025691,2023-06-02,13:37,Savings,IMPS,7756.71,Credit,15242.55,Peer Transfer,Gujarat,714,1,Unknown,32342.0,Success,POS_Terminal,Verified,0,13,-1,-0.0036995884787623945
TXN000485721,CUST056124,2023-06-02,07:12,Savings,RTGS,553956.35,Credit,179511.06,Education,West Bengal,310,0,Unknown,0.0,Success,API,Verified,0,7,-1,-0.01093293797059991
TXN000485758,CUST064802,2023-06-02,12:29,Salary,RTGS,1680112.41,Debit,20358.81,Entertainment,Telangana,606,0,Unknown,0.0,Success,Web,Verified,0,12,-1,-0.02323397484507883
TXN000485859,CUST053243,2023-06-03,09:17,Current,Cheque,828458.01,Credit,103293.3,Peer Transfer,Karnataka,370,1,Auto,1281.62,Success,Mobile_App,Verified,0,9,-1,-0.04231872105384882
TXN000485959,CUST045746,2023-06-03,06:46,Current,UPI,1096.86,Debit,19253.22,E-Commerce,Delhi,782,0,Unknown,0.0,Success,API,Verified,0,6,-1,-0.004148064979227595
TXN000485997,CUST072444,2023-06-03,15:30,Salary,Credit_Card,891.98,Debit,87438.1,Travel,Maharashtra,406,0,Unknown,0.0,Success,Web,Verified,0,15,-1,-0.02840152241016669
TXN000486070,CUST049872,2023-06-03,11:32,Salary,NEFT,1200341.74,Debit,57226.19,Utilities,Maharashtra,441,1,Education,26688.94,Success,ATM,Verified,0,11,-1,-0.0034144976065921817
TXN000486173,CUST042885,2023-06-04,03:46,Fixed Deposit,RTGS,773289.22,Debit,90247.4,Salary,Rajasthan,647,0,Unknown,0.0,Success,POS_Terminal,Verified,1,3,-1,-0.046093711400494564
TXN000486479,CUST062557,2023-06-05,11:28,Savings,UPI,1120.32,Credit,8397.93,Healthcare,Gujarat,332,1,Business,32500.21,Success,Web,Verified,0,11,-1,-0.018292314257667863
TXN000487020,CUST060226,2023-06-06,04:05,Savings,RTGS,1525788.39,Credit,19714.42,Healthcare,Maharashtra,844,0,Unknown,0.0,Pending,Web,Verified,0,4,-1,-0.05190162507457008
TXN000487024,CUST062125,2023-06-06,22:08,Salary,Cheque,943378.69,Credit,24504.62,Salary,Karnataka,358,0,Unknown,0.0,Success,Mobile_App,Verified,0,22,-1,-0.07368300779814907
TXN000487099,CUST078020,2023-06-06,14:40,Salary,Cheque,2134739.65,Credit,44958.52,Peer Transfer,Gujarat,567,0,Unknown,0.0,Success,Mobile_App,Verified,0,14,-1,-0.06165282363116387
TXN000487161,CUST032602,2023-06-07,07:59,Savings,Cheque,1171935.1,Debit,118521.18,Utilities,Maharashtra,576,1,Business,7640.35,Success,Mobile_App,Verified,0,7,-1,-0.012623389053801781
TXN000487312,CUST074778,2023-06-07,23:37,Fixed Deposit,Cheque,878427.72,Credit,75738.56,Retail,Rajasthan,479,1,Personal,3692.07,Success,Mobile_App,Verified,0,23,-1,-0.014487882280352693
TXN000487385,CUST043248,2023-06-07,06:44,Savings,POS,1278.71,Debit,6939.67,Peer Transfer,Karnataka,864,0,Unknown,0.0,Success,Mobile_App,Verified,0,6,-1,-0.001320044483582694
TXN000487451,CUST046965,2023-06-08,10:52,NRI,Cheque,2079759.78,Debit,94725.94,E-Commerce,Gujarat,490,0,Unknown,0.0,Success,Mobile_App,Verified,0,10,-1,-0.06598021983592905
TXN000487485,CUST046406,2023-06-08,15:08,Current,IMPS,2805.38,Debit,70378.33,Entertainment,Rajasthan,566,1,Personal,27605.58,Success,Branch,Verified,0,15,-1,-0.005504206515482668
TXN000487511,CUST046630,2023-06-08,18:58,Savings,Auto_Debit,2568.67,Debit,8273.33,Real Estate,Gujarat,782,0,Unknown,0.0,Success,Web,Verified,0,18,-1,-0.0012127159582655533
TXN000487541,CUST020335,2023-06-08,16:03,Current,RTGS,351681.8,Debit,17099.82,Food & Dining,Karnataka,401,0,Unknown,0.0,Success,Web,Verified,0,16,-1,-0.034020744292622696
TXN000487619,CUST018692,2023-06-08,18:24,Salary,IMPS,3468.83,Credit,409646.67,Healthcare,Delhi,864,0,Unknown,0.0,Success,Mobile_App,Verified,0,18,-1,-0.004007222547301126
TXN000487763,CUST070776,2023-06-09,22:41,Fixed Deposit,RTGS,428764.61,Debit,27608.59,Food & Dining,Gujarat,864,0,Unknown,0.0,Success,Mobile_App,Verified,0,22,-1,-0.00101673357474108
TXN000487907,CUST019815,2023-06-09,21:30,Fixed Deposit,RTGS,247740.07,Credit,219000.64,Salary,Gujarat,654,0,Unknown,0.0,Success,Mobile_App,Verified,0,21,-1,-0.041641573640948226
TXN000488184,CUST078871,2023-06-10,10:09,Fixed Deposit,Cheque,778472.25,Credit,92708.39,Retail,Punjab,341,0,Unknown,0.0,Reversed,Mobile_App,Verified,0,10,-1,-0.012444789898215958
TXN000488283,CUST013610,2023-06-10,13:31,Current,RTGS,4492659.82,Debit,11909.87,Fuel,Karnataka,650,1,Business,8673.9,Success,Web,Verified,0,13,-1,-0.10256546677868861
TXN000488377,CUST075040,2023-06-11,11:44,Current,RTGS,406457.27,Credit,174556.14,Insurance,West Bengal,401,1,Business,19911.22,Success,Web,Verified,0,11,-1,-0.03212322307908333
TXN000488450,CUST056384,2023-06-11,08:40,Savings,RTGS,407693.67,Credit,195590.7,Retail,Tamil Nadu,680,0,Unknown,0.0,Reversed,Web,Verified,0,8,-1,-0.016345837860459067
TXN000488551,CUST062526,2023-06-11,00:01,Salary,IMPS,4617.6,Debit,75972.94,Travel,Delhi,719,1,Auto,59341.37,Success,Mobile_App,Verified,0,0,-1,-0.025062993411234746
TXN000488701,CUST009827,2023-06-12,10:09,Salary,Net_Banking,16912.96,Credit,71160.06,Salary,Delhi,645,1,Home,4636.24,Success,API,Expired,0,10,-1,-0.009010018004714349
TXN000488885,CUST056833,2023-06-12,05:07,Savings,Cheque,2565995.26,Credit,65173.76,Food & Dining,Punjab,760,0,Unknown,0.0,Success,POS_Terminal,Verified,0,5,-1,-0.07444142451528468
TXN000488892,CUST029435,2023-06-12,01:03,Savings,Cheque,7477.61,Credit,58630.02,Education,Tamil Nadu,501,0,Unknown,0.0,Success,Mobile_App,Verified,0,1,-1,-0.008228610544813275
TXN000488976,CUST023456,2023-06-13,17:14,Savings,RTGS,253026.32,Credit,6934.19,Travel,Telangana,585,1,Home,4729.71,Success,Mobile_App,Verified,0,17,-1,-0.022563434985933384
TXN000489030,CUST058066,2023-06-13,17:21,Fixed Deposit,POS,1153.34,Debit,147702.72,Food & Dining,Karnataka,799,1,Business,30057.25,Success,POS_Terminal,Verified,0,17,-1,-0.07698751497042178
TXN000489077,CUST015109,2023-06-13,17:37,Savings,RTGS,1836503.64,Credit,30742.1,Real Estate,Tamil Nadu,849,0,Unknown,0.0,Reversed,Mobile_App,Verified,0,17,-1,-0.06965036982978223
TXN000489101,CUST015884,2023-06-13,11:05,Current,RTGS,1227868.55,Credit,60426.72,Utilities,Rajasthan,889,0,Unknown,0.0,Success,Web,Verified,0,11,-1,-0.01648856236201246
TXN000489200,CUST018847,2023-06-14,21:30,Current,RTGS,1499766.18,Debit,49938.23,Healthcare,UP,807,1,Business,2352.11,Success,Web,Verified,0,21,-1,-0.052662358044457847
TXN000489350,CUST055436,2023-06-14,08:42,Current,RTGS,257789.54,Debit,104764.5,Fuel,Delhi,763,0,Unknown,0.0,Success,Mobile_App,Verified,0,8,-1,-0.030402764454111053
TXN000489358,CUST006519,2023-06-14,02:20,Salary,RTGS,949633.59,Credit,55668.0,Food & Dining,Telangana,599,1,Unknown,5081.54,Success,Mobile_App,Verified,0,2,-1,-0.03801226231259758
TXN000489376,CUST045276,2023-06-14,01:35,Salary,Auto_Debit,1032.36,Debit,89765.37,Food & Dining,Gujarat,425,1,Gold,12399.36,Success,Web,Verified,0,1,-1,-0.016423770788320136
TXN000489469,CUST062337,2023-06-14,23:25,Savings,RTGS,1532851.64,Credit,12697.02,Peer Transfer,Gujarat,629,1,Home,7961.77,Success,Web,Verified,0,23,-1,-0.08554092587527584
TXN000489541,CUST041444,2023-06-15,03:28,NRI,NEFT,3560643.3,Credit,323260.33,Insurance,Karnataka,520,0,Unknown,0.0,Reversed,Web,Verified,0,3,-1,-0.06051866294908237
TXN000489549,CUST039797,2023-06-15,21:49,Savings,RTGS,1592331.0,Credit,53321.57,E-Commerce,Karnataka,675,1,Education,3074.22,Success,POS_Terminal,Expired,0,21,-1,-0.02904698253200122
TXN000489568,CUST000175,2023-06-15,07:01,Savings,POS,1622.05,Debit,108658.11,Entertainment,Maharashtra,782,0,Unknown,0.0,Success,API,Verified,0,7,-1,-0.020824203317272305
TXN000489579,CUST051495,2023-06-15,07:38,Savings,RTGS,961631.02,Credit,44438.14,Retail,Telangana,301,0,Unknown,0.0,Success,Mobile_App,Verified,0,7,-1,-0.040796364416250674
TXN000489595,CUST058186,2023-06-15,05:29,Salary,RTGS,827115.05,Credit,67632.71,Education,Tamil Nadu,400,1,Business,9057.49,Success,Mobile_App,Verified,0,5,-1,-0.007949751122979576
TXN000489624,CUST057673,2023-06-15,22:04,Salary,POS,1446.17,Debit,4485.58,Investment,Rajasthan,622,1,Auto,13315.84,Reversed,Mobile_App,Verified,0,22,-1,-0.0008468655885124354
TXN000489676,CUST031957,2023-06-15,07:46,Salary,UPI,2862.59,Debit,28264.32,Food & Dining,Karnataka,792,0,Unknown,0.0,Success,Web,Verified,0,7,-1,-0.011429208303053051
TXN000489757,CUST055135,2023-06-15,20:01,Fixed Deposit,RTGS,1484138.76,Debit,22917.86,Travel,Tamil Nadu,595,0,Unknown,0.0,Success,Web,Verified,0,20,-1,-0.04120691634139817
TXN000489811,CUST063228,2023-06-15,05:37,Current,NEFT,1609.4,Credit,1846.82,Food & Dining,Rajasthan,864,0,Unknown,0.0,Success,API,Verified,1,5,-1,-0.021911510688577773
TXN000489826,CUST032289,2023-06-16,14:18,Salary,IMPS,1433.82,Debit,1152584.25,Peer Transfer,Delhi,488,0,Unknown,0.0,Success,ATM,Verified,0,14,-1,-0.001990505112285601
TXN000489830,CUST018801,2023-06-16,14:09,Current,Cheque,563037.52,Credit,9223.75,Food & Dining,Maharashtra,688,0,Unknown,0.0,Success,Web,Expired,0,14,-1,-0.0017496070190640145
TXN000489904,CUST050209,2023-06-16,23:49,Salary,RTGS,516915.96,Credit,68599.54,Salary,Gujarat,814,0,Unknown,0.0,Success,API,Verified,0,23,-1,-0.008362956991912696
TXN000489910,CUST056795,2023-06-16,02:36,Savings,UPI,4131.54,Debit,1325989.88,Entertainment,Delhi,406,1,Home,4395.58,Success,Web,Verified,0,2,-1,-0.033366011666821405
TXN000490053,CUST046956,2023-06-16,04:52,Salary,RTGS,805828.94,Debit,161751.99,Salary,Gujarat,814,0,Unknown,0.0,Success,ATM,Verified,0,4,-1,-0.0012688987310165434
TXN000490111,CUST062659,2023-06-16,00:35,Current,IMPS,46639.97,Debit,92163.03,Utilities,UP,491,1,Unknown,76701.74,Success,Web,Verified,0,0,-1,-0.027533854499037225
TXN000490170,CUST042574,2023-06-17,15:08,NRI,ATM_Withdrawal,2000.0,Debit,226541.17,Salary,Delhi,345,1,Education,39940.03,Reversed,Mobile_App,Verified,0,15,-1,-0.006472983663240672
TXN000490184,CUST072586,2023-06-17,11:06,Current,Cheque,2113063.44,Debit,43908.69,Food & Dining,West Bengal,367,0,Unknown,0.0,Success,Mobile_App,Verified,0,11,-1,-0.06871553166883082
TXN000490224,CUST073820,2023-06-17,02:08,Current,Cheque,1411253.57,Debit,11764.46,Government,Gujarat,721,0,Unknown,0.0,Success,API,Verified,0,2,-1,-0.02284325410902399
TXN000490313,CUST069192,2023-06-17,11:42,Fixed Deposit,ATM_Withdrawal,5000.0,Debit,61938.19,Fuel,Telangana,427,1,Personal,56386.83,Success,Mobile_App,Verified,0,11,-1,-0.054784575980714956
TXN000490337,CUST013925,2023-06-17,14:37,Salary,Net_Banking,260.0,Credit,3329.49,Government,Punjab,782,1,Personal,5818.91,Success,ATM,Verified,0,14,-1,-0.013095166553821369
TXN000490426,CUST077071,2023-06-17,06:44,Savings,RTGS,448373.57,Credit,59780.77,Entertainment,Telangana,823,0,Unknown,0.0,Success,Web,Verified,0,6,-1,-0.0019387402640761442
TXN000490457,CUST017632,2023-06-17,19:27,Savings,IMPS,7158.34,Debit,29495.39,Food & Dining,Karnataka,782,0,Unknown,0.0,Success,Mobile_App,Verified,0,19,-1,-0.009714977258416524
TXN000490513,CUST047165,2023-06-18,07:28,Savings,NEFT,6568.06,Credit,15979.32,Investment,Maharashtra,782,1,Personal,2854.49,Success,Web,Verified,0,7,-1,-0.012930949258191937
TXN000490569,CUST023975,2023-06-18,12:44,Fixed Deposit,IMPS,25498.53,Debit,2542.51,Peer Transfer,Gujarat,640,1,Auto,17682.87,Success,Web,Verified,0,12,-1,-0.03093597345185728
TXN000490587,CUST018158,2023-06-18,15:02,Savings,POS,630.69,Debit,21778.88,Healthcare,Rajasthan,777,0,Unknown,0.0,Success,API,Verified,0,15,-1,-0.010528349329497977
TXN000490613,CUST009955,2023-06-18,03:56,Salary,RTGS,1001614.7,Credit,165723.13,Real Estate,Tamil Nadu,749,0,Unknown,0.0,Success,Mobile_App,Verified,0,3,-1,-0.07162308707461129
TXN000490757,CUST039719,2023-06-19,00:14,Salary,UPI,1764.22,Debit,14202.2,Salary,Tamil Nadu,645,1,Unknown,57646.72,Success,Branch,Verified,0,0,-1,-0.08077052350788405
TXN000490836,CUST012455,2023-06-19,10:06,Savings,RTGS,1119251.23,Debit,36512.29,Peer Transfer,UP,796,0,Unknown,0.0,Success,Web,Verified,0,10,-1,-0.09145211576238965
TXN000490993,CUST011112,2023-06-19,14:24,Fixed Deposit,RTGS,76443.81,Credit,33527.71,Utilities,Tamil Nadu,753,0,Unknown,0.0,Success,Branch,Pending,0,14,-1,-0.024416038017709307
TXN000491054,CUST040146,2023-06-19,01:42,Fixed Deposit,UPI,887.37,Debit,2259446.4,Government,Telangana,728,1,Gold,9835.11,Success,POS_Terminal,Verified,0,1,-1,-0.01575162192196644
TXN000491067,CUST013160,2023-06-20,06:20,Current,RTGS,961777.07,Debit,482518.31,Travel,West Bengal,370,0,Unknown,0.0,Success,ATM,Pending,0,6,-1,-0.07004884813707335
TXN000491244,CUST073704,2023-06-20,07:03,Savings,RTGS,1307868.93,Debit,19791.4,Entertainment,Tamil Nadu,441,0,Unknown,0.0,Success,Mobile_App,Verified,0,7,-1,-0.07674858171850296
TXN000491246,CUST072198,2023-06-20,07:16,Salary,RTGS,1959144.31,Debit,53427.3,Peer Transfer,West Bengal,894,0,Unknown,0.0,Success,Web,Verified,0,7,-1,-0.024116308949065357
TXN000491325,CUST024656,2023-06-20,11:31,Current,RTGS,214518.26,Debit,15451.66,Real Estate,Rajasthan,864,0,Unknown,0.0,Success,Mobile_App,Verified,0,11,-1,-0.029336547848809902
TXN000491568,CUST025943,2023-06-21,02:09,Current,Auto_Debit,2230.36,Debit,124935.5,Investment,Tamil Nadu,518,1,Personal,7229.79,Pending,Mobile_App,Verified,0,2,-1,-0.00035203525686200443
TXN000491599,CUST051999,2023-06-21,21:43,Savings,POS,311.47,Debit,310215.35,Retail,Karnataka,525,1,Personal,53586.87,Success,Mobile_App,Verified,0,21,-1,-0.004551804432313844
TXN000491616,CUST018142,2023-06-21,19:20,Savings,UPI,747.96,Credit,19658.32,Food & Dining,Karnataka,645,1,Personal,13044.64,Success,Web,Verified,0,19,-1,-0.01807759946112819
TXN000491687,CUST068764,2023-06-22,03:49,Current,RTGS,1455589.61,Debit,40189.61,Real Estate,Tamil Nadu,706,1,Unknown,2802.96,Success,Mobile_App,Verified,0,3,-1,-0.0070665445345009514
TXN000491736,CUST060044,2023-06-22,16:55,Savings,Cheque,2707776.96,Debit,23736.11,E-Commerce,West Bengal,739,1,Auto,2587.11,Success,Branch,Expired,0,16,-1,-0.13192942394302187
TXN000491902,CUST044959,2023-06-22,19:02,Savings,RTGS,188169.82,Credit,10648.81,Salary,Maharashtra,501,0,Unknown,0.0,Success,Mobile_App,Verified,0,19,-1,-0.0268688785814043
TXN000491990,CUST041471,2023-06-23,17:19,Current,Auto_Debit,2749.42,Debit,62193.54,Investment,Tamil Nadu,896,1,Auto,14960.76,Success,Web,Verified,0,17,-1,-6.799006445901146e-05
TXN000492044,CUST009416,2023-06-23,22:53,Current,RTGS,846240.25,Credit,37661.29,E-Commerce,Gujarat,837,0,Unknown,0.0,Reversed,Mobile_App,Verified,0,22,-1,-0.0169418816256649
TXN000492049,CUST066194,2023-06-23,12:14,Fixed Deposit,RTGS,1963187.05,Credit,14869.38,Education,Rajasthan,839,0,Unknown,0.0,Success,Mobile_App,Verified,0,12,-1,-0.07063544449024006
TXN000492065,CUST050715,2023-06-23,08:20,Savings,RTGS,477934.91,Credit,67925.2,Retail,Tamil Nadu,314,1,Education,7628.92,Success,API,Verified,0,8,-1,-0.03860485361310506
TXN000492327,CUST010118,2023-06-24,18:07,Salary,RTGS,951613.16,Debit,163070.8,E-Commerce,Delhi,613,0,Unknown,0.0,Failed,Mobile_App,Verified,0,18,-1,-0.016292117457014532
TXN000492342,CUST025808,2023-06-24,14:02,Savings,ATM_Withdrawal,1000.0,Debit,1389699.34,Insurance,Rajasthan,777,1,Home,2955.76,Success,ATM,Verified,0,14,-1,-0.01917184009235473
TXN000492631,CUST007562,2023-06-25,17:41,Salary,RTGS,1199101.47,Debit,150530.17,Education,West Bengal,554,0,Unknown,0.0,Reversed,Mobile_App,Verified,0,17,-1,-0.048441369054105676
TXN000492683,CUST041735,2023-06-25,09:25,Savings,RTGS,840672.32,Credit,7256.17,Investment,Telangana,714,0,Unknown,0.0,Success,Web,Verified,1,9,-1,-0.005125973820388263
TXN000492879,CUST020127,2023-06-26,07:15,Fixed Deposit,RTGS,1084890.52,Credit,4249.44,Food & Dining,UP,862,0,Unknown,0.0,Success,Branch,Pending,0,7,-1,-0.033011654121184564
TXN000492993,CUST020782,2023-06-26,20:46,Savings,UPI,86.02,Debit,366049.01,Insurance,Rajasthan,715,1,Unknown,68157.87,Success,Mobile_App,Verified,0,20,-1,-0.03955806020060382
TXN000492995,CUST056830,2023-06-26,09:47,Fixed Deposit,RTGS,1526752.9,Debit,5441.98,Entertainment,Gujarat,840,0,Unknown,0.0,Success,Web,Pending,0,9,-1,-0.04721393114401051
TXN000493022,CUST021388,2023-06-26,02:52,Savings,POS,3563.16,Debit,794728.75,E-Commerce,Rajasthan,406,0,Unknown,0.0,Success,Mobile_App,Verified,0,2,-1,-0.003568787492221781
TXN000493052,CUST020148,2023-06-26,02:35,Current,NEFT,18859.02,Credit,141710.21,Utilities,Tamil Nadu,518,0,Unknown,0.0,Success,Mobile_App,Verified,0,2,-1,-0.009985798411404456
TXN000493094,CUST037365,2023-06-26,11:44,Savings,RTGS,23244.76,Credit,11729.77,Peer Transfer,Gujarat,640,0,Unknown,0.0,Success,ATM,Verified,0,11,-1,-0.03109641487917525
TXN000493104,CUST002124,2023-06-26,23:57,Savings,RTGS,687844.68,Credit,17050.46,Healthcare,Delhi,487,0,Unknown,0.0,Success,Web,Verified,0,23,-1,-0.024748495194445663
TXN000493313,CUST058348,2023-06-27,09:30,Fixed Deposit,RTGS,1219866.41,Credit,28894.56,Peer Transfer,Rajasthan,436,0,Unknown,0.0,Success,Mobile_App,Verified,0,9,-1,-0.028633354758834773
TXN000493346,CUST007676,2023-06-27,12:11,NRI,IMPS,8011.67,Debit,193539.16,Travel,Gujarat,782,1,Unknown,10738.66,Failed,Branch,Verified,0,12,-1,-0.002648794818754685
TXN000493355,CUST024806,2023-06-27,10:50,Current,ATM_Withdrawal,2000.0,Debit,36870.32,Education,Maharashtra,425,1,Home,10386.42,Success,Branch,Verified,0,10,-1,-0.013509168694784024
TXN000493730,CUST070124,2023-06-28,18:59,Current,RTGS,196620.68,Debit,122900.56,Investment,Telangana,314,0,Unknown,0.0,Success,ATM,Verified,0,18,-1,-0.009901818528684436
TXN000493797,CUST033909,2023-06-29,00:19,Savings,UPI,69.02,Debit,755970.52,Salary,Rajasthan,406,0,Unknown,0.0,Success,Web,Verified,0,0,-1,-0.010233490784008814
TXN000494002,CUST034343,2023-06-29,20:46,Salary,ATM_Withdrawal,1000.0,Debit,16250.92,Food & Dining,Telangana,548,0,Unknown,0.0,Success,POS_Terminal,Verified,0,20,-1,-0.005700863160160163
TXN000494093,CUST021731,2023-06-30,17:48,Savings,RTGS,1755865.47,Debit,211489.24,Real Estate,Delhi,824,0,Unknown,0.0,Success,Mobile_App,Verified,0,17,-1,-0.05942702942495415
TXN000494138,CUST007844,2023-06-30,16:36,Salary,RTGS,744293.28,Debit,22776.97,Education,Delhi,380,1,Personal,1745.86,Success,Mobile_App,Expired,0,16,-1,-0.0006019528394477502
TXN000494237,CUST075392,2023-06-30,08:51,Savings,RTGS,1674783.46,Credit,661492.89,Government,Tamil Nadu,728,0,Unknown,0.0,Success,Mobile_App,Verified,1,8,-1,-0.08336998092263193
TXN000494241,CUST007395,2023-06-30,17:43,Savings,RTGS,960137.71,Debit,6193.46,Peer Transfer,Tamil Nadu,804,0,Unknown,0.0,Success,ATM,Verified,0,17,-1,-0.03275040023962572
TXN000494385,CUST025722,2023-07-01,20:20,Current,UPI,194.25,Debit,52895.7,Entertainment,Tamil Nadu,501,1,Business,3025.59,Success,Mobile_App,Verified,0,20,-1,-0.0004398412872319568
TXN000494719,CUST032869,2023-07-02,15:46,NRI,Cheque,1454563.7,Credit,52269.44,Salary,Rajasthan,485,1,Personal,1450.74,Success,Mobile_App,Pending,0,15,-1,-0.04313893963002147
TXN000494735,CUST026997,2023-07-02,15:46,NRI,Net_Banking,5873.11,Credit,12089.74,Insurance,Tamil Nadu,640,0,Unknown,0.0,Success,ATM,Pending,0,15,-1,-0.03508479419217092
TXN000494743,CUST033501,2023-07-02,06:39,Current,Cheque,38244.69,Debit,38593.6,Real Estate,Telangana,314,1,Home,9250.6,Success,API,Verified,0,6,-1,-0.018589700350505778
TXN000495002,CUST029159,2023-07-02,21:25,Salary,POS,910.68,Debit,1266.5,Salary,Tamil Nadu,864,0,Unknown,0.0,Failed,API,Pending,0,21,-1,-0.02040754421339186
TXN000495018,CUST017825,2023-07-03,01:39,Savings,NEFT,33901.17,Credit,44957.6,Peer Transfer,Karnataka,333,0,Unknown,0.0,Success,Web,Expired,0,1,-1,-0.0038430411866212655
TXN000495063,CUST023349,2023-07-03,10:17,Savings,RTGS,2249742.0,Credit,10070.05,Education,Delhi,661,0,Unknown,0.0,Success,Mobile_App,Verified,0,10,-1,-0.049416461736410566
TXN000495121,CUST021328,2023-07-03,03:04,Salary,Credit_Card,2233.22,Debit,44421.84,Retail,Rajasthan,785,1,Gold,24330.72,Failed,Web,Verified,0,3,-1,-0.007633030857415735
TXN000495157,CUST036886,2023-07-03,09:18,Current,RTGS,4032262.86,Credit,11516.87,Investment,Tamil Nadu,344,0,Unknown,0.0,Success,Web,Verified,0,9,-1,-0.0736587061353402
TXN000495425,CUST031260,2023-07-04,15:56,Salary,RTGS,331838.76,Debit,72581.42,Healthcare,Telangana,699,0,Unknown,0.0,Success,Web,Pending,0,15,-1,-0.019106839459844704
TXN000495578,CUST062257,2023-07-04,20:41,Savings,RTGS,1953769.86,Credit,13281.15,Salary,Gujarat,360,0,Unknown,0.0,Success,Web,Verified,1,20,-1,-0.030202621077748626
TXN000495586,CUST026422,2023-07-04,17:32,Current,RTGS,92519.81,Credit,28566.01,E-Commerce,Karnataka,896,0,Unknown,0.0,Success,Mobile_App,Pending,0,17,-1,-0.01022156637517091
TXN000495607,CUST020530,2023-07-05,04:47,Current,UPI,531.6,Debit,5000000.0,Peer Transfer,Maharashtra,313,1,Auto,2631.22,Success,Branch,Verified,0,4,-1,-0.06272055240800922
TXN000495913,CUST009916,2023-07-06,14:05,Current,IMPS,4248.43,Debit,53267.9,Investment,UP,849,1,Gold,44027.51,Success,Mobile_App,Pending,0,14,-1,-0.027282094742527185
TXN000495965,CUST077254,2023-07-06,12:34,Savings,RTGS,256722.29,Debit,92842.87,Insurance,Karnataka,649,1,Personal,4995.32,Success,API,Verified,0,12,-1,-0.011223698292642359
TXN000495987,CUST060039,2023-07-06,07:38,Current,UPI,1305.79,Debit,81466.18,Healthcare,Delhi,575,1,Personal,26051.13,Success,Mobile_App,Verified,0,7,-1,-0.0006102152549463113
TXN000496007,CUST070927,2023-07-06,17:19,Current,ATM_Withdrawal,5000.0,Debit,118534.98,Food & Dining,Maharashtra,470,1,Home,5748.2,Success,Branch,Verified,0,17,-1,-0.014448185046458617
TXN000496024,CUST022980,2023-07-06,16:35,Fixed Deposit,RTGS,586110.12,Credit,41133.98,Investment,Gujarat,785,0,Unknown,0.0,Success,POS_Terminal,Verified,0,16,-1,-0.07255009936639623
TXN000496040,CUST014918,2023-07-06,16:36,Current,NEFT,102300.33,Debit,790659.88,Peer Transfer,Maharashtra,518,1,Education,14260.13,Success,Branch,Verified,0,16,-1,-0.03198735129284136
TXN000496155,CUST017081,2023-07-06,06:00,Current,RTGS,1208749.27,Credit,40928.18,Food & Dining,Tamil Nadu,701,0,Unknown,0.0,Success,API,Verified,0,6,-1,-0.01963661097080327
TXN000496184,CUST039852,2023-07-07,22:15,Savings,ATM_Withdrawal,2000.0,Debit,6834.57,Healthcare,Telangana,792,0,Unknown,0.0,Success,Web,Verified,0,22,-1,-0.018170612083265536
TXN000496205,CUST048571,2023-07-07,03:53,Current,RTGS,882650.78,Debit,5883.15,Peer Transfer,Tamil Nadu,518,1,Unknown,4020.79,Success,Mobile_App,Verified,0,3,-1,-0.049483132233321236
TXN000496363,CUST039604,2023-07-07,10:23,Current,RTGS,1210093.4,Debit,81560.13,Peer Transfer,Maharashtra,824,0,Unknown,0.0,Success,Web,Verified,0,10,-1,-0.01678095561650883
TXN000496427,CUST015366,2023-07-07,13:27,Current,RTGS,866029.36,Debit,10618.06,Insurance,Gujarat,516,0,Unknown,0.0,Success,Branch,Verified,0,13,-1,-0.008902537548433287
TXN000496611,CUST016976,2023-07-08,07:26,Salary,NEFT,22989.06,Credit,9838.96,Government,Gujarat,314,0,Unknown,0.0,Success,Web,Verified,0,7,-1,-0.025521021355398132
TXN000496719,CUST047130,2023-07-08,18:28,NRI,RTGS,67482.88,Credit,12080.75,E-Commerce,Karnataka,640,0,Unknown,0.0,Success,ATM,Verified,0,18,-1,-0.010657059498035637
TXN000496801,CUST028530,2023-07-09,03:21,NRI,RTGS,337546.46,Credit,5551.56,Retail,Gujarat,728,1,Business,5582.87,Success,Branch,Expired,0,3,-1,-0.009553819687385223
TXN000496834,CUST067376,2023-07-09,21:24,Current,RTGS,565630.34,Credit,175477.05,Government,Tamil Nadu,729,1,Home,2500.8,Success,Mobile_App,Verified,0,21,-1,-0.02989832246278845
TXN000496865,CUST044747,2023-07-09,21:43,Fixed Deposit,RTGS,842614.21,Credit,10687.72,Salary,Delhi,700,1,Home,8569.68,Success,Web,Verified,0,21,-1,-0.011542275359985199
TXN000496934,CUST051133,2023-07-09,05:56,NRI,RTGS,873389.94,Credit,229490.75,Salary,Delhi,585,1,Home,3437.94,Success,ATM,Verified,0,5,-1,-0.08363645530190755
TXN000497101,CUST074719,2023-07-10,06:46,Current,UPI,1608.18,Debit,15561.62,Fuel,Maharashtra,501,0,Unknown,0.0,Success,Mobile_App,Verified,0,6,-1,-0.015180260546302393
TXN000497107,CUST069112,2023-07-10,21:27,NRI,RTGS,1886093.21,Debit,157913.0,Travel,Delhi,516,0,Unknown,0.0,Success,Branch,Verified,0,21,-1,-0.058473914610211786
TXN000497118,CUST075712,2023-07-10,15:48,Fixed Deposit,RTGS,683113.33,Debit,82665.72,Travel,Tamil Nadu,768,0,Unknown,0.0,Success,Web,Pending,0,15,-1,-0.027134885566303613
TXN000497220,CUST047045,2023-07-10,16:52,Current,Cheque,853847.13,Credit,6758.48,Salary,Delhi,474,0,Unknown,0.0,Success,ATM,Verified,0,16,-1,-0.0006987006395806628
TXN000497696,CUST028184,2023-07-11,22:59,Savings,Cheque,959122.57,Debit,70455.98,Investment,Rajasthan,861,0,Unknown,0.0,Success,Web,Pending,0,22,-1,-0.05637399832151235
TXN000497750,CUST050585,2023-07-12,03:27,Savings,Cheque,11975.84,Debit,193924.36,Investment,Rajasthan,792,1,Home,4706.77,Success,ATM,Pending,0,3,-1,-0.0044408293315468805
TXN000497816,CUST066607,2023-07-12,07:52,Current,RTGS,2304471.43,Credit,82213.38,Healthcare,Tamil Nadu,625,1,Auto,20101.46,Success,ATM,Verified,0,7,-1,-0.04889302539910356
TXN000497931,CUST024378,2023-07-12,11:16,Current,Cheque,1489856.2,Credit,116516.13,Healthcare,Tamil Nadu,625,0,Unknown,0.0,Success,Mobile_App,Verified,0,11,-1,-0.004194053565338418
TXN000498110,CUST049035,2023-07-13,19:54,Fixed Deposit,RTGS,174540.32,Credit,16917.31,Retail,Telangana,814,0,Unknown,0.0,Success,Branch,Verified,0,19,-1,-0.013822950442245685
TXN000498131,CUST023622,2023-07-13,11:53,NRI,RTGS,1251059.35,Credit,106575.31,E-Commerce,Tamil Nadu,878,0,Unknown,0.0,Success,Mobile_App,Verified,0,11,-1,-0.0435766365799799
TXN000498199,CUST066682,2023-07-13,19:46,Salary,UPI,5877.27,Credit,26237.54,E-Commerce,Maharashtra,429,1,Personal,30778.52,Success,Mobile_App,Verified,0,19,-1,-0.0557668268533974
TXN000498202,CUST025022,2023-07-13,20:11,Salary,RTGS,186441.82,Credit,28784.32,Fuel,Tamil Nadu,640,0,Unknown,0.0,Failed,Web,Verified,0,20,-1,-0.027536435704872075
TXN000498405,CUST023665,2023-07-14,12:40,Current,RTGS,1160672.11,Debit,325637.09,Entertainment,Maharashtra,788,1,Business,2958.18,Success,ATM,Verified,0,12,-1,-0.02801303362691232
TXN000498695,CUST017378,2023-07-15,18:57,Current,RTGS,1555996.98,Debit,118070.91,E-Commerce,Tamil Nadu,379,1,Gold,6258.42,Pending,Branch,Verified,0,18,-1,-0.03579513851245897
TXN000498822,CUST008119,2023-07-15,02:52,Savings,RTGS,2653484.78,Debit,100819.97,E-Commerce,Telangana,624,1,Business,2167.94,Success,Web,Verified,0,2,-1,-0.07141029387335907
TXN000498831,CUST072216,2023-07-15,09:41,Savings,NEFT,15720.15,Credit,126506.32,Food & Dining,UP,501,0,Unknown,0.0,Success,POS_Terminal,Verified,0,9,-1,-0.022991795134030824
TXN000499090,CUST021268,2023-07-16,21:40,Current,ATM_Withdrawal,2000.0,Debit,157092.28,Utilities,Tamil Nadu,430,1,Business,43208.45,Success,Web,Verified,0,21,-1,-0.008092527168687913
TXN000499374,CUST033772,2023-07-17,19:28,Current,Cheque,1625280.56,Credit,1214.73,Retail,Tamil Nadu,523,0,Unknown,0.0,Success,Mobile_App,Verified,0,19,-1,-0.03775775177606833
TXN000499583,CUST072537,2023-07-17,08:46,Savings,RTGS,1549920.83,Debit,26987.63,Fuel,Gujarat,545,0,Unknown,0.0,Success,Branch,Verified,0,8,-1,-0.04452656478499384
TXN000499600,CUST062821,2023-07-18,16:35,Savings,ATM_Withdrawal,2000.0,Debit,191383.72,E-Commerce,Tamil Nadu,470,1,Personal,12187.9,Success,POS_Terminal,Verified,0,16,-1,-0.024574009194859858
TXN000499629,CUST013547,2023-07-18,13:38,Savings,RTGS,1294709.86,Debit,18449.81,Retail,Gujarat,538,0,Unknown,0.0,Success,Web,Verified,0,13,-1,-0.050771533620099896
TXN000499639,CUST077643,2023-07-18,01:46,Fixed Deposit,ATM_Withdrawal,500.0,Debit,34361.34,Travel,Gujarat,640,0,Unknown,0.0,Success,Mobile_App,Verified,0,1,-1,-0.01791219274094269
TXN000499784,CUST032424,2023-07-18,16:27,Current,RTGS,928071.85,Debit,10120.51,Retail,Delhi,535,1,Education,5101.96,Success,Web,Verified,0,16,-1,-0.023192360879379148
TXN000499843,CUST006082,2023-07-18,08:20,Savings,POS,1491.94,Debit,25986.54,Utilities,Delhi,548,0,Unknown,0.0,Pending,Mobile_App,Verified,0,8,-1,-0.004689246147250303
TXN000500294,CUST073033,2023-07-20,15:19,Current,RTGS,413677.33,Credit,130435.96,Utilities,West Bengal,640,0,Unknown,0.0,Success,POS_Terminal,Verified,0,15,-1,-0.08851253990829322
TXN000500305,CUST003632,2023-07-20,00:28,Savings,RTGS,1139216.64,Debit,17524.51,E-Commerce,Karnataka,466,0,Unknown,0.0,Success,POS_Terminal,Verified,0,0,-1,-0.03832170086943032
TXN000500467,CUST038223,2023-07-20,17:52,Salary,RTGS,421426.6,Credit,55386.23,Peer Transfer,Gujarat,358,1,Personal,6543.45,Success,POS_Terminal,Verified,0,17,-1,-0.017547695174843225
TXN000500553,CUST055695,2023-07-21,18:03,Savings,UPI,1921.62,Debit,7125.72,Utilities,Rajasthan,803,0,Unknown,0.0,Success,API,Verified,0,18,-1,-0.008005806874202381
TXN000500586,CUST056584,2023-07-21,18:29,Savings,RTGS,3801939.9,Credit,78614.95,Utilities,Rajasthan,571,0,Unknown,0.0,Success,Web,Verified,0,18,-1,-0.05624303646591389
TXN000500723,CUST036636,2023-07-21,11:45,Current,ATM_Withdrawal,1000.0,Debit,2995.27,Salary,West Bengal,470,1,Business,6534.6,Reversed,Branch,Verified,0,11,-1,-0.0063123365718414925
TXN000500862,CUST045484,2023-07-22,11:18,Current,POS,887.35,Debit,58828.8,Peer Transfer,Delhi,505,0,Unknown,0.0,Success,Branch,Verified,0,11,-1,-0.012105123490935843
TXN000501034,CUST027827,2023-07-22,03:54,NRI,RTGS,251709.71,Credit,110813.27,Real Estate,West Bengal,483,0,Unknown,0.0,Success,Mobile_App,Verified,0,3,-1,-0.020277342586544123
TXN000501067,CUST015946,2023-07-22,17:19,Salary,RTGS,1030297.76,Credit,1438.3,Healthcare,Maharashtra,876,1,Home,2403.37,Success,Mobile_App,Verified,0,17,-1,-0.027236985634834232
TXN000501079,CUST027524,2023-07-22,06:46,Savings,RTGS,112651.3,Debit,94934.5,Retail,Karnataka,332,1,Personal,3807.69,Success,ATM,Verified,0,6,-1,-0.0021410899611399303
TXN000501289,CUST027647,2023-07-23,22:45,Fixed Deposit,RTGS,691026.57,Debit,68921.68,Government,West Bengal,505,0,Unknown,0.0,Success,ATM,Verified,0,22,-1,-0.0009724241677390166
TXN000501445,CUST030937,2023-07-24,08:25,Savings,RTGS,2903301.24,Debit,652782.15,Food & Dining,Telangana,735,1,Business,4911.66,Success,ATM,Verified,0,8,-1,-0.06990213128355316
TXN000501450,CUST065544,2023-07-24,05:24,Savings,Cheque,1049940.06,Credit,59497.22,Healthcare,Telangana,680,1,Personal,12342.6,Success,ATM,Pending,0,5,-1,-0.030531688971164872
TXN000501463,CUST035331,2023-07-24,18:51,Savings,NEFT,557.48,Debit,17203.26,Healthcare,Tamil Nadu,649,1,Home,1386.58,Success,Mobile_App,Verified,0,18,-1,-0.0013614159712251883
TXN000501576,CUST040350,2023-07-24,15:38,Salary,ATM_Withdrawal,500.0,Debit,835659.22,Utilities,Maharashtra,406,0,Unknown,0.0,Pending,Web,Pending,0,15,-1,-0.0476887165443074
TXN000501921,CUST013259,2023-07-25,18:58,Salary,UPI,2142.29,Credit,30635.34,Salary,Karnataka,649,1,Personal,7638.43,Success,Branch,Verified,0,18,-1,-0.006919575421742596
TXN000502018,CUST006344,2023-07-26,22:48,Current,RTGS,113528.37,Debit,90146.28,Retail,Maharashtra,325,1,Education,9126.65,Success,Mobile_App,Verified,0,22,-1,-0.0004033451506121333
TXN000502260,CUST002018,2023-07-26,09:47,Savings,Cheque,1721332.93,Debit,6856.47,Utilities,Rajasthan,736,1,Home,1785.85,Success,Mobile_App,Verified,0,9,-1,-0.026112718038174276
TXN000502435,CUST037574,2023-07-27,22:07,Salary,RTGS,292391.62,Credit,121209.67,Retail,West Bengal,764,1,Education,1569.03,Success,Mobile_App,Verified,0,22,-1,-0.0028405587475394123
TXN000502441,CUST028634,2023-07-27,16:26,Savings,NEFT,1990742.09,Debit,26353.69,Food & Dining,Telangana,360,0,Unknown,0.0,Success,Mobile_App,Verified,0,16,-1,-0.02028582697007708
TXN000502500,CUST049085,2023-07-27,10:45,Savings,RTGS,1151385.72,Debit,32664.11,Entertainment,Maharashtra,503,0,Unknown,0.0,Success,ATM,Verified,0,10,-1,-0.015762018770226316
TXN000502517,CUST011279,2023-07-27,09:19,Savings,ATM_Withdrawal,5000.0,Debit,22146.78,Government,Delhi,714,1,Business,38573.82,Failed,POS_Terminal,Verified,0,9,-1,-0.05256878382156527
TXN000502535,CUST040776,2023-07-27,12:36,Current,RTGS,1020993.07,Credit,23740.31,Peer Transfer,Delhi,884,1,Auto,16284.3,Success,Mobile_App,Verified,0,12,-1,-0.021222480468727323
TXN000502612,CUST061279,2023-07-28,04:00,Current,RTGS,2137795.73,Debit,11988.51,Salary,Punjab,410,1,Personal,1126.06,Success,Mobile_App,Verified,0,4,-1,-0.08351100909858078
TXN000502657,CUST074264,2023-07-28,07:50,Current,RTGS,951888.42,Credit,39641.97,Travel,Delhi,325,0,Unknown,0.0,Success,POS_Terminal,Verified,0,7,-1,-0.10188615841133108
TXN000502773,CUST071108,2023-07-28,18:45,Current,RTGS,974798.98,Debit,17901.99,Entertainment,West Bengal,605,0,Unknown,0.0,Success,Web,Pending,0,18,-1,-0.0337643344953098
TXN000503081,CUST008835,2023-07-29,19:53,Salary,POS,1377.52,Debit,64421.12,Peer Transfer,Telangana,750,1,Personal,14437.24,Success,Mobile_App,Verified,0,19,-1,-0.004465221852910761
TXN000503140,CUST073377,2023-07-29,03:33,Savings,RTGS,180769.49,Debit,7561.44,Government,Tamil Nadu,585,0,Unknown,0.0,Success,ATM,Verified,0,3,-1,-0.008379911152767594
TXN000503414,CUST075504,2023-07-30,06:09,Fixed Deposit,RTGS,751781.68,Debit,17428.07,Food & Dining,Gujarat,787,0,Unknown,0.0,Success,ATM,Verified,0,6,-1,-4.558696465550849e-05
TXN000503446,CUST018878,2023-07-30,03:46,Savings,RTGS,1540088.64,Debit,109564.56,Travel,Rajasthan,668,0,Unknown,0.0,Success,Branch,Verified,0,3,-1,-0.048410704790181946
TXN000503544,CUST039205,2023-07-31,04:50,NRI,RTGS,1669807.9,Credit,12198.2,Education,Karnataka,362,0,Unknown,0.0,Success,Mobile_App,Pending,0,4,-1,-0.06391472138359522
TXN000503564,CUST066342,2023-07-31,06:55,Salary,ATM_Withdrawal,2000.0,Debit,20485.29,Food & Dining,Maharashtra,550,1,Home,56456.0,Success,Web,Verified,0,6,-1,-0.028911606070450846
TXN000503716,CUST008109,2023-07-31,21:27,Current,UPI,119.61,Credit,181403.89,Insurance,Tamil Nadu,373,1,Home,66022.51,Success,Web,Verified,0,21,-1,-0.01271513458273299
TXN000503818,CUST059203,2023-07-31,06:15,Fixed Deposit,RTGS,1264201.29,Credit,16737.62,Salary,Maharashtra,725,1,Home,2917.28,Success,POS_Terminal,Verified,0,6,-1,-0.006545777165772981
TXN000503824,CUST004594,2023-07-31,18:14,Salary,RTGS,912374.21,Debit,108975.66,Peer Transfer,Karnataka,505,0,Unknown,0.0,Success,Mobile_App,Verified,0,18,-1,-0.048306035244584766
TXN000503996,CUST031119,2023-08-01,00:47,Salary,RTGS,1021137.42,Credit,76307.08,Peer Transfer,Gujarat,823,0,Unknown,0.0,Success,Web,Verified,0,0,-1,-0.03189360063821567
TXN000504117,CUST008245,2023-08-01,05:23,Savings,RTGS,853702.45,Credit,134566.49,Utilities,Tamil Nadu,429,0,Unknown,0.0,Success,Web,Verified,0,5,-1,-0.008519051395032062
TXN000504127,CUST010917,2023-08-01,13:37,NRI,Auto_Debit,764.15,Debit,33351.16,Insurance,Tamil Nadu,656,1,Gold,30169.47,Success,Mobile_App,Verified,0,13,-1,-0.007730404618246034
TXN000504208,CUST030931,2023-08-02,10:54,Current,RTGS,790935.91,Credit,73659.46,Peer Transfer,Tamil Nadu,622,0,Unknown,0.0,Success,Mobile_App,Verified,0,10,-1,-0.036179335271633195
TXN000504215,CUST052868,2023-08-02,17:01,Current,Cheque,124530.62,Debit,30689.21,Utilities,Karnataka,628,1,Unknown,18232.24,Success,ATM,Verified,0,17,-1,-0.0074935076396748235
TXN000504391,CUST029442,2023-08-02,02:43,Salary,RTGS,1094796.01,Credit,41981.55,Investment,Maharashtra,352,0,Unknown,0.0,Success,POS_Terminal,Verified,0,2,-1,-0.013539870401461318
TXN000504503,CUST017992,2023-08-03,08:13,Salary,RTGS,494644.99,Credit,207980.47,Government,Delhi,573,1,Auto,3390.31,Success,Mobile_App,Verified,0,8,-1,-0.021431885807569495
TXN000504638,CUST008680,2023-08-03,00:51,Savings,RTGS,1341414.15,Debit,14685.31,E-Commerce,Gujarat,679,0,Unknown,0.0,Success,Mobile_App,Verified,0,0,-1,-0.026123051333895586
TXN000504728,CUST048060,2023-08-03,08:28,Current,Net_Banking,9921.12,Debit,35293.66,E-Commerce,Delhi,470,1,Auto,13880.96,Success,Branch,Verified,0,8,-1,-0.013910428849262302
TXN000504766,CUST042596,2023-08-04,04:44,Fixed Deposit,RTGS,262676.42,Credit,38503.23,Peer Transfer,Telangana,807,1,Auto,11532.25,Success,Mobile_App,Verified,0,4,-1,-0.01148389702328434
TXN000504869,CUST003525,2023-08-04,07:49,Salary,RTGS,1210459.99,Debit,34117.84,Food & Dining,West Bengal,578,0,Unknown,0.0,Success,API,Verified,0,7,-1,-0.030443583721251
TXN000504931,CUST057773,2023-08-04,01:00,Savings,NEFT,49099.5,Credit,29644.98,Government,Delhi,406,0,Unknown,0.0,Success,Mobile_App,Verified,0,1,-1,-0.046533652580140084
TXN000505034,CUST016446,2023-08-04,18:44,Savings,POS,127.84,Debit,87734.98,Real Estate,Rajasthan,896,1,Home,19366.98,Success,Mobile_App,Verified,0,18,-1,-0.03127788670797338
TXN000505047,CUST036196,2023-08-05,17:19,Savings,POS,364.73,Debit,4948.36,Travel,Maharashtra,777,0,Unknown,0.0,Success,POS_Terminal,Verified,0,17,-1,-0.0020604240694834797
TXN000505202,CUST070964,2023-08-05,21:49,Salary,RTGS,1583927.51,Credit,30981.67,Peer Transfer,Tamil Nadu,395,0,Unknown,0.0,Success,POS_Terminal,Verified,0,21,-1,-0.008363363712483585
TXN000505267,CUST013113,2023-08-05,23:04,Savings,ATM_Withdrawal,1000.0,Debit,13478.85,Retail,Tamil Nadu,406,1,Business,7773.32,Success,Mobile_App,Verified,0,23,-1,-0.006674529416044628
TXN000505350,CUST029688,2023-08-05,09:52,Current,RTGS,45610.5,Credit,35061.03,Insurance,Maharashtra,792,0,Unknown,0.0,Success,Mobile_App,Verified,0,9,-1,-0.033470568923954835
TXN000505960,CUST036206,2023-08-07,04:40,Savings,UPI,1949.16,Credit,135887.21,Travel,Gujarat,406,1,Personal,2372.94,Success,Mobile_App,Pending,0,4,-1,-0.04218870988523871
TXN000506103,CUST015229,2023-08-08,17:41,Current,RTGS,848132.78,Credit,45538.34,Government,Karnataka,665,0,Unknown,0.0,Success,Mobile_App,Verified,0,17,-1,-0.05204149024493432
TXN000506145,CUST060245,2023-08-08,00:30,Savings,UPI,186.5,Credit,97589.76,Real Estate,West Bengal,803,0,Unknown,0.0,Success,Web,Verified,0,0,-1,-0.007187745000861945
TXN000506404,CUST071147,2023-08-09,04:11,Savings,RTGS,1158639.63,Debit,60800.07,Government,Rajasthan,462,0,Unknown,0.0,Reversed,Mobile_App,Expired,0,4,-1,-0.022641328606506694
TXN000506504,CUST052328,2023-08-09,05:51,Current,RTGS,433208.35,Credit,58653.76,Entertainment,West Bengal,483,1,Education,1555.79,Success,API,Verified,0,5,-1,-0.0036801038891766114
TXN000506694,CUST073920,2023-08-10,10:03,Current,RTGS,785941.81,Debit,88995.8,Food & Dining,Tamil Nadu,749,0,Unknown,0.0,Success,API,Verified,0,10,-1,-0.02252703294063385
TXN000506768,CUST033098,2023-08-10,02:31,Savings,ATM_Withdrawal,1000.0,Debit,3454152.43,Healthcare,Tamil Nadu,611,0,Unknown,0.0,Success,POS_Terminal,Verified,0,2,-1,-0.0032131786643389004
TXN000506771,CUST054684,2023-08-10,11:05,Current,Cheque,3529718.9,Debit,36726.68,Government,Maharashtra,855,0,Unknown,0.0,Success,Branch,Verified,0,11,-1,-0.07294603512230602
TXN000506788,CUST032103,2023-08-10,04:34,Savings,Cheque,20885.63,Debit,70876.99,Retail,Telangana,488,1,Education,23125.08,Success,Branch,Verified,0,4,-1,-0.03452978427243114
TXN000506945,CUST015066,2023-08-11,03:07,Savings,RTGS,1393775.13,Credit,12129.7,Travel,Rajasthan,769,1,Home,4042.09,Reversed,Web,Expired,0,3,-1,-0.04376604139283813
TXN000507004,CUST064715,2023-08-11,12:24,Savings,RTGS,154137.66,Credit,11350.16,Peer Transfer,Tamil Nadu,585,0,Unknown,0.0,Success,POS_Terminal,Verified,0,12,-1,-0.031158661558638334
TXN000507086,CUST022403,2023-08-11,16:41,Salary,UPI,1258.6,Credit,195672.87,Retail,Tamil Nadu,500,1,Gold,42385.68,Success,Branch,Verified,0,16,-1,-0.06166991932420063
TXN000507115,CUST073484,2023-08-11,05:29,Salary,RTGS,1595624.88,Debit,77151.42,Investment,Gujarat,625,1,Auto,5895.22,Success,Mobile_App,Verified,0,5,-1,-0.016854114268220033
TXN000507285,CUST002111,2023-08-12,21:56,Current,IMPS,21720.72,Debit,141561.43,Insurance,Delhi,896,1,Education,21390.65,Success,Mobile_App,Verified,0,21,-1,-0.03704050481758869
TXN000507313,CUST011384,2023-08-12,13:48,Current,IMPS,7687.22,Debit,9046.19,Government,Tamil Nadu,604,1,Unknown,23350.36,Success,Mobile_App,Verified,0,13,-1,-0.004427638578863746
TXN000507518,CUST040645,2023-08-13,04:52,Fixed Deposit,Cheque,2611338.57,Debit,83564.67,Salary,Maharashtra,461,0,Unknown,0.0,Success,Mobile_App,Verified,0,4,-1,-0.06351921597720755
TXN000507544,CUST035355,2023-08-13,00:38,Fixed Deposit,RTGS,364119.99,Credit,29193.43,Food & Dining,West Bengal,364,0,Unknown,0.0,Success,Mobile_App,Verified,0,0,-1,-0.008861644262611379
TXN000507610,CUST044861,2023-08-13,09:42,Current,RTGS,1379087.04,Debit,731174.38,Food & Dining,Karnataka,739,0,Unknown,0.0,Success,Web,Verified,0,9,-1,-0.07842459753896736
TXN000507649,CUST018132,2023-08-13,11:02,Savings,NEFT,14756.49,Credit,22541.68,E-Commerce,Maharashtra,864,0,Unknown,0.0,Success,POS_Terminal,Verified,0,11,-1,-0.03852768734050671
TXN000507702,CUST039017,2023-08-13,17:51,Fixed Deposit,RTGS,644861.71,Debit,136120.39,Food & Dining,West Bengal,799,0,Unknown,0.0,Success,ATM,Verified,0,17,-1,-0.0011417226689676152
TXN000507805,CUST049104,2023-08-14,04:48,Savings,RTGS,407634.57,Credit,66026.72,Food & Dining,Gujarat,310,0,Unknown,0.0,Success,Web,Expired,0,4,-1,-0.008069097407624404
TXN000507887,CUST027427,2023-08-14,14:24,Current,NEFT,5976.55,Debit,72498.03,Utilities,Tamil Nadu,803,1,Personal,34955.34,Success,Mobile_App,Verified,0,14,-1,-0.019131571018014215
TXN000507977,CUST068408,2023-08-14,23:13,Savings,POS,642.02,Debit,14101.86,Retail,Tamil Nadu,406,0,Unknown,0.0,Success,ATM,Verified,0,23,-1,-0.003325197628706089
TXN000508409,CUST057063,2023-08-16,20:09,Salary,IMPS,1511.3,Debit,8614.68,Salary,Telangana,535,1,Education,25789.88,Success,POS_Terminal,Verified,0,20,-1,-0.011784659829782274
TXN000508414,CUST065983,2023-08-16,16:12,Salary,Auto_Debit,9785.13,Debit,42648.66,Utilities,Gujarat,549,1,Gold,25781.37,Success,API,Verified,0,16,-1,-0.01795328953291575
TXN000508477,CUST044179,2023-08-16,21:50,Current,NEFT,106180.58,Credit,36831.63,E-Commerce,Maharashtra,864,0,Unknown,0.0,Success,Mobile_App,Verified,0,21,-1,-0.01594375283274918
TXN000508506,CUST003634,2023-08-16,07:28,Salary,RTGS,35461.31,Credit,71808.24,Investment,Delhi,749,1,Unknown,9330.75,Success,Web,Verified,0,7,-1,-0.023616689867168916
TXN000508509,CUST009505,2023-08-16,17:27,Current,IMPS,9034.37,Debit,74616.18,Travel,Karnataka,599,1,Business,56529.96,Success,Web,Verified,0,17,-1,-0.014789558810342163
TXN000508725,CUST025874,2023-08-17,06:36,Savings,UPI,336.08,Credit,156625.25,Insurance,Gujarat,501,1,Auto,19144.81,Success,ATM,Verified,0,6,-1,-0.023084193179132906
TXN000508968,CUST063040,2023-08-18,09:19,Salary,ATM_Withdrawal,3000.0,Debit,37453.51,Utilities,Maharashtra,792,0,Unknown,0.0,Success,Web,Verified,0,9,-1,-0.022935642699398073
TXN000508983,CUST035633,2023-08-18,00:21,Salary,RTGS,753216.19,Credit,53034.69,Government,Telangana,609,0,Unknown,0.0,Failed,Mobile_App,Verified,0,0,-1,-0.005797146260617225
TXN000509027,CUST039782,2023-08-18,07:47,Savings,RTGS,23396.91,Credit,154646.36,E-Commerce,Telangana,501,0,Unknown,0.0,Success,ATM,Verified,0,7,-1,-0.015374552960195187
TXN000509242,CUST061529,2023-08-19,01:26,Savings,Cheque,1989683.9,Credit,95069.59,Salary,UP,644,1,Home,2816.58,Success,Mobile_App,Verified,0,1,-1,-0.07033111987596496
TXN000509538,CUST027628,2023-08-20,20:49,Salary,NEFT,5089.07,Debit,150501.07,E-Commerce,Gujarat,751,1,Business,59850.86,Success,Mobile_App,Verified,0,20,-1,-0.01496500231514275
TXN000509670,CUST038209,2023-08-20,06:47,Savings,POS,267.77,Debit,11794.02,Government,West Bengal,388,1,Personal,47741.25,Success,POS_Terminal,Pending,0,6,-1,-0.00996103037221463
TXN000509774,CUST045474,2023-08-20,11:32,Current,Cheque,597440.58,Credit,220195.67,Real Estate,Maharashtra,831,0,Unknown,0.0,Success,Web,Verified,0,11,-1,-0.00810322763321325
TXN000509841,CUST028258,2023-08-20,09:45,Fixed Deposit,RTGS,529263.82,Debit,20180.41,Peer Transfer,Gujarat,699,1,Home,2820.67,Success,Mobile_App,Verified,0,9,-1,-0.03322387863299958
TXN000510113,CUST072111,2023-08-21,23:18,Salary,Auto_Debit,1939.47,Debit,316946.62,Education,Rajasthan,864,0,Unknown,0.0,Success,POS_Terminal,Verified,0,23,-1,-0.0005831049640098174
TXN000510237,CUST062501,2023-08-22,14:33,Fixed Deposit,Net_Banking,70996.52,Credit,136499.72,E-Commerce,Telangana,406,1,Gold,6485.98,Success,ATM,Verified,0,14,-1,-0.01711958610961506
TXN000510338,CUST059654,2023-08-22,10:37,Salary,RTGS,2092658.17,Credit,6829.81,Healthcare,Delhi,594,0,Unknown,0.0,Success,Mobile_App,Verified,0,10,-1,-0.05559504564050366
TXN000510380,CUST013306,2023-08-22,22:21,Salary,Cheque,1580281.06,Credit,14126.82,Peer Transfer,Delhi,656,0,Unknown,0.0,Failed,Branch,Pending,0,22,-1,-0.07507986509086462
TXN000510426,CUST038374,2023-08-22,22:49,Savings,RTGS,346478.96,Debit,457973.46,Education,Delhi,774,0,Unknown,0.0,Success,Mobile_App,Verified,0,22,-1,-0.003784049741278106
TXN000510476,CUST004664,2023-08-23,15:53,Savings,Cheque,1238721.46,Debit,7179.14,Travel,Karnataka,793,0,Unknown,0.0,Success,Web,Verified,0,15,-1,-0.01276433910039032
TXN000510483,CUST057673,2023-08-23,13:55,Savings,NEFT,16161.5,Credit,34164.3,Fuel,Maharashtra,799,1,Personal,8822.95,Success,Mobile_App,Verified,0,13,-1,-0.021847409795493933
TXN000510540,CUST047790,2023-08-23,15:19,Current,Auto_Debit,3164.53,Debit,81243.71,Peer Transfer,Delhi,406,0,Unknown,0.0,Success,API,Verified,0,15,-1,-0.018584124307029715
TXN000510723,CUST056497,2023-08-23,21:55,Salary,RTGS,96427.01,Credit,366241.02,Retail,Tamil Nadu,792,0,Unknown,0.0,Success,POS_Terminal,Verified,0,21,-1,-0.015851122395994066
TXN000510781,CUST056024,2023-08-24,10:52,Salary,Net_Banking,7117.63,Credit,2408314.66,Travel,Tamil Nadu,371,1,Business,8957.89,Success,Mobile_App,Verified,0,10,-1,-0.0021801334391401417
TXN000510822,CUST054865,2023-08-24,20:02,Salary,Net_Banking,2001097.38,Debit,46247.33,Retail,Maharashtra,851,0,Unknown,0.0,Success,Mobile_App,Verified,0,20,-1,-0.04174491302390815
TXN000510871,CUST009804,2023-08-24,17:36,Fixed Deposit,Auto_Debit,1311.32,Debit,2308.09,E-Commerce,Maharashtra,739,0,Unknown,0.0,Success,Mobile_App,Verified,0,17,-1,-0.02763455246091151
TXN000510914,CUST019156,2023-08-24,14:34,Current,IMPS,5771.68,Debit,30134.51,E-Commerce,Tamil Nadu,406,0,Unknown,0.0,Success,ATM,Expired,0,14,-1,-0.006761726546164248
TXN000510945,CUST067508,2023-08-24,03:28,NRI,IMPS,1078.55,Debit,27850.52,Insurance,West Bengal,797,0,Unknown,0.0,Success,ATM,Verified,0,3,-1,-0.007215571309863944
TXN000510974,CUST001626,2023-08-24,00:58,Savings,RTGS,2118099.5,Credit,36104.48,E-Commerce,Gujarat,328,0,Unknown,0.0,Success,Web,Verified,0,0,-1,-0.0751020862611923
TXN000511291,CUST070171,2023-08-25,01:20,Savings,POS,99.2,Debit,4838.04,Insurance,Tamil Nadu,803,0,Unknown,0.0,Success,API,Verified,0,1,-1,-0.024072294746014133
TXN000511494,CUST027781,2023-08-26,12:04,Current,RTGS,1780404.44,Credit,39603.15,Travel,Telangana,376,1,Personal,10764.42,Success,Mobile_App,Verified,0,12,-1,-0.04304653889246568
TXN000511595,CUST024095,2023-08-26,03:54,NRI,RTGS,1656330.21,Credit,6208.5,Healthcare,Tamil Nadu,640,0,Unknown,0.0,Success,POS_Terminal,Verified,0,3,-1,-0.12497544894095625
TXN000511762,CUST048176,2023-08-27,19:44,Salary,POS,545.65,Debit,70385.72,Travel,Gujarat,406,1,Unknown,1009.51,Success,Web,Verified,0,19,-1,-0.004203082185819329
TXN000511845,CUST079943,2023-08-27,06:29,Savings,IMPS,4632.89,Credit,88058.86,Healthcare,Maharashtra,782,1,Unknown,6528.99,Success,Mobile_App,Verified,0,6,-1,-0.02367048567629726
TXN000511879,CUST065871,2023-08-27,20:44,Current,RTGS,24513.27,Credit,25031.59,Peer Transfer,Tamil Nadu,501,0,Unknown,0.0,Success,Mobile_App,Pending,0,20,-1,-0.001956193054576616
TXN000511946,CUST048326,2023-08-27,23:56,Savings,NEFT,2340.48,Credit,6103.44,Investment,Maharashtra,429,1,Personal,17960.82,Success,API,Verified,0,23,-1,-0.007646293852708319
TXN000511958,CUST054498,2023-08-27,22:47,Salary,POS,276.2,Debit,179837.26,Travel,Karnataka,714,1,Home,32967.84,Success,Mobile_App,Verified,0,22,-1,-0.011154465969265615
TXN000512079,CUST029575,2023-08-28,13:09,Current,POS,895.24,Debit,15345.39,Salary,Tamil Nadu,392,1,Home,38051.77,Success,POS_Terminal,Verified,0,13,-1,-0.019678655689589597
TXN000512220,CUST021745,2023-08-28,05:53,Savings,RTGS,1333992.11,Debit,61925.26,E-Commerce,Rajasthan,423,1,Personal,9245.61,Success,Web,Verified,0,5,-1,-0.065754459389054
TXN000512346,CUST040754,2023-08-29,13:35,Savings,Cheque,841589.53,Credit,45167.36,Real Estate,Gujarat,853,0,Unknown,0.0,Success,Branch,Verified,0,13,-1,-0.015054341502778956
TXN000512413,CUST053230,2023-08-29,05:12,Salary,RTGS,778072.55,Debit,3300.55,Entertainment,Maharashtra,610,0,Unknown,0.0,Success,ATM,Verified,0,5,-1,-0.013393192350392602
TXN000513202,CUST054559,2023-09-01,15:36,Savings,RTGS,1176034.26,Debit,95368.3,Food & Dining,Tamil Nadu,794,0,Unknown,0.0,Success,Mobile_App,Expired,0,15,-1,-0.02308849710395955
TXN000513230,CUST011267,2023-09-01,08:45,Current,RTGS,1651430.2,Debit,20217.61,Travel,Punjab,748,1,Home,1944.27,Success,Mobile_App,Verified,0,8,-1,-0.06915505098671082
TXN000513263,CUST077004,2023-09-01,19:40,Current,IMPS,130910.98,Debit,25518.84,Utilities,Maharashtra,488,1,Education,17148.01,Success,Mobile_App,Verified,0,19,-1,-0.010873797716962286
TXN000513308,CUST060030,2023-09-01,14:06,Savings,RTGS,2757702.37,Debit,12239.44,Food & Dining,Maharashtra,410,0,Unknown,0.0,Success,Web,Verified,0,14,-1,-0.07127049936565777
TXN000513323,CUST044787,2023-09-01,02:20,Current,NEFT,2590647.95,Credit,5602.45,Retail,Tamil Nadu,809,0,Unknown,0.0,Success,Web,Verified,0,2,-1,-0.08192900468461961
TXN000513495,CUST058002,2023-09-02,13:32,Current,RTGS,272066.36,Credit,16420.68,Utilities,Rajasthan,510,0,Unknown,0.0,Success,POS_Terminal,Pending,0,13,-1,-0.020632573941566368
TXN000513508,CUST002558,2023-09-02,13:48,Savings,POS,760.71,Debit,2379.95,Salary,Tamil Nadu,649,1,Business,4112.03,Success,Branch,Verified,0,13,-1,-0.013679374979830183
TXN000513509,CUST072258,2023-09-02,15:48,Salary,ATM_Withdrawal,1000.0,Debit,24473.74,Entertainment,Telangana,470,1,Home,10750.5,Success,Branch,Verified,0,15,-1,-0.032064457339618935
TXN000513529,CUST033879,2023-09-02,23:11,Salary,RTGS,150991.54,Credit,83455.55,Insurance,Delhi,505,0,Unknown,0.0,Success,Mobile_App,Pending,0,23,-1,-0.007785970047024415
TXN000513608,CUST034641,2023-09-02,04:03,Savings,RTGS,285946.67,Credit,2069.52,Retail,Telangana,724,0,Unknown,0.0,Success,Web,Pending,0,4,-1,-0.016284630183783233
TXN000514032,CUST037720,2023-09-03,15:57,Current,IMPS,7543.65,Debit,120039.88,Utilities,Karnataka,793,1,Business,49241.22,Success,Branch,Verified,0,15,-1,-0.06063761347915553
TXN000514171,CUST026701,2023-09-04,08:40,Savings,RTGS,25717.6,Credit,49983.05,Insurance,Karnataka,676,1,Personal,4195.66,Success,ATM,Verified,0,8,-1,-0.00017054035758579111
TXN000514306,CUST006496,2023-09-04,22:13,Current,RTGS,1931626.02,Debit,28183.31,Travel,Delhi,812,1,Personal,7319.91,Pending,Branch,Verified,0,22,-1,-0.05250582311854779
TXN000514402,CUST047903,2023-09-05,19:28,Salary,Cheque,1744321.97,Credit,408189.68,Food & Dining,Maharashtra,568,0,Unknown,0.0,Success,Mobile_App,Verified,0,19,-1,-0.04112999672871187
TXN000514692,CUST079057,2023-09-06,18:13,Savings,Cheque,2663795.13,Credit,6956.09,Fuel,Delhi,304,1,Education,4117.15,Success,Web,Verified,0,18,-1,-0.06882774105740364
TXN000514786,CUST030967,2023-09-06,09:57,Current,RTGS,935327.18,Debit,12282.2,Education,Telangana,833,1,Auto,4191.32,Pending,Mobile_App,Verified,0,9,-1,-0.0019737312691222586
TXN000514982,CUST005869,2023-09-07,00:24,Savings,RTGS,1143751.15,Credit,16842.56,Salary,Tamil Nadu,825,1,Business,5296.2,Success,Web,Verified,0,0,-1,-0.023374474046628957
TXN000515050,CUST078238,2023-09-07,09:57,Salary,RTGS,349274.44,Debit,275335.97,Real Estate,Karnataka,640,1,Personal,4119.8,Success,Web,Pending,0,9,-1,-0.008576568387491101
TXN000515153,CUST053812,2023-09-07,21:45,Salary,RTGS,288696.36,Credit,112388.47,Travel,Telangana,628,0,Unknown,0.0,Success,POS_Terminal,Verified,0,21,-1,-0.04143405310700177
TXN000515158,CUST044341,2023-09-07,18:14,Current,Cheque,1326697.6,Credit,13542.76,Retail,Delhi,364,1,Unknown,1053.69,Success,Mobile_App,Verified,0,18,-1,-0.0686360609375899
TXN000515214,CUST001898,2023-09-07,10:29,Current,RTGS,471645.09,Credit,26413.09,Utilities,West Bengal,332,1,Auto,5232.72,Success,Web,Verified,0,10,-1,-0.014939651236127838
TXN000515255,CUST036145,2023-09-07,20:14,Current,RTGS,594321.72,Credit,505703.62,Salary,Rajasthan,665,1,Personal,8054.76,Success,Mobile_App,Verified,1,20,-1,-0.010480670516441193
TXN000515283,CUST015335,2023-09-08,16:46,Savings,Auto_Debit,4924.39,Debit,140350.43,Investment,Delhi,470,1,Home,3906.46,Success,ATM,Verified,0,16,-1,-0.008579336751864952
TXN000515472,CUST054401,2023-09-08,21:41,Current,RTGS,846565.72,Credit,12796.91,Government,Tamil Nadu,732,1,Business,3073.53,Success,Mobile_App,Verified,0,21,-1,-0.04908128037339177
TXN000515481,CUST021246,2023-09-08,12:48,Savings,UPI,236.34,Debit,5000000.0,E-Commerce,Karnataka,572,1,Auto,28323.1,Success,ATM,Verified,0,12,-1,-0.09374226291279897
TXN000515559,CUST018567,2023-09-09,22:20,Salary,Cheque,15125.07,Credit,4909.41,Peer Transfer,Maharashtra,441,1,Auto,10615.48,Success,API,Verified,0,22,-1,-0.002769243893862461
TXN000515610,CUST031255,2023-09-09,16:27,Fixed Deposit,UPI,3140.26,Credit,45041.55,Salary,Tamil Nadu,640,0,Unknown,0.0,Success,POS_Terminal,Verified,0,16,-1,-0.03696630606187967
TXN000515743,CUST061632,2023-09-09,09:46,Salary,RTGS,327185.65,Debit,50858.39,Food & Dining,Maharashtra,774,0,Unknown,0.0,Success,API,Verified,0,9,-1,-0.031936668924555156
TXN000515809,CUST040280,2023-09-09,07:54,Savings,RTGS,1092633.47,Debit,192559.81,Retail,UP,838,0,Unknown,0.0,Success,Branch,Verified,0,7,-1,-0.006226265963451216
TXN000515845,CUST022331,2023-09-09,05:10,Salary,Net_Banking,2234.58,Credit,51081.32,E-Commerce,Telangana,406,0,Unknown,0.0,Success,Web,Verified,0,5,-1,-0.03527471299694629
TXN000515906,CUST061591,2023-09-10,21:38,Salary,UPI,349.34,Credit,6552.73,E-Commerce,Punjab,592,1,Home,40268.6,Success,POS_Terminal,Verified,0,21,-1,-0.019631423123301683
TXN000515952,CUST007685,2023-09-10,12:46,Salary,RTGS,870580.01,Credit,5916.61,Investment,Tamil Nadu,598,0,Unknown,0.0,Success,POS_Terminal,Pending,0,12,-1,-0.013416258565531636
TXN000516093,CUST038450,2023-09-10,04:32,Current,UPI,428.22,Debit,28928.27,Entertainment,Karnataka,709,1,Home,60794.41,Success,Web,Verified,0,4,-1,-0.0195231987837452
TXN000516118,CUST033448,2023-09-10,06:24,Savings,RTGS,446454.6,Credit,7425.03,Education,Telangana,364,0,Unknown,0.0,Success,Mobile_App,Verified,0,6,-1,-0.003073681856518129
TXN000516140,CUST013433,2023-09-10,08:40,Salary,RTGS,508445.11,Debit,42856.64,Travel,Telangana,585,0,Unknown,0.0,Success,Mobile_App,Pending,0,8,-1,-0.03850998284632767
TXN000516212,CUST055543,2023-09-11,19:38,Savings,RTGS,624872.41,Credit,126761.88,Retail,Rajasthan,764,0,Unknown,0.0,Success,Mobile_App,Verified,0,19,-1,-0.023540579219327284
TXN000516216,CUST025136,2023-09-11,13:37,Savings,RTGS,209648.17,Credit,986385.81,Healthcare,Tamil Nadu,864,0,Unknown,0.0,Success,Mobile_App,Expired,0,13,-1,-0.013542281427874281
TXN000516422,CUST049739,2023-09-12,23:03,Current,RTGS,1862132.31,Credit,15068.91,Peer Transfer,Gujarat,630,1,Home,9847.84,Success,Mobile_App,Verified,0,23,-1,-0.03241754091964888
TXN000516435,CUST035390,2023-09-12,14:35,Salary,RTGS,758491.61,Credit,66133.6,Fuel,Tamil Nadu,387,0,Unknown,0.0,Success,API,Verified,0,14,-1,-0.02351275649442852
TXN000516447,CUST011050,2023-09-12,10:37,Savings,UPI,1299.2,Credit,58149.01,Salary,Rajasthan,827,1,Personal,33705.52,Success,Mobile_App,Verified,0,10,-1,-0.0033945915669367777
TXN000516477,CUST023331,2023-09-12,19:24,Current,RTGS,832989.14,Credit,40797.87,Food & Dining,West Bengal,811,0,Unknown,0.0,Success,Mobile_App,Verified,0,19,-1,-0.01495496132575469
TXN000516546,CUST052117,2023-09-12,10:45,Savings,Cheque,1691550.68,Debit,94226.68,Healthcare,Tamil Nadu,729,1,Home,8161.95,Success,API,Verified,0,10,-1,-0.037211875545401285
TXN000516848,CUST048454,2023-09-13,03:57,Current,RTGS,1458296.6,Debit,49161.25,Healthcare,Rajasthan,341,1,Personal,19427.94,Success,ATM,Verified,0,3,-1,-0.05190974842563145
TXN000516956,CUST065876,2023-09-13,17:48,Salary,RTGS,224119.48,Debit,96733.44,Investment,Delhi,649,1,Business,12677.52,Success,Mobile_App,Verified,0,17,-1,-0.035742731967077224
TXN000517426,CUST032590,2023-09-15,03:55,Salary,IMPS,343.94,Debit,252043.1,Peer Transfer,West Bengal,839,1,Education,13055.22,Success,Branch,Verified,0,3,-1,-0.010997489730130594
TXN000517474,CUST074446,2023-09-15,02:42,Fixed Deposit,ATM_Withdrawal,3000.0,Debit,188973.44,Retail,Karnataka,406,1,Home,6068.56,Success,Web,Verified,0,2,-1,-0.0025559858354753384
TXN000517511,CUST052130,2023-09-15,01:37,Salary,NEFT,82277.89,Credit,49533.28,Education,Punjab,792,0,Unknown,0.0,Success,Mobile_App,Verified,0,1,-1,-0.0022645304244975906
TXN000517949,CUST034085,2023-09-17,16:09,NRI,RTGS,983161.85,Credit,1926.21,Retail,West Bengal,327,0,Unknown,0.0,Success,Mobile_App,Verified,0,16,-1,-0.06441717497863197
TXN000518040,CUST070069,2023-09-17,07:20,Salary,NEFT,2828383.22,Debit,33124.12,Fuel,Karnataka,509,0,Unknown,0.0,Success,API,Verified,1,7,-1,-0.10968698845012637
TXN000518150,CUST060971,2023-09-17,20:28,NRI,Net_Banking,4565.89,Credit,1707896.09,E-Commerce,Karnataka,406,1,Auto,9458.7,Success,API,Verified,0,20,-1,-0.05624072932801494
TXN000518194,CUST038217,2023-09-17,02:06,Salary,UPI,626.62,Credit,20580.58,Investment,Gujarat,406,1,Home,2105.38,Success,Mobile_App,Pending,0,2,-1,-0.01777104104019389
TXN000518228,CUST005142,2023-09-17,11:57,NRI,Cheque,1269741.52,Credit,3452.0,Utilities,Gujarat,742,0,Unknown,0.0,Success,API,Verified,0,11,-1,-0.08396929983697521
TXN000518349,CUST045870,2023-09-18,11:25,Savings,Auto_Debit,378.53,Debit,10411.29,Fuel,Delhi,793,0,Unknown,0.0,Success,POS_Terminal,Verified,0,11,-1,-0.023843423733422187
TXN000518490,CUST046081,2023-09-18,11:33,Salary,RTGS,403253.58,Credit,31499.37,Utilities,Gujarat,759,0,Unknown,0.0,Success,Branch,Verified,0,11,-1,-0.03827255292933407
TXN000519050,CUST070264,2023-09-20,04:06,Savings,RTGS,1966705.06,Credit,3594.38,Investment,Delhi,822,0,Unknown,0.0,Success,Mobile_App,Verified,0,4,-1,-0.02000269891517814
TXN000519270,CUST012929,2023-09-21,03:13,Current,RTGS,200878.97,Credit,112479.12,Education,Delhi,793,1,Personal,10103.05,Success,POS_Terminal,Verified,0,3,-1,-0.0015762706719513186
TXN000519336,CUST003215,2023-09-21,02:22,Savings,IMPS,4779.14,Debit,51414.47,Government,Karnataka,777,1,Home,49639.41,Success,POS_Terminal,Verified,0,2,-1,-0.06541186884741323
TXN000519393,CUST015666,2023-09-21,01:58,Savings,RTGS,1729629.0,Credit,20095.49,Salary,Maharashtra,600,0,Unknown,0.0,Success,ATM,Verified,0,1,-1,-0.07367491030770412
TXN000519446,CUST018868,2023-09-22,16:45,NRI,RTGS,1069857.18,Debit,88734.94,Peer Transfer,Maharashtra,665,0,Unknown,0.0,Success,ATM,Pending,0,16,-1,-0.018302700847152353
TXN000519456,CUST049527,2023-09-22,21:36,Salary,UPI,1239.14,Credit,37541.38,Entertainment,Maharashtra,476,1,Education,61847.2,Success,Mobile_App,Verified,0,21,-1,-0.047321351659667
TXN000519770,CUST056308,2023-09-23,00:13,Current,RTGS,260649.55,Credit,14220.47,Entertainment,Maharashtra,358,0,Unknown,0.0,Success,Web,Verified,0,0,-1,-0.030399846828733645
TXN000519818,CUST046085,2023-09-23,06:21,Salary,NEFT,6388.5,Credit,23971.74,E-Commerce,West Bengal,864,0,Unknown,0.0,Success,Mobile_App,Verified,0,6,-1,-0.04129959387467319
TXN000519821,CUST075853,2023-09-23,15:00,NRI,NEFT,37354.22,Debit,2220.2,Travel,Delhi,470,1,Gold,28768.76,Success,Mobile_App,Verified,0,15,-1,-0.02755606528160226
TXN000519877,CUST046026,2023-09-23,05:57,Savings,NEFT,6595.57,Debit,21187.73,Retail,Rajasthan,864,0,Unknown,0.0,Success,ATM,Pending,0,5,-1,-0.003118154261711914
TXN000519919,CUST015879,2023-09-23,03:47,Savings,RTGS,1007197.09,Credit,15325.87,Salary,Tamil Nadu,383,1,Unknown,2238.82,Success,Mobile_App,Pending,0,3,-1,-0.008205231743240504
TXN000519962,CUST004573,2023-09-23,02:55,Fixed Deposit,Cheque,1329092.09,Credit,32372.68,Travel,Gujarat,470,0,Unknown,0.0,Success,Web,Verified,1,2,-1,-0.058810519332207156
TXN000519970,CUST016602,2023-09-23,08:21,Savings,ATM_Withdrawal,2000.0,Debit,9514.11,Salary,Delhi,687,1,Home,30371.48,Success,Mobile_App,Verified,0,8,-1,-0.015206157099887818
TXN000520148,CUST072756,2023-09-24,21:17,Fixed Deposit,UPI,485.35,Credit,49499.38,Investment,Karnataka,452,1,Personal,67248.93,Success,Web,Expired,0,21,-1,-0.10430128424288054
TXN000520159,CUST040745,2023-09-24,03:42,Salary,Auto_Debit,1976.17,Debit,1762218.21,Utilities,Maharashtra,480,1,Personal,39907.9,Failed,POS_Terminal,Verified,0,3,-1,-0.007695088229153879
TXN000520350,CUST034692,2023-09-25,22:44,Savings,RTGS,1717818.25,Debit,55956.91,Healthcare,Tamil Nadu,521,1,Personal,11110.5,Success,Branch,Verified,0,22,-1,-0.04331115187451462
TXN000520563,CUST071077,2023-09-25,03:24,Salary,UPI,1980.93,Debit,24856.56,Retail,West Bengal,896,1,Business,25923.4,Success,ATM,Verified,0,3,-1,-0.03471600286211085
TXN000520564,CUST063892,2023-09-25,15:17,NRI,RTGS,155925.12,Debit,79819.95,Retail,Delhi,687,0,Unknown,0.0,Success,POS_Terminal,Verified,0,15,-1,-0.01986908405686727
TXN000520650,CUST063317,2023-09-26,23:41,Current,RTGS,1265606.61,Debit,24327.63,Salary,Maharashtra,878,0,Unknown,0.0,Success,Web,Verified,0,23,-1,-0.03081609996362178
TXN000520719,CUST018131,2023-09-26,04:58,Current,RTGS,79509.37,Credit,13026.38,E-Commerce,Gujarat,676,0,Unknown,0.0,Success,Mobile_App,Verified,0,4,-1,-0.01774960259172187
TXN000520755,CUST060263,2023-09-26,06:14,Current,RTGS,1723446.69,Debit,16684.3,Fuel,Telangana,527,1,Personal,7957.99,Success,Mobile_App,Pending,0,6,-1,-0.02866154428181744
TXN000520848,CUST076764,2023-09-26,18:06,Current,POS,4889.88,Debit,9217.84,Retail,Telangana,518,1,Personal,14185.03,Success,Web,Verified,0,18,-1,-0.021313875147410566
TXN000520929,CUST017650,2023-09-26,02:26,Current,RTGS,1585190.43,Credit,2427.25,Entertainment,Maharashtra,342,0,Unknown,0.0,Success,ATM,Verified,0,2,-1,-0.05974754632743995
TXN000521030,CUST066096,2023-09-27,12:13,Salary,Cheque,472647.85,Debit,41174.75,Travel,Rajasthan,676,1,Business,19517.03,Success,Web,Verified,0,12,-1,-0.028110711279680012
TXN000521123,CUST060834,2023-09-27,22:36,Salary,UPI,336.49,Credit,619980.92,Food & Dining,West Bengal,782,1,Business,5176.72,Success,API,Verified,0,22,-1,-0.008304066029049761
TXN000521244,CUST079592,2023-09-27,07:18,Savings,IMPS,1051.81,Credit,5838.36,Retail,Karnataka,867,1,Auto,60691.39,Success,Mobile_App,Verified,0,7,-1,-0.009764230610267988
TXN000521258,CUST038033,2023-09-27,07:13,Savings,Credit_Card,1094.39,Debit,72973.02,Retail,West Bengal,792,0,Unknown,0.0,Success,Mobile_App,Verified,0,7,-1,-0.01791312343560414
TXN000521265,CUST031607,2023-09-28,10:06,Fixed Deposit,Net_Banking,33584.3,Credit,47517.51,Healthcare,Maharashtra,372,0,Unknown,0.0,Success,Mobile_App,Verified,0,10,-1,-0.00014527437902678297
TXN000521393,CUST000569,2023-09-28,04:33,Savings,NEFT,35323.42,Debit,12555.04,Insurance,UP,406,0,Unknown,0.0,Success,Mobile_App,Verified,0,4,-1,-0.006423690559227091
TXN000521508,CUST071902,2023-09-28,06:51,NRI,IMPS,51113.18,Credit,37326.07,E-Commerce,Delhi,792,0,Unknown,0.0,Success,Mobile_App,Verified,0,6,-1,-0.014777836071542372
TXN000521537,CUST039353,2023-09-28,15:00,Salary,ATM_Withdrawal,1000.0,Debit,12829.36,E-Commerce,Delhi,801,1,Personal,26577.36,Success,Mobile_App,Verified,0,15,-1,-0.011100276489210081
TXN000521718,CUST054320,2023-09-29,06:49,Salary,RTGS,613822.36,Credit,25985.89,Utilities,Maharashtra,357,0,Unknown,0.0,Success,Mobile_App,Verified,0,6,-1,-0.04971952116880329
TXN000521838,CUST059203,2023-09-29,15:40,Current,RTGS,1225471.82,Credit,6107.38,Real Estate,Telangana,727,0,Unknown,0.0,Success,Web,Verified,0,15,-1,-0.02912045755748438
TXN000521873,CUST018217,2023-09-30,22:15,Savings,Net_Banking,11185.53,Credit,684214.99,Investment,Karnataka,792,0,Unknown,0.0,Success,API,Verified,0,22,-1,-0.014439462415213766
TXN000521887,CUST027779,2023-09-30,18:32,Current,NEFT,20040.2,Credit,109304.58,Travel,Gujarat,496,1,Business,57935.99,Success,Mobile_App,Verified,0,18,-1,-0.01790964935727002
TXN000522060,CUST062475,2023-09-30,11:36,Salary,RTGS,169664.34,Credit,36641.95,Travel,Telangana,332,1,Home,2569.51,Success,Web,Verified,0,11,-1,-0.015969588530472034
TXN000522072,CUST071196,2023-09-30,16:21,Savings,RTGS,1243373.62,Credit,54961.05,Salary,West Bengal,598,0,Unknown,0.0,Success,Mobile_App,Verified,0,16,-1,-0.02849275315510802
TXN000522107,CUST070748,2023-09-30,05:47,Salary,UPI,2710.43,Debit,52311.63,Government,Rajasthan,803,0,Unknown,0.0,Success,Mobile_App,Verified,0,5,-1,-0.0058904086565239044
TXN000522208,CUST022297,2023-10-01,21:04,Fixed Deposit,UPI,670.87,Credit,27633.96,Travel,Tamil Nadu,659,1,Auto,32003.91,Success,Web,Pending,0,21,-1,-0.0074829842311181505
TXN000522326,CUST022383,2023-10-01,01:19,Savings,POS,3416.68,Debit,12200.71,Retail,Delhi,649,1,Auto,12951.06,Success,Mobile_App,Verified,0,1,-1,-0.04571698548323899
TXN000522343,CUST017789,2023-10-01,22:16,Current,POS,1042.56,Debit,94517.63,Food & Dining,Karnataka,500,1,Auto,55359.82,Success,Branch,Verified,0,22,-1,-0.0036038535523827964
TXN000522449,CUST046385,2023-10-02,18:57,Salary,RTGS,433693.4,Credit,1033212.05,Food & Dining,Rajasthan,654,1,Personal,13421.68,Success,POS_Terminal,Verified,0,18,-1,-0.004133889468617702
TXN000522779,CUST020225,2023-10-03,10:55,Savings,POS,296.25,Debit,21262.73,Real Estate,Maharashtra,584,1,Personal,22433.54,Success,Mobile_App,Verified,0,10,-1,-0.026085336582386653
TXN000522844,CUST065663,2023-10-03,11:44,Current,Auto_Debit,6018.28,Debit,17271.43,Retail,Maharashtra,405,1,Personal,13099.41,Success,Mobile_App,Verified,0,11,-1,-0.0033961088221852176
TXN000522875,CUST066187,2023-10-03,08:35,Current,RTGS,1484311.35,Credit,31456.47,Food & Dining,Maharashtra,378,0,Unknown,0.0,Success,Mobile_App,Verified,0,8,-1,-0.029425907774098703
TXN000522939,CUST020811,2023-10-03,08:51,Savings,RTGS,760653.57,Debit,21529.7,Salary,Maharashtra,718,0,Unknown,0.0,Success,Branch,Verified,1,8,-1,-0.003894012694934057
TXN000523311,CUST048786,2023-10-04,15:36,Savings,RTGS,613717.54,Credit,121442.61,Utilities,Maharashtra,824,0,Unknown,0.0,Failed,Branch,Verified,0,15,-1,-0.008241937733860172
TXN000523399,CUST048658,2023-10-05,09:44,Savings,RTGS,1089640.39,Debit,23978.05,Travel,Telangana,318,0,Unknown,0.0,Success,POS_Terminal,Verified,0,9,-1,-0.03627306442407874
TXN000523499,CUST070085,2023-10-05,01:12,Salary,Net_Banking,5389.89,Credit,74502.24,Utilities,Maharashtra,712,1,Auto,56842.49,Success,Web,Verified,0,1,-1,-0.006939112805889436
TXN000523596,CUST020486,2023-10-05,19:26,Fixed Deposit,ATM_Withdrawal,1000.0,Debit,120195.47,Real Estate,Delhi,714,1,Personal,1895.11,Success,POS_Terminal,Verified,0,19,-1,-0.00029533518445823415
TXN000523631,CUST021000,2023-10-05,13:42,Savings,NEFT,970431.05,Credit,83908.34,Retail,Karnataka,510,0,Unknown,0.0,Success,Mobile_App,Verified,0,13,-1,-0.03817116847721225
TXN000523712,CUST007445,2023-10-05,06:08,Salary,RTGS,603660.66,Credit,13524.45,Education,Karnataka,764,1,Auto,2042.96,Success,Mobile_App,Verified,0,6,-1,-0.05488789467914179
TXN000523759,CUST018753,2023-10-06,13:02,Savings,IMPS,892.47,Credit,104764.59,E-Commerce,Karnataka,896,1,Unknown,9105.89,Success,ATM,Verified,0,13,-1,-0.008018713301958247
TXN000523770,CUST052991,2023-10-06,23:44,Salary,RTGS,1433127.97,Debit,31854.08,Education,Gujarat,456,1,Auto,5444.57,Success,Web,Verified,0,23,-1,-0.027422401000741004
TXN000523825,CUST004980,2023-10-06,09:03,Fixed Deposit,RTGS,408141.07,Credit,281551.96,Insurance,Karnataka,694,1,Education,7115.24,Success,Branch,Verified,0,9,-1,-0.014991235146266657
TXN000523847,CUST006219,2023-10-06,16:54,Savings,RTGS,384740.38,Credit,50233.98,Real Estate,West Bengal,649,0,Unknown,0.0,Success,Branch,Verified,0,16,-1,-0.020392761480294452
TXN000523898,CUST019045,2023-10-06,00:24,Salary,UPI,3939.8,Credit,4914.49,Peer Transfer,Telangana,406,0,Unknown,0.0,Success,Mobile_App,Verified,0,0,-1,-0.017661845455779868
TXN000524183,CUST018730,2023-10-07,09:28,Salary,RTGS,667854.47,Credit,155607.93,Salary,Maharashtra,654,0,Unknown,0.0,Success,API,Pending,0,9,-1,-0.01759910133188769
TXN000524220,CUST009369,2023-10-07,03:32,NRI,Auto_Debit,2683.27,Debit,17155.56,E-Commerce,Maharashtra,372,0,Unknown,0.0,Success,POS_Terminal,Verified,0,3,-1,-0.0010031212714670668
TXN000524232,CUST065015,2023-10-07,21:40,Current,NEFT,40795.53,Debit,118175.74,Government,West Bengal,518,1,Personal,12027.68,Success,Mobile_App,Verified,0,21,-1,-0.004061480809133822
TXN000524311,CUST067293,2023-10-07,02:27,Savings,UPI,838.51,Debit,610548.87,Food & Dining,Karnataka,528,1,Home,21078.78,Success,Mobile_App,Verified,0,2,-1,-0.003658253903083053
TXN000524394,CUST035094,2023-10-08,07:39,Salary,RTGS,260485.94,Debit,23568.29,Peer Transfer,Delhi,759,1,Personal,3898.21,Success,Mobile_App,Verified,0,7,-1,-0.006441515632798267
TXN000525226,CUST073816,2023-10-10,01:39,Savings,RTGS,1443235.83,Credit,45643.4,Healthcare,UP,452,1,Education,7957.63,Success,Branch,Verified,0,1,-1,-0.023707750155304907
TXN000525279,CUST004634,2023-10-11,18:36,Current,ATM_Withdrawal,5000.0,Debit,27395.77,Utilities,Rajasthan,792,0,Unknown,0.0,Success,ATM,Verified,0,18,-1,-0.001470287553615779
TXN000525797,CUST015906,2023-10-12,03:05,Fixed Deposit,UPI,2396.62,Debit,491777.41,Healthcare,Maharashtra,483,1,Business,3806.49,Success,Branch,Verified,0,3,-1,-0.009364243907849401
TXN000525819,CUST011920,2023-10-12,04:40,Savings,Cheque,492358.29,Credit,60935.51,Investment,Gujarat,798,0,Unknown,0.0,Success,POS_Terminal,Verified,0,4,-1,-0.002502620835627578
TXN000525914,CUST057322,2023-10-13,14:40,Current,RTGS,994442.19,Debit,2613.57,Food & Dining,Tamil Nadu,460,0,Unknown,0.0,Success,Web,Verified,0,14,-1,-0.015467290205883666
TXN000525983,CUST002110,2023-10-13,22:03,Current,Credit_Card,1057.52,Debit,326624.25,Food & Dining,Telangana,622,1,Personal,8618.59,Reversed,API,Verified,0,22,-1,-0.008034052357867028
TXN000526042,CUST078769,2023-10-13,13:57,Savings,NEFT,1460118.64,Debit,121173.55,Utilities,Karnataka,779,1,Unknown,11289.48,Success,Web,Verified,0,13,-1,-0.020896663107776936
TXN000526202,CUST056684,2023-10-14,22:32,Salary,Credit_Card,23161.29,Debit,183698.66,Food & Dining,UP,430,1,Personal,3477.72,Success,Web,Verified,0,22,-1,-0.01769038289651459
TXN000526322,CUST042506,2023-10-14,02:33,Fixed Deposit,Cheque,1156778.01,Debit,6975.58,Utilities,Tamil Nadu,728,0,Unknown,0.0,Failed,Branch,Verified,0,2,-1,-0.04746820770860738
TXN000526447,CUST027411,2023-10-15,15:52,Current,RTGS,222379.63,Credit,18548.78,Insurance,Telangana,628,1,Business,3840.87,Success,Web,Expired,0,15,-1,-0.0037325819064902843
TXN000526472,CUST067164,2023-10-15,20:28,Current,ATM_Withdrawal,2000.0,Debit,43861.09,Healthcare,West Bengal,345,0,Unknown,0.0,Success,Mobile_App,Verified,0,20,-1,-0.005610779669630084
TXN000526560,CUST061889,2023-10-15,23:03,Salary,RTGS,962064.83,Credit,78392.01,Investment,Tamil Nadu,659,0,Unknown,0.0,Success,ATM,Verified,0,23,-1,-0.0005085701249802899
TXN000526617,CUST004143,2023-10-15,07:23,Savings,NEFT,177220.33,Credit,64206.69,Education,Karnataka,792,0,Unknown,0.0,Success,Branch,Verified,0,7,-1,-0.029628871343186036
TXN000526797,CUST038846,2023-10-16,13:23,Salary,Cheque,10000000.0,Debit,80694.61,Food & Dining,Telangana,692,1,Education,3188.15,Success,Web,Verified,0,13,-1,-0.06444113625174286
TXN000526810,CUST004233,2023-10-16,01:56,Salary,RTGS,552945.53,Credit,90687.23,Fuel,West Bengal,728,0,Unknown,0.0,Success,Web,Verified,0,1,-1,-0.03241699949291954
TXN000526816,CUST028861,2023-10-16,08:19,Current,IMPS,7241.88,Debit,38211.31,Peer Transfer,West Bengal,846,1,Unknown,53481.9,Success,POS_Terminal,Verified,0,8,-1,-0.006129608306601142
TXN000526952,CUST010593,2023-10-16,10:04,Current,POS,4857.07,Debit,20634.94,Insurance,West Bengal,591,1,Personal,24264.8,Success,Web,Verified,0,10,-1,-0.002799322885790767
TXN000527160,CUST042088,2023-10-17,02:05,Fixed Deposit,Cheque,522490.76,Credit,369509.07,Utilities,Tamil Nadu,312,0,Unknown,0.0,Success,Mobile_App,Verified,0,2,-1,-0.003311901494916225
TXN000527485,CUST079361,2023-10-18,03:30,NRI,RTGS,750718.42,Credit,467599.84,Retail,Telangana,573,0,Unknown,0.0,Success,ATM,Verified,0,3,-1,-0.03585814161626577
TXN000527721,CUST036024,2023-10-19,01:27,Salary,Credit_Card,28679.71,Debit,217930.32,Retail,Karnataka,341,1,Personal,59227.02,Success,Branch,Verified,0,1,-1,-0.032358000564826184
TXN000527793,CUST069994,2023-10-19,20:47,NRI,ATM_Withdrawal,1000.0,Debit,255782.65,Retail,Rajasthan,425,1,Personal,15037.72,Success,Branch,Verified,0,20,-1,-0.020109809845998527
TXN000527807,CUST007680,2023-10-19,01:48,Current,RTGS,754827.63,Credit,21224.97,Healthcare,Maharashtra,535,0,Unknown,0.0,Success,Mobile_App,Verified,0,1,-1,-0.047943776197332255
TXN000527972,CUST009759,2023-10-20,17:26,Current,RTGS,351874.92,Credit,37469.42,Utilities,Gujarat,785,1,Personal,5475.68,Success,Mobile_App,Verified,0,17,-1,-0.00783986663730607
TXN000528101,CUST039987,2023-10-20,08:42,Fixed Deposit,Auto_Debit,972.31,Debit,176140.52,Retail,Delhi,473,1,Home,28434.29,Pending,Web,Pending,0,8,-1,-0.002093474709495835
TXN000528134,CUST038844,2023-10-20,19:38,Savings,Cheque,971132.27,Credit,158197.11,Salary,Delhi,782,0,Unknown,0.0,Success,ATM,Verified,0,19,-1,-0.03408116163597452
TXN000528220,CUST041844,2023-10-21,00:41,Savings,RTGS,389983.96,Credit,252611.58,Retail,Karnataka,483,1,Education,1043.93,Success,POS_Terminal,Verified,0,0,-1,-0.013846348586612933
TXN000528223,CUST041009,2023-10-21,03:04,Salary,Net_Banking,1612.89,Credit,273248.9,Healthcare,Tamil Nadu,685,1,Home,44884.41,Success,POS_Terminal,Verified,0,3,-1,-0.006601281185146024
TXN000528310,CUST004967,2023-10-21,06:26,Savings,IMPS,5250.25,Credit,8175.71,Insurance,Karnataka,314,0,Unknown,0.0,Success,Mobile_App,Verified,0,6,-1,-0.006138218113887817
TXN000528315,CUST021591,2023-10-21,04:05,Current,ATM_Withdrawal,1000.0,Debit,135645.97,Utilities,Telangana,483,1,Unknown,14395.08,Success,Branch,Verified,0,4,-1,-0.005035512266541531
TXN000528321,CUST045136,2023-10-21,11:48,Fixed Deposit,RTGS,47202.28,Credit,139166.46,Peer Transfer,Telangana,573,0,Unknown,0.0,Success,ATM,Verified,0,11,-1,-0.005822521776246425
TXN000528373,CUST070757,2023-10-21,11:35,Savings,UPI,1313.78,Debit,92052.09,Utilities,Maharashtra,640,1,Personal,37130.25,Success,POS_Terminal,Expired,0,11,-1,-0.03304307269551765
TXN000528466,CUST028081,2023-10-21,17:27,Fixed Deposit,RTGS,1486758.75,Credit,162198.44,Travel,Delhi,570,1,Personal,3024.91,Success,Mobile_App,Verified,0,17,-1,-0.030918747736754182
TXN000528498,CUST052357,2023-10-22,07:12,Salary,Cheque,65203.61,Credit,5124.82,Salary,Telangana,676,1,Business,5850.87,Success,ATM,Verified,0,7,-1,-0.008591484092200341
TXN000528709,CUST017535,2023-10-22,06:45,Savings,RTGS,1068279.27,Credit,10996.26,Utilities,West Bengal,629,0,Unknown,0.0,Success,Web,Verified,0,6,-1,-0.05131504307885704
TXN000529214,CUST007833,2023-10-24,11:53,Savings,Auto_Debit,1538.41,Debit,2962.44,Utilities,Maharashtra,896,1,Unknown,8571.16,Success,Mobile_App,Verified,0,11,-1,-0.010997935804173187
TXN000529224,CUST063563,2023-10-24,15:55,Current,POS,2249.2,Debit,19762.19,Retail,Maharashtra,415,1,Unknown,36317.98,Success,POS_Terminal,Verified,0,15,-1,-0.014249706481625157
TXN000529241,CUST033097,2023-10-24,23:00,Fixed Deposit,RTGS,1697627.43,Credit,9661.99,E-Commerce,Tamil Nadu,839,0,Unknown,0.0,Success,Web,Verified,0,23,-1,-0.09057827266062113
TXN000529386,CUST002600,2023-10-24,21:55,Savings,UPI,1842.98,Debit,51648.97,Food & Dining,West Bengal,429,1,Business,8346.58,Success,Web,Verified,0,21,-1,-0.001314406933652923
TXN000529453,CUST007199,2023-10-25,03:15,Current,RTGS,811127.87,Credit,7197.85,Travel,Delhi,510,1,Education,5099.35,Success,Mobile_App,Verified,0,3,-1,-0.0014971838123859493
TXN000529497,CUST004547,2023-10-25,07:38,Salary,ATM_Withdrawal,500.0,Debit,52933.65,Healthcare,Telangana,792,0,Unknown,0.0,Success,ATM,Verified,0,7,-1,-0.034294127358287074
TXN000529621,CUST062381,2023-10-25,08:24,Current,IMPS,15260.62,Debit,3607.11,Insurance,Rajasthan,406,0,Unknown,0.0,Success,Mobile_App,Pending,0,8,-1,-0.0030416678485566395
TXN000529633,CUST001503,2023-10-25,16:47,Savings,IMPS,2647.62,Debit,118959.63,Salary,Telangana,406,0,Unknown,0.0,Success,Mobile_App,Verified,0,16,-1,-0.028224600071314665
TXN000529636,CUST056966,2023-10-25,04:33,Savings,RTGS,279942.94,Debit,17158.21,Fuel,Delhi,640,1,Auto,9531.24,Success,Mobile_App,Verified,0,4,-1,-0.015703553189768238
TXN000529815,CUST068524,2023-10-26,17:56,Current,Auto_Debit,94.74,Debit,51197.04,Education,Delhi,753,1,Unknown,35487.05,Success,Branch,Verified,0,17,-1,-0.03133934089104551
TXN000529835,CUST076341,2023-10-26,14:52,Salary,RTGS,143294.71,Credit,60674.8,Insurance,Delhi,332,0,Unknown,0.0,Success,Mobile_App,Verified,0,14,-1,-0.00026723513536175414
TXN000529849,CUST019844,2023-10-26,20:37,Savings,IMPS,2228.79,Debit,28168.39,Fuel,Tamil Nadu,792,0,Unknown,0.0,Success,ATM,Verified,0,20,-1,-0.0020711465937588436
TXN000529861,CUST062325,2023-10-26,10:01,Savings,POS,3040.63,Debit,20974.68,Retail,West Bengal,406,1,Personal,2764.25,Success,Branch,Verified,0,10,-1,-0.016971727031026007
TXN000529893,CUST053387,2023-10-26,15:45,Fixed Deposit,RTGS,613575.49,Credit,12378.92,E-Commerce,West Bengal,662,0,Unknown,0.0,Success,Mobile_App,Verified,0,15,-1,-0.0002339204318421162
TXN000529905,CUST057163,2023-10-26,22:55,NRI,RTGS,1881398.14,Debit,35554.84,Retail,Delhi,530,0,Unknown,0.0,Success,Mobile_App,Verified,0,22,-1,-0.07782530914714303
TXN000530056,CUST063011,2023-10-27,19:32,Salary,RTGS,1314662.96,Credit,9643.27,Retail,UP,763,0,Unknown,0.0,Success,Web,Expired,0,19,-1,-0.11273543633594774
TXN000530075,CUST048948,2023-10-27,21:05,Salary,POS,208.63,Debit,15637.88,Retail,Gujarat,877,1,Home,21557.79,Success,Mobile_App,Verified,0,21,-1,-0.015093912367321716
TXN000530151,CUST065151,2023-10-27,05:36,Current,Credit_Card,1121.11,Debit,7786.58,Entertainment,Maharashtra,694,1,Gold,31878.1,Success,Branch,Verified,0,5,-1,-0.004654599617456179
TXN000530315,CUST017564,2023-10-28,22:00,Current,RTGS,3529170.58,Debit,111264.16,Education,Gujarat,399,0,Unknown,0.0,Success,Branch,Pending,0,22,-1,-0.08417637776734865
TXN000530455,CUST060614,2023-10-28,02:18,Savings,RTGS,2505462.1,Credit,18633.13,Insurance,Rajasthan,581,0,Unknown,0.0,Success,ATM,Verified,0,2,-1,-0.05628660488991044
TXN000530724,CUST018128,2023-10-29,19:38,Current,RTGS,112880.51,Credit,272052.01,Retail,Delhi,749,0,Unknown,0.0,Success,Mobile_App,Verified,0,19,-1,-0.019583884091857073
TXN000530817,CUST048803,2023-10-29,23:38,NRI,NEFT,4758067.17,Credit,7462.27,E-Commerce,West Bengal,500,0,Unknown,0.0,Success,Web,Pending,0,23,-1,-0.1133629152395963
TXN000530968,CUST001627,2023-10-30,20:08,Savings,RTGS,5646113.18,Debit,6071.8,Investment,Tamil Nadu,308,1,Home,1951.12,Pending,Mobile_App,Verified,0,20,-1,-0.10115990952577592
TXN000531030,CUST007628,2023-10-30,13:03,Savings,IMPS,672.79,Credit,21510.29,Investment,Maharashtra,864,0,Unknown,0.0,Success,Mobile_App,Verified,0,13,-1,-0.015984745327286998
TXN000531070,CUST037221,2023-10-30,02:15,Savings,Cheque,539116.41,Credit,15029.68,Retail,West Bengal,803,0,Unknown,0.0,Reversed,Mobile_App,Verified,0,2,-1,-0.01741276058228136
TXN000531089,CUST069272,2023-10-30,04:09,Savings,RTGS,822775.87,Credit,4671.04,Healthcare,Delhi,462,1,Auto,844.92,Success,POS_Terminal,Verified,0,4,-1,-0.00338172388243696
TXN000531124,CUST034681,2023-10-30,00:25,Savings,NEFT,43013.68,Credit,51495.22,Peer Transfer,Gujarat,372,0,Unknown,0.0,Success,Mobile_App,Verified,0,0,-1,-0.01094721181921321
TXN000531179,CUST016936,2023-10-31,22:32,Salary,UPI,8085.01,Debit,28804.4,Travel,Delhi,452,1,Home,31116.1,Success,Web,Verified,0,22,-1,-0.006064992054157448
TXN000531248,CUST016252,2023-10-31,07:40,Current,RTGS,139366.07,Credit,34563.73,Travel,Maharashtra,332,0,Unknown,0.0,Failed,Web,Verified,0,7,-1,-0.022786178705850646
TXN000531427,CUST010317,2023-10-31,06:25,Savings,ATM_Withdrawal,500.0,Debit,116281.39,Education,Maharashtra,548,0,Unknown,0.0,Success,POS_Terminal,Verified,0,6,-1,-0.003385097984726082
TXN000531428,CUST030406,2023-10-31,00:48,Savings,Cheque,441880.34,Credit,159261.93,Salary,Delhi,358,0,Unknown,0.0,Success,POS_Terminal,Expired,0,0,-1,-0.02662337105197443
TXN000531766,CUST074199,2023-11-01,05:23,Fixed Deposit,RTGS,1473610.09,Debit,36597.78,E-Commerce,Telangana,349,0,Unknown,0.0,Success,Mobile_App,Verified,0,5,-1,-0.05167138489864653
TXN000531778,CUST066144,2023-11-02,22:38,Current,RTGS,745727.85,Credit,2850.69,Salary,Delhi,782,0,Unknown,0.0,Success,POS_Terminal,Verified,1,22,-1,-0.030075916616599252
TXN000531922,CUST033463,2023-11-02,05:04,Fixed Deposit,RTGS,232148.85,Credit,135149.36,Investment,Delhi,471,0,Unknown,0.0,Success,POS_Terminal,Verified,0,5,-1,-0.00248981900774492
TXN000531943,CUST020898,2023-11-02,13:38,Savings,ATM_Withdrawal,3000.0,Debit,19811.78,Healthcare,Karnataka,553,1,Home,41837.06,Success,ATM,Verified,0,13,-1,-0.05299152895237069
TXN000531978,CUST050817,2023-11-02,07:18,Current,RTGS,746809.9,Credit,27535.84,Food & Dining,Tamil Nadu,698,0,Unknown,0.0,Success,Mobile_App,Verified,0,7,-1,-0.0031918985672958478
TXN000532112,CUST010653,2023-11-03,20:18,Fixed Deposit,RTGS,211572.52,Debit,30313.18,Peer Transfer,Delhi,714,1,Home,46040.82,Success,Web,Verified,1,20,-1,-0.054506542421716375
TXN000532401,CUST072389,2023-11-04,09:22,Savings,RTGS,409469.46,Credit,53007.06,Food & Dining,Tamil Nadu,314,0,Unknown,0.0,Success,POS_Terminal,Verified,0,9,-1,-0.03795932055206985
TXN000532415,CUST014487,2023-11-04,04:22,Fixed Deposit,RTGS,710850.9,Credit,20465.34,Healthcare,Delhi,575,1,Home,5085.49,Success,Mobile_App,Verified,0,4,-1,-0.014339435829690439
TXN000532577,CUST024610,2023-11-04,15:04,Savings,RTGS,926278.31,Credit,12165.67,Entertainment,Gujarat,401,0,Unknown,0.0,Success,Mobile_App,Verified,1,15,-1,-0.07254379073431771
TXN000532608,CUST029760,2023-11-04,18:46,Savings,RTGS,1073263.42,Credit,102862.48,Travel,Maharashtra,301,0,Unknown,0.0,Success,Branch,Verified,0,18,-1,-0.036484587437310645
TXN000532736,CUST033557,2023-11-05,01:02,Fixed Deposit,RTGS,958039.12,Debit,1087802.53,Peer Transfer,West Bengal,338,0,Unknown,0.0,Success,API,Verified,0,1,-1,-0.02631171204629834
TXN000532743,CUST005889,2023-11-05,11:18,NRI,RTGS,1245958.68,Debit,387072.82,Travel,Karnataka,549,0,Unknown,0.0,Success,Mobile_App,Verified,0,11,-1,-0.06453381792780943
TXN000532758,CUST003107,2023-11-05,10:11,NRI,Cheque,10000000.0,Credit,12230.57,Retail,Delhi,762,1,Business,3172.64,Success,Mobile_App,Verified,0,10,-1,-0.08218031242942603
TXN000532931,CUST076177,2023-11-05,08:10,Current,RTGS,1758642.71,Debit,3136.43,Government,Karnataka,605,0,Unknown,0.0,Success,ATM,Verified,0,8,-1,-0.09517952411109831
TXN000533095,CUST045613,2023-11-06,00:17,Savings,POS,994.56,Debit,379390.55,Healthcare,Telangana,406,0,Unknown,0.0,Success,ATM,Verified,0,0,-1,-0.0182893053948604
TXN000533164,CUST027083,2023-11-06,12:12,Savings,UPI,1032.07,Debit,112267.68,Retail,Karnataka,406,0,Unknown,0.0,Success,Web,Verified,0,12,-1,-0.030428521698557476
TXN000533233,CUST044673,2023-11-06,20:14,Current,UPI,1014.72,Debit,18609.16,Retail,Delhi,406,0,Unknown,0.0,Success,Mobile_App,Verified,0,20,-1,-0.02048729018035156
TXN000533383,CUST029088,2023-11-07,17:13,Salary,Cheque,74186.27,Debit,55169.32,Government,Tamil Nadu,722,1,Personal,38402.28,Success,Mobile_App,Verified,0,17,-1,-0.032548019546728146
TXN000533410,CUST047673,2023-11-07,15:11,Current,RTGS,743388.63,Credit,16641.94,Utilities,Maharashtra,676,0,Unknown,0.0,Success,Branch,Verified,0,15,-1,-0.07068907258978774
TXN000533433,CUST041076,2023-11-07,13:57,Salary,RTGS,49164.28,Credit,69953.7,Entertainment,Karnataka,518,0,Unknown,0.0,Success,POS_Terminal,Verified,0,13,-1,-0.018419439382789782
TXN000533444,CUST010590,2023-11-07,08:13,Savings,RTGS,1855542.56,Credit,2755.76,Healthcare,Maharashtra,308,0,Unknown,0.0,Success,Mobile_App,Verified,0,8,-1,-0.07314775227992587
TXN000533463,CUST029892,2023-11-07,14:25,Savings,RTGS,1383818.33,Debit,9775.09,Utilities,Tamil Nadu,764,1,Business,5992.27,Success,ATM,Verified,0,14,-1,-0.056188074597372184
TXN000533469,CUST072848,2023-11-07,08:50,Salary,RTGS,763958.12,Credit,28167.67,Salary,UP,330,1,Auto,5697.43,Success,Web,Verified,0,8,-1,-0.012333742995992325
TXN000533539,CUST057858,2023-11-07,08:02,Savings,Cheque,1630917.14,Credit,26864.78,Investment,Gujarat,800,1,Business,1467.97,Success,Web,Verified,0,8,-1,-0.07248796329048113
TXN000533608,CUST030898,2023-11-08,10:50,Salary,NEFT,563.17,Credit,28708.64,Investment,Rajasthan,724,1,Auto,26175.86,Success,Web,Verified,0,10,-1,-0.0025091470650250303
TXN000533623,CUST014872,2023-11-08,17:17,Savings,NEFT,849.73,Debit,172014.65,Food & Dining,Telangana,398,1,Personal,33561.23,Success,POS_Terminal,Verified,0,17,-1,-0.018950458361229106
TXN000533723,CUST001105,2023-11-08,10:45,Salary,Auto_Debit,581.59,Debit,85538.14,Education,Maharashtra,406,0,Unknown,0.0,Success,Web,Verified,0,10,-1,-0.034437271522916424
TXN000533841,CUST031332,2023-11-08,05:58,Current,RTGS,958429.3,Credit,51276.87,Retail,Tamil Nadu,575,1,Personal,2381.33,Success,Web,Verified,0,5,-1,-0.02977487384510391
TXN000534021,CUST008191,2023-11-09,00:32,Current,RTGS,964639.14,Debit,224930.45,Retail,Delhi,423,1,Personal,8545.23,Success,POS_Terminal,Expired,1,0,-1,-0.060675786497289774
TXN000534088,CUST069552,2023-11-09,03:04,Salary,UPI,1085.34,Credit,130814.24,Retail,Rajasthan,792,0,Unknown,0.0,Failed,Web,Verified,0,3,-1,-0.019763490826186003
TXN000534095,CUST038335,2023-11-09,18:36,Savings,RTGS,410821.1,Debit,34299.21,Salary,Maharashtra,864,0,Unknown,0.0,Success,Mobile_App,Verified,0,18,-1,-0.014293577054510509
TXN000534223,CUST047720,2023-11-10,14:49,Salary,RTGS,223029.34,Debit,44817.17,Investment,Karnataka,429,1,Education,38055.33,Success,API,Verified,0,14,-1,-0.026431836211644688
TXN000534288,CUST027307,2023-11-10,14:06,Salary,NEFT,14171.47,Debit,5095.84,Food & Dining,Karnataka,782,1,Home,21223.7,Success,Mobile_App,Verified,0,14,-1,-0.02783031485912635
TXN000534343,CUST077721,2023-11-10,12:40,Savings,IMPS,6752.98,Debit,7790.67,Salary,Delhi,452,1,Gold,39076.35,Success,Mobile_App,Verified,0,12,-1,-0.019453808605904843
TXN000534404,CUST036648,2023-11-10,19:00,Savings,NEFT,237931.18,Credit,10192.84,Investment,Delhi,749,0,Unknown,0.0,Success,Mobile_App,Verified,0,19,-1,-0.023508941523553095
TXN000534542,CUST032451,2023-11-11,07:20,Current,RTGS,658345.76,Credit,27365.44,Salary,Delhi,451,0,Unknown,0.0,Failed,Branch,Verified,1,7,-1,-0.01593230320832406
TXN000534567,CUST048399,2023-11-11,04:02,Savings,UPI,1649.99,Debit,92769.49,Healthcare,Delhi,435,1,Business,53395.78,Success,Mobile_App,Verified,0,4,-1,-0.023154418612129524
TXN000534596,CUST025595,2023-11-11,05:51,Savings,Net_Banking,9128.3,Credit,32845.5,Entertainment,Tamil Nadu,406,0,Unknown,0.0,Success,POS_Terminal,Pending,0,5,-1,-0.020183929857087834
TXN000534601,CUST037283,2023-11-11,06:27,Savings,UPI,156.67,Credit,7354.8,Food & Dining,UP,792,1,Auto,2253.81,Failed,Branch,Verified,0,6,-1,-0.014882513547375131
TXN000534612,CUST025727,2023-11-11,14:05,Salary,IMPS,3002.28,Debit,109851.14,Peer Transfer,Maharashtra,483,1,Auto,3695.09,Success,Web,Verified,0,14,-1,-0.007722801313676753
TXN000534683,CUST017260,2023-11-11,20:16,Savings,RTGS,1734259.8,Credit,83628.06,Healthcare,Maharashtra,879,0,Unknown,0.0,Success,ATM,Verified,0,20,-1,-0.016486188758701004
TXN000534768,CUST075615,2023-11-11,17:20,NRI,IMPS,823.87,Debit,128872.54,Healthcare,Punjab,406,0,Unknown,0.0,Success,Web,Verified,0,17,-1,-0.010520247442579067
TXN000534812,CUST035721,2023-11-11,22:31,Current,NEFT,7157.66,Debit,15051.32,Government,Maharashtra,805,1,Unknown,60995.26,Success,API,Verified,0,22,-1,-0.01868109791236705
TXN000534888,CUST013378,2023-11-12,00:46,NRI,Cheque,1593923.17,Debit,4519.79,Fuel,Karnataka,605,0,Unknown,0.0,Pending,API,Verified,0,0,-1,-0.06900658846808361
TXN000534907,CUST016085,2023-11-12,20:32,Salary,POS,814.5,Debit,33828.54,Healthcare,Gujarat,406,0,Unknown,0.0,Success,Branch,Verified,0,20,-1,-0.007554256029443374
TXN000534942,CUST037674,2023-11-12,22:11,Savings,UPI,1095.99,Debit,18488.46,Retail,Delhi,649,1,Personal,12589.98,Success,Mobile_App,Verified,0,22,-1,-0.020783789031480815
TXN000534973,CUST077465,2023-11-12,15:22,Savings,NEFT,6261.44,Debit,796.88,Travel,UP,777,0,Unknown,0.0,Success,Mobile_App,Pending,0,15,-1,-0.0019956300456266396
TXN000535392,CUST016851,2023-11-13,15:02,Savings,NEFT,47946.26,Credit,48297.83,Salary,Punjab,860,1,Education,47734.09,Success,Mobile_App,Verified,0,15,-1,-0.002055985980108588
TXN000535499,CUST058067,2023-11-14,02:40,Savings,RTGS,1927489.13,Debit,509753.46,Investment,West Bengal,457,1,Education,12474.03,Success,API,Verified,1,2,-1,-0.03992490475762167
TXN000535515,CUST070308,2023-11-14,14:33,Savings,RTGS,1340802.65,Debit,53099.15,Government,Maharashtra,447,1,Unknown,6631.92,Success,Branch,Verified,0,14,-1,-0.005816164161151716
TXN000535556,CUST045759,2023-11-14,03:37,Salary,Cheque,1405530.74,Debit,74354.16,Peer Transfer,Tamil Nadu,790,1,Unknown,2018.82,Failed,Mobile_App,Verified,0,3,-1,-0.032660429267644786
TXN000535575,CUST051564,2023-11-14,22:50,Fixed Deposit,RTGS,901192.69,Credit,59442.98,Peer Transfer,Maharashtra,338,1,Home,10659.14,Success,Mobile_App,Verified,0,22,-1,-0.0026355750264005495
TXN000535618,CUST055239,2023-11-14,14:00,Savings,UPI,5652.29,Credit,154286.86,Salary,Delhi,730,1,Personal,42704.44,Success,Branch,Verified,0,14,-1,-0.023294305128361392
TXN000535787,CUST029780,2023-11-15,06:10,NRI,ATM_Withdrawal,2000.0,Debit,633561.86,Peer Transfer,Delhi,787,1,Home,39945.85,Success,Mobile_App,Verified,0,6,-1,-0.017212171195028825
TXN000535810,CUST030722,2023-11-15,05:06,Savings,NEFT,9419.38,Credit,7060.65,Retail,Gujarat,803,0,Unknown,0.0,Success,Web,Verified,0,5,-1,-0.026006666956122748
TXN000535883,CUST076558,2023-11-15,13:47,Savings,POS,1607.1,Debit,89227.0,Salary,Karnataka,896,1,Home,6400.29,Success,Mobile_App,Verified,0,13,-1,-0.015418440096920172
TXN000535929,CUST031537,2023-11-15,04:16,Fixed Deposit,RTGS,711415.9,Credit,45724.05,Utilities,Maharashtra,576,0,Unknown,0.0,Success,ATM,Verified,0,4,-1,-0.014383702546684751
TXN000536029,CUST048943,2023-11-16,15:50,Savings,Net_Banking,7124.54,Credit,40404.07,Education,Karnataka,406,0,Unknown,0.0,Success,Mobile_App,Verified,0,15,-1,-0.06589462209308572
TXN000536034,CUST005654,2023-11-16,15:04,Current,NEFT,7963.96,Credit,49761.99,Government,Karnataka,701,1,Business,34289.28,Failed,Mobile_App,Verified,0,15,-1,-0.016827096198250624
TXN000536133,CUST051318,2023-11-16,19:02,Savings,ATM_Withdrawal,500.0,Debit,23053.35,Investment,Gujarat,729,1,Gold,42896.12,Success,ATM,Verified,0,19,-1,-0.030045689926488595
TXN000536191,CUST024447,2023-11-16,03:18,Current,IMPS,863.91,Credit,76274.45,Government,Tamil Nadu,483,1,Business,16643.24,Pending,POS_Terminal,Verified,0,3,-1,-0.04383352321794631
TXN000536195,CUST059972,2023-11-16,06:12,Current,RTGS,2730219.25,Debit,68820.43,Travel,Maharashtra,784,1,Auto,2433.34,Success,Web,Verified,0,6,-1,-0.06268864481730563
TXN000536250,CUST063778,2023-11-17,10:27,Current,Credit_Card,3559.77,Debit,14460.94,Peer Transfer,Gujarat,518,1,Personal,13225.18,Success,Mobile_App,Verified,0,10,-1,-0.0066135974890486615
TXN000536276,CUST026936,2023-11-17,13:39,Current,Cheque,678744.22,Debit,6235.87,Food & Dining,Gujarat,503,0,Unknown,0.0,Success,POS_Terminal,Verified,0,13,-1,-0.007869872730860594
TXN000536388,CUST033643,2023-11-17,04:44,Savings,POS,1085.34,Debit,31517.89,Travel,Karnataka,649,1,Personal,3506.85,Success,POS_Terminal,Verified,0,4,-1,-0.016179436762636223
TXN000536571,CUST026059,2023-11-18,06:26,Savings,UPI,1406.43,Credit,21934.5,Real Estate,Rajasthan,782,0,Unknown,0.0,Success,API,Verified,0,6,-1,-0.014493446903837581
TXN000536636,CUST012009,2023-11-18,11:40,Savings,RTGS,749536.35,Debit,138035.49,Retail,Gujarat,729,0,Unknown,0.0,Reversed,Web,Verified,0,11,-1,-0.021363063530489
TXN000536674,CUST000425,2023-11-18,14:12,Current,Auto_Debit,1258.23,Debit,31419.14,Investment,Gujarat,483,1,Auto,21890.41,Success,Branch,Verified,0,14,-1,-0.07190126888411963
TXN000536710,CUST046382,2023-11-18,12:36,Fixed Deposit,RTGS,1284806.89,Credit,30963.86,Education,Rajasthan,740,1,Business,6053.5,Success,POS_Terminal,Verified,0,12,-1,-0.02933769065274039
TXN000536713,CUST006153,2023-11-18,23:17,Current,RTGS,703052.98,Debit,472172.01,Government,Maharashtra,540,0,Unknown,0.0,Success,Branch,Pending,0,23,-1,-0.010472775740001827
TXN000536740,CUST060802,2023-11-18,05:34,Current,Cheque,1623825.11,Debit,31597.27,Salary,UP,339,1,Unknown,2824.53,Success,Branch,Expired,0,5,-1,-0.05932302959738134
TXN000536747,CUST025874,2023-11-18,08:25,Current,ATM_Withdrawal,3000.0,Debit,10644.37,Travel,Tamil Nadu,714,0,Unknown,0.0,Success,Branch,Verified,0,8,-1,-0.012803387103870967
TXN000536775,CUST072536,2023-11-18,09:08,Current,Cheque,832059.81,Credit,8863.33,Insurance,West Bengal,728,0,Unknown,0.0,Success,Mobile_App,Verified,0,9,-1,-0.027603280008590136
TXN000536786,CUST014090,2023-11-18,00:23,Salary,RTGS,1141324.06,Credit,42017.99,Salary,Tamil Nadu,633,1,Business,2086.29,Success,Branch,Verified,0,0,-1,-0.010159659078927796
TXN000536912,CUST066518,2023-11-19,10:08,Current,IMPS,1941.29,Credit,5000000.0,Food & Dining,Maharashtra,695,1,Education,903.45,Success,API,Verified,0,10,-1,-0.02659823592930266
TXN000537040,CUST062120,2023-11-19,19:28,NRI,UPI,862.16,Credit,117921.84,E-Commerce,Karnataka,372,0,Unknown,0.0,Success,ATM,Verified,0,19,-1,-0.003973367704994013
TXN000537190,CUST008561,2023-11-20,19:52,Savings,POS,990.76,Debit,34083.76,Food & Dining,Rajasthan,787,1,Auto,61494.44,Success,Branch,Verified,0,19,-1,-0.019827434437421743
TXN000537294,CUST008435,2023-11-20,00:43,Savings,UPI,3459.65,Debit,1084161.5,Entertainment,Gujarat,501,1,Education,28675.1,Success,Mobile_App,Verified,0,0,-1,-0.0241163337188387
TXN000537322,CUST004815,2023-11-20,03:16,Savings,RTGS,362416.47,Debit,30052.96,Utilities,Tamil Nadu,585,0,Unknown,0.0,Success,ATM,Verified,0,3,-1,-0.03221916323587137
TXN000537560,CUST051655,2023-11-21,15:52,Fixed Deposit,NEFT,178474.17,Credit,49948.99,Salary,Karnataka,372,0,Unknown,0.0,Success,Web,Verified,0,15,-1,-0.015928747781488006
TXN000537647,CUST048018,2023-11-21,02:48,Fixed Deposit,RTGS,1762142.18,Credit,36429.7,Government,Delhi,594,0,Unknown,0.0,Success,ATM,Verified,0,2,-1,-0.05042980064724467
TXN000537665,CUST006773,2023-11-21,22:56,Savings,ATM_Withdrawal,3000.0,Debit,74682.48,Insurance,Delhi,389,1,Home,48897.16,Pending,Branch,Verified,0,22,-1,-0.04232519383978173
TXN000537943,CUST016002,2023-11-22,11:48,Savings,IMPS,5937.44,Debit,246820.73,Salary,Delhi,483,1,Auto,3528.91,Success,Web,Verified,0,11,-1,-0.006209171029246563
TXN000538317,CUST006627,2023-11-23,03:45,Savings,Credit_Card,15908.96,Debit,35145.73,Food & Dining,Maharashtra,792,0,Unknown,0.0,Success,Mobile_App,Pending,0,3,-1,-0.01336743017549058
TXN000538351,CUST016034,2023-11-23,15:35,Fixed Deposit,Cheque,802449.57,Credit,15436.98,E-Commerce,Telangana,728,0,Unknown,0.0,Failed,POS_Terminal,Verified,0,15,-1,-0.08568748094738476
TXN000538515,CUST026386,2023-11-24,12:18,Savings,RTGS,127735.73,Credit,1766260.38,Insurance,UP,372,0,Unknown,0.0,Success,Mobile_App,Verified,0,12,-1,-0.019717050857267715
TXN000538767,CUST046895,2023-11-25,04:47,Salary,RTGS,245496.23,Credit,49091.26,Retail,Tamil Nadu,640,0,Unknown,0.0,Success,ATM,Verified,0,4,-1,-0.03714077852396369
TXN000538818,CUST060792,2023-11-25,15:13,Savings,RTGS,329735.06,Debit,95468.61,Travel,Maharashtra,896,0,Unknown,0.0,Success,POS_Terminal,Verified,0,15,-1,-0.029808548927781175
TXN000538889,CUST009589,2023-11-25,16:21,Current,UPI,44.29,Credit,788934.24,Peer Transfer,West Bengal,406,0,Unknown,0.0,Success,Web,Verified,0,16,-1,-0.03348727913477856
TXN000538998,CUST023325,2023-11-26,06:58,Current,RTGS,2032160.06,Credit,50817.82,Retail,Karnataka,426,0,Unknown,0.0,Success,Mobile_App,Verified,0,6,-1,-0.042066753033930926
TXN000539173,CUST045275,2023-11-26,07:41,Savings,RTGS,346323.16,Credit,3826.78,Food & Dining,Karnataka,849,0,Unknown,0.0,Failed,ATM,Expired,0,7,-1,-0.020252234378688283
TXN000539230,CUST018053,2023-11-26,05:56,Savings,UPI,1379.01,Credit,38485.32,Peer Transfer,Tamil Nadu,505,0,Unknown,0.0,Success,API,Verified,0,5,-1,-0.016190997719243705
TXN000539245,CUST060245,2023-11-27,02:41,Fixed Deposit,ATM_Withdrawal,5000.0,Debit,59227.96,Food & Dining,Tamil Nadu,714,0,Unknown,0.0,Success,POS_Terminal,Verified,0,2,-1,-0.0032497088209438862
TXN000539283,CUST024147,2023-11-27,06:44,Current,Cheque,1271555.97,Debit,11567.14,Healthcare,Karnataka,427,0,Unknown,0.0,Success,POS_Terminal,Verified,0,6,-1,-0.033126327763078556
TXN000539284,CUST010542,2023-11-27,18:42,Savings,RTGS,2997176.43,Credit,63646.64,Travel,Telangana,715,1,Business,2112.35,Success,Mobile_App,Verified,1,18,-1,-0.08794394360770985
TXN000539475,CUST011252,2023-11-27,22:06,Savings,Cheque,304450.93,Credit,75749.71,Education,Maharashtra,763,1,Personal,748.85,Success,Web,Verified,0,22,-1,-0.020830583799312463
TXN000539635,CUST054799,2023-11-28,19:08,Current,Auto_Debit,3865.13,Debit,43859.03,Peer Transfer,Tamil Nadu,406,0,Unknown,0.0,Success,Web,Verified,0,19,-1,-0.012074951375282805
TXN000539658,CUST017931,2023-11-28,10:47,Savings,UPI,677.55,Debit,4161.92,Travel,Tamil Nadu,355,1,Personal,57790.74,Failed,ATM,Expired,0,10,-1,-0.023532521101723325
TXN000539699,CUST053685,2023-11-28,13:17,Fixed Deposit,RTGS,278997.16,Debit,14673.64,E-Commerce,Maharashtra,649,0,Unknown,0.0,Success,Mobile_App,Verified,0,13,-1,-0.007355230901287868
TXN000539802,CUST023202,2023-11-28,06:56,Salary,Cheque,4150385.39,Debit,43971.48,Retail,Maharashtra,522,0,Unknown,0.0,Success,POS_Terminal,Verified,0,6,-1,-0.07422417329130315
TXN000539928,CUST073270,2023-11-29,05:22,Fixed Deposit,RTGS,924105.25,Credit,13963.52,Entertainment,Delhi,735,0,Unknown,0.0,Success,POS_Terminal,Verified,0,5,-1,-0.044928720774162545
TXN000539956,CUST009413,2023-11-29,16:54,Savings,IMPS,2848.75,Debit,5000000.0,Salary,Rajasthan,637,1,Auto,12379.5,Success,Web,Verified,0,16,-1,-0.0697744840251151
TXN000540139,CUST038729,2023-11-30,16:05,Fixed Deposit,ATM_Withdrawal,500.0,Debit,268990.07,Education,Tamil Nadu,420,1,Personal,27594.54,Success,Mobile_App,Verified,0,16,-1,-0.01264156667349181
TXN000540214,CUST039872,2023-11-30,20:56,Fixed Deposit,RTGS,257533.25,Debit,88087.35,Entertainment,West Bengal,657,0,Unknown,0.0,Success,POS_Terminal,Pending,0,20,-1,-0.01330198555546347
TXN000540317,CUST068078,2023-11-30,08:18,NRI,UPI,2342.62,Credit,11677.7,Salary,Maharashtra,406,1,Business,1863.32,Success,Mobile_App,Verified,0,8,-1,-0.008095759771047484
TXN000540465,CUST023205,2023-12-01,07:23,Fixed Deposit,RTGS,119827.34,Debit,6582.16,Government,West Bengal,654,1,Unknown,4698.0,Success,Branch,Verified,0,7,-1,-0.0005058702939290116
TXN000540631,CUST078936,2023-12-01,01:07,Savings,Cheque,769297.74,Credit,57941.4,Healthcare,Gujarat,494,0,Unknown,0.0,Success,Mobile_App,Verified,0,1,-1,-0.014678786748187678
TXN000540634,CUST066349,2023-12-01,11:26,Savings,RTGS,312992.82,Debit,53192.89,Healthcare,UP,699,1,Personal,8608.17,Success,POS_Terminal,Verified,0,11,-1,-0.017960016111239097
TXN000540847,CUST012305,2023-12-02,06:22,Savings,RTGS,189046.49,Debit,9438.49,E-Commerce,Tamil Nadu,501,0,Unknown,0.0,Success,POS_Terminal,Verified,0,6,-1,-0.006556024722941034
TXN000541227,CUST034409,2023-12-03,08:27,Salary,RTGS,1189740.66,Credit,161962.42,Healthcare,Karnataka,404,0,Unknown,0.0,Failed,Mobile_App,Pending,0,8,-1,-0.027734597339968747
TXN000541284,CUST000600,2023-12-03,23:58,Current,Cheque,728220.9,Credit,96352.66,Retail,Rajasthan,518,1,Auto,13369.84,Failed,Mobile_App,Verified,0,23,-1,-0.011676297572721595
TXN000541290,CUST058067,2023-12-03,15:23,Salary,ATM_Withdrawal,1000.0,Debit,13358.82,Retail,Punjab,506,1,Personal,66962.68,Success,Mobile_App,Verified,0,15,-1,-0.029170629997756214
TXN000541319,CUST044427,2023-12-03,20:35,Salary,RTGS,1199008.1,Credit,5726.92,Entertainment,Karnataka,462,0,Unknown,0.0,Success,Mobile_App,Verified,0,20,-1,-0.038870669234339794
TXN000541363,CUST006694,2023-12-03,23:55,Current,Auto_Debit,3250.95,Debit,21649.66,Travel,Telangana,505,0,Unknown,0.0,Success,Web,Verified,0,23,-1,-0.0032053913268041967
TXN000541457,CUST028495,2023-12-04,11:25,Savings,Cheque,21690.6,Credit,114329.28,Fuel,Gujarat,553,1,Home,41851.39,Success,API,Verified,0,11,-1,-0.04487207286774664
TXN000541685,CUST000407,2023-12-05,11:15,Current,ATM_Withdrawal,1000.0,Debit,18548.09,Peer Transfer,Delhi,896,1,Business,6774.38,Success,Mobile_App,Verified,0,11,-1,-0.00951204390486049
TXN000541755,CUST062557,2023-12-05,20:01,Fixed Deposit,RTGS,43264.8,Credit,167424.88,Retail,Tamil Nadu,406,1,Auto,15072.71,Success,Branch,Verified,0,20,-1,-0.01742247313663703
TXN000541781,CUST003262,2023-12-05,23:12,Salary,Cheque,2527275.2,Credit,9456.84,Real Estate,West Bengal,320,0,Unknown,0.0,Success,Web,Verified,0,23,-1,-0.06724901727244303
TXN000541856,CUST072419,2023-12-05,20:10,Current,RTGS,459732.04,Credit,95757.94,Utilities,Maharashtra,662,1,Auto,3321.25,Success,Web,Verified,0,20,-1,-0.020559160458360815
TXN000541860,CUST035688,2023-12-05,19:45,Salary,POS,1090.31,Debit,26681.94,Travel,UP,343,1,Personal,70415.02,Failed,ATM,Verified,0,19,-1,-0.04332317106523842
TXN000541877,CUST000608,2023-12-05,22:03,NRI,RTGS,4835556.99,Debit,59995.85,Utilities,Maharashtra,308,0,Unknown,0.0,Success,ATM,Verified,0,22,-1,-0.09748924012983595
TXN000541935,CUST051983,2023-12-05,23:34,Salary,ATM_Withdrawal,500.0,Debit,286704.8,Peer Transfer,Karnataka,406,1,Personal,2353.89,Success,Mobile_App,Verified,0,23,-1,-0.001522087085431778
TXN000542388,CUST004685,2023-12-07,12:55,Savings,IMPS,6537.33,Credit,63703.55,Insurance,Telangana,799,1,Education,71275.54,Success,Web,Verified,0,12,-1,-0.08830386442750526
TXN000542558,CUST038182,2023-12-07,11:56,Savings,RTGS,1863395.08,Credit,87850.2,Real Estate,Gujarat,599,0,Unknown,0.0,Success,Mobile_App,Pending,0,11,-1,-0.06725742884586605
TXN000542559,CUST039220,2023-12-07,19:01,Current,Cheque,2001434.55,Credit,6672.17,Education,Delhi,446,0,Unknown,0.0,Success,Mobile_App,Verified,0,19,-1,-0.08290144016572942
TXN000542868,CUST012318,2023-12-08,00:54,Savings,RTGS,171934.28,Credit,9217.69,Government,Tamil Nadu,708,0,Unknown,0.0,Reversed,Mobile_App,Verified,0,0,-1,-0.010409539802104684
TXN000542962,CUST070407,2023-12-09,02:09,Savings,RTGS,82532.47,Debit,59618.84,Food & Dining,Karnataka,649,0,Unknown,0.0,Success,API,Verified,1,2,-1,-0.036969210991114054
TXN000542978,CUST004985,2023-12-09,09:53,Current,RTGS,524120.83,Credit,184436.09,Retail,Karnataka,792,0,Unknown,0.0,Success,Web,Pending,0,9,-1,-0.10223165389073952
TXN000543037,CUST041775,2023-12-09,13:10,Savings,RTGS,56413.61,Credit,27492.2,Investment,Gujarat,792,0,Unknown,0.0,Success,API,Verified,0,13,-1,-0.014866770405190133
TXN000543114,CUST073251,2023-12-09,04:31,Current,RTGS,782047.39,Debit,5898.96,Investment,Tamil Nadu,665,0,Unknown,0.0,Success,Mobile_App,Verified,0,4,-1,-0.030986309128005374
TXN000543189,CUST053445,2023-12-10,19:39,Salary,RTGS,848373.61,Credit,175308.17,Insurance,West Bengal,804,0,Unknown,0.0,Success,POS_Terminal,Verified,0,19,-1,-0.015961201162258853
TXN000543209,CUST074829,2023-12-10,18:46,Salary,RTGS,977867.26,Credit,17840.35,E-Commerce,Tamil Nadu,750,0,Unknown,0.0,Success,Mobile_App,Verified,0,18,-1,-0.048469447700426604
TXN000543213,CUST022187,2023-12-10,11:11,Current,RTGS,218985.21,Debit,25494.59,Entertainment,Rajasthan,505,0,Unknown,0.0,Success,Web,Verified,0,11,-1,-0.007896622921497065
TXN000543271,CUST057271,2023-12-10,01:13,Savings,UPI,2021.55,Credit,45539.44,Investment,Karnataka,333,0,Unknown,0.0,Success,Mobile_App,Verified,0,1,-1,-0.0036099673610934246
TXN000543400,CUST024547,2023-12-10,13:14,Savings,RTGS,1356015.08,Credit,9996.97,Healthcare,Telangana,444,1,Business,11411.83,Success,Mobile_App,Verified,0,13,-1,-0.02638682359371558
TXN000543416,CUST024377,2023-12-10,20:30,Current,POS,198.98,Debit,124681.63,Food & Dining,West Bengal,518,1,Auto,4628.53,Failed,Branch,Verified,0,20,-1,-0.009432908004315732
TXN000543425,CUST071031,2023-12-10,09:42,Fixed Deposit,RTGS,1590336.76,Debit,12054.14,Insurance,Rajasthan,352,1,Unknown,1907.59,Success,ATM,Verified,0,9,-1,-0.035768229002768326
TXN000543565,CUST018277,2023-12-11,22:35,Savings,Net_Banking,3905.33,Debit,288127.35,Education,Rajasthan,792,0,Unknown,0.0,Success,ATM,Verified,0,22,-1,-0.045757506007293225
TXN000543724,CUST023135,2023-12-11,17:16,Salary,RTGS,765107.41,Credit,11663.28,Salary,Gujarat,358,1,Business,6550.53,Success,Branch,Verified,0,17,-1,-0.04646288631766249
TXN000543735,CUST026662,2023-12-11,05:22,Current,IMPS,1219.02,Credit,104028.06,Education,Rajasthan,406,0,Unknown,0.0,Success,Mobile_App,Verified,0,5,-1,-0.0013252066983033828
TXN000543913,CUST076846,2023-12-12,16:47,Current,RTGS,1096267.99,Debit,3297.43,Retail,Delhi,521,0,Unknown,0.0,Success,Mobile_App,Verified,0,16,-1,-0.010825041768641297
TXN000543964,CUST065847,2023-12-12,15:02,NRI,NEFT,2987555.4,Credit,2144.45,Healthcare,Rajasthan,720,1,Unknown,3121.6,Failed,Mobile_App,Verified,0,15,-1,-0.058270331974604295
TXN000544035,CUST056575,2023-12-13,22:06,Savings,IMPS,1428.12,Credit,192064.36,Education,Telangana,749,1,Personal,40920.2,Success,Mobile_App,Verified,0,22,-1,-0.086408907898886
TXN000544098,CUST013429,2023-12-13,19:55,Current,RTGS,1484157.36,Credit,42754.67,Salary,Tamil Nadu,571,0,Unknown,0.0,Pending,Web,Verified,0,19,-1,-0.04154081577300006
TXN000544182,CUST013186,2023-12-13,22:37,Savings,RTGS,1186457.51,Credit,17468.13,Retail,Gujarat,639,0,Unknown,0.0,Success,Mobile_App,Verified,0,22,-1,-0.014571412025469965
TXN000544188,CUST031157,2023-12-13,21:01,Fixed Deposit,RTGS,2780347.17,Credit,28435.0,Healthcare,Tamil Nadu,738,0,Unknown,0.0,Success,Mobile_App,Verified,0,21,-1,-0.04058659111204843
TXN000544381,CUST028021,2023-12-14,03:00,Salary,Cheque,48757.09,Credit,30795.9,Salary,Tamil Nadu,753,0,Unknown,0.0,Success,Branch,Verified,0,3,-1,-0.0033476644904507635
TXN000544523,CUST000981,2023-12-14,14:25,Salary,Net_Banking,46721.92,Credit,7392.32,Travel,Tamil Nadu,446,1,Unknown,30799.85,Success,Mobile_App,Verified,0,14,-1,-0.0028278437471491724
TXN000544681,CUST054225,2023-12-15,15:52,Fixed Deposit,RTGS,621029.38,Credit,276292.52,Retail,Maharashtra,398,0,Unknown,0.0,Failed,Mobile_App,Verified,0,15,-1,-0.029061447003091878
TXN000544684,CUST006247,2023-12-15,02:45,Savings,IMPS,3772.53,Credit,23298.29,Government,Delhi,748,1,Personal,38127.76,Success,Mobile_App,Verified,1,2,-1,-0.034335990861107946
TXN000544798,CUST079637,2023-12-15,04:54,Current,NEFT,67748.72,Credit,84228.1,Fuel,West Bengal,649,1,Home,21322.64,Reversed,Mobile_App,Verified,0,4,-1,-0.06723101010592247
TXN000544888,CUST060084,2023-12-16,11:46,Savings,RTGS,1058786.63,Credit,150370.65,Retail,Tamil Nadu,510,0,Unknown,0.0,Success,ATM,Verified,0,11,-1,-0.039395129816472085
TXN000545005,CUST062955,2023-12-16,01:40,Salary,RTGS,1226193.08,Credit,15476.12,Education,Delhi,387,1,Gold,2919.6,Failed,Web,Expired,0,1,-1,-0.06041275480753083
TXN000545132,CUST024047,2023-12-16,13:42,Savings,RTGS,666561.95,Debit,20103.66,Entertainment,Delhi,792,1,Education,2003.93,Success,Mobile_App,Verified,0,13,-1,-0.0578715857838471
TXN000545283,CUST041963,2023-12-17,13:47,Salary,POS,902.32,Debit,7771.38,Salary,Rajasthan,548,0,Unknown,0.0,Success,Web,Verified,0,13,-1,-0.0022560373712354753
TXN000545308,CUST008754,2023-12-17,07:00,Savings,IMPS,3611.05,Debit,6815.88,Travel,Karnataka,405,1,Personal,29354.93,Pending,Web,Pending,0,7,-1,-0.0046556547342713195
TXN000545311,CUST060921,2023-12-17,05:04,Savings,RTGS,24929.13,Credit,30401.52,Entertainment,West Bengal,401,1,Personal,6467.94,Success,POS_Terminal,Verified,0,5,-1,-0.003933963868461343
TXN000545332,CUST038823,2023-12-17,20:36,Current,RTGS,2285779.06,Debit,20935.93,E-Commerce,West Bengal,869,1,Auto,15951.83,Success,Web,Verified,0,20,-1,-0.0410767492444265
TXN000545355,CUST060750,2023-12-17,05:35,Savings,POS,3093.63,Debit,25041.43,E-Commerce,Rajasthan,649,1,Personal,10944.54,Success,Web,Verified,0,5,-1,-0.016101366772213854
TXN000545409,CUST004879,2023-12-17,21:32,Current,NEFT,5919975.71,Debit,21066.66,Food & Dining,Delhi,874,0,Unknown,0.0,Success,ATM,Verified,0,21,-1,-0.07137105796344778
TXN000545464,CUST031665,2023-12-17,02:36,Salary,POS,3457.42,Debit,37917.63,Retail,Maharashtra,759,1,Auto,31145.79,Success,Mobile_App,Verified,0,2,-1,-0.021471186609310355
TXN000545467,CUST021932,2023-12-17,16:08,Current,RTGS,905746.93,Credit,16106.41,Food & Dining,Tamil Nadu,560,1,Personal,901.27,Success,Mobile_App,Verified,0,16,-1,-0.009724275048937359
TXN000545526,CUST038305,2023-12-18,15:17,Salary,UPI,181.72,Debit,224999.85,Food & Dining,Rajasthan,406,0,Unknown,0.0,Success,ATM,Verified,0,15,-1,-0.04274549470017197
TXN000545530,CUST016641,2023-12-18,06:40,Savings,RTGS,195442.52,Credit,6102.28,Real Estate,Telangana,829,1,Unknown,2011.45,Success,ATM,Verified,0,6,-1,-0.008570289493673111
TXN000545598,CUST073071,2023-12-18,23:51,Current,RTGS,1531857.38,Debit,92730.76,Retail,Maharashtra,879,1,Personal,4317.79,Success,POS_Terminal,Verified,0,23,-1,-0.04716874482515554
TXN000545719,CUST039255,2023-12-18,12:47,Savings,IMPS,25874.48,Debit,247419.63,Education,Rajasthan,406,0,Unknown,0.0,Success,Web,Verified,0,12,-1,-0.018299924668792267
TXN000545728,CUST061861,2023-12-18,21:26,Savings,UPI,521.4,Credit,43260.07,Food & Dining,West Bengal,505,0,Unknown,0.0,Success,Mobile_App,Verified,0,21,-1,-0.009376137795572781
TXN000545855,CUST006466,2023-12-19,01:46,Savings,UPI,975.47,Debit,32635.2,Travel,Delhi,803,0,Unknown,0.0,Success,Web,Verified,0,1,-1,-0.01599567137405311
TXN000545873,CUST076973,2023-12-19,07:57,Current,ATM_Withdrawal,2000.0,Debit,24006.32,Travel,Delhi,623,1,Auto,45132.69,Success,Web,Verified,0,7,-1,-0.02738992275265062
TXN000545981,CUST065860,2023-12-19,22:02,Current,POS,493.24,Debit,24491.76,Salary,Maharashtra,787,1,Gold,69181.72,Pending,ATM,Verified,0,22,-1,-0.045271165570111016
TXN000545991,CUST003616,2023-12-19,14:36,Savings,ATM_Withdrawal,3000.0,Debit,37767.32,Government,Gujarat,885,1,Gold,55127.7,Success,Branch,Pending,0,14,-1,-0.007650870124643272
TXN000546049,CUST079233,2023-12-19,11:38,Savings,ATM_Withdrawal,3000.0,Debit,167887.9,E-Commerce,Karnataka,470,1,Personal,8750.8,Success,POS_Terminal,Verified,0,11,-1,-0.017606605628127436
TXN000546121,CUST024229,2023-12-20,15:42,Savings,ATM_Withdrawal,2000.0,Debit,141724.43,Healthcare,Tamil Nadu,406,0,Unknown,0.0,Success,API,Verified,0,15,-1,-0.02472040560646649
TXN000546130,CUST005535,2023-12-20,21:12,Salary,Cheque,1519841.63,Debit,267329.56,Real Estate,Gujarat,401,1,Personal,3548.04,Success,POS_Terminal,Pending,0,21,-1,-0.10732893745265148
TXN000546203,CUST069297,2023-12-20,11:57,Salary,NEFT,5707.71,Debit,82302.3,Investment,West Bengal,535,1,Education,40154.72,Success,Mobile_App,Verified,0,11,-1,-0.05384989344252622
TXN000546252,CUST024256,2023-12-20,11:51,Current,POS,2002.94,Debit,40241.28,Entertainment,Delhi,708,0,Unknown,0.0,Reversed,Mobile_App,Verified,0,11,-1,-0.004032590637780387
TXN000546457,CUST075176,2023-12-21,22:14,Salary,RTGS,831927.72,Credit,248765.05,Utilities,Telangana,864,0,Unknown,0.0,Success,Mobile_App,Verified,0,22,-1,-0.024045145452367578
TXN000546609,CUST077810,2023-12-21,18:34,Current,RTGS,1137703.51,Debit,161224.83,Investment,Maharashtra,828,0,Unknown,0.0,Success,Web,Pending,0,18,-1,-0.016994079919744554
TXN000546634,CUST000721,2023-12-21,22:34,Fixed Deposit,IMPS,1147.54,Credit,103763.63,Salary,Maharashtra,332,1,Home,23518.89,Success,Mobile_App,Verified,0,22,-1,-0.01149695165507103
TXN000546650,CUST034438,2023-12-21,04:25,Salary,RTGS,426800.54,Credit,42684.4,Fuel,West Bengal,654,0,Unknown,0.0,Success,Mobile_App,Verified,0,4,-1,-0.03874059034421329
TXN000546740,CUST073197,2023-12-22,21:57,Current,RTGS,168685.32,Debit,27441.48,Retail,UP,814,1,Home,17049.26,Success,POS_Terminal,Verified,0,21,-1,-0.006504960966337459
TXN000546741,CUST022946,2023-12-22,15:26,Savings,Net_Banking,1154017.04,Debit,46447.28,Peer Transfer,Tamil Nadu,814,0,Unknown,0.0,Success,Web,Verified,0,15,-1,-0.038195905035516176
TXN000546953,CUST026123,2023-12-22,23:23,Current,RTGS,3094988.51,Credit,17527.45,Food & Dining,Tamil Nadu,825,0,Unknown,0.0,Success,Branch,Verified,0,23,-1,-0.06517782802465666
TXN000547005,CUST000264,2023-12-23,15:05,NRI,Credit_Card,9468.91,Debit,275788.92,Peer Transfer,Maharashtra,326,0,Unknown,0.0,Success,ATM,Verified,0,15,-1,-0.0028477161910179793
TXN000547042,CUST030147,2023-12-23,23:37,Salary,RTGS,886672.59,Debit,101849.7,E-Commerce,Delhi,327,0,Unknown,0.0,Success,Mobile_App,Verified,0,23,-1,-0.023996664713703875
TXN000547050,CUST026027,2023-12-23,04:03,Savings,IMPS,2312.99,Credit,947093.1,Healthcare,Delhi,429,1,Auto,2339.36,Success,Web,Verified,0,4,-1,-0.01162039141441995
TXN000547100,CUST072247,2023-12-23,19:28,Current,RTGS,1390756.32,Debit,1077311.91,Retail,Delhi,308,0,Unknown,0.0,Success,ATM,Verified,0,19,-1,-0.013821811902705816
TXN000547169,CUST001819,2023-12-23,14:07,Savings,Auto_Debit,933.11,Debit,14463.26,Salary,Maharashtra,470,0,Unknown,0.0,Success,ATM,Verified,0,14,-1,-0.031614150249091644
TXN000547473,CUST035733,2023-12-24,08:04,NRI,Cheque,1112500.54,Debit,110214.58,Entertainment,Telangana,824,0,Unknown,0.0,Success,Web,Verified,0,8,-1,-0.017485513927181562
TXN000547479,CUST073366,2023-12-24,01:37,Current,Cheque,811897.59,Debit,111176.48,Education,Tamil Nadu,753,1,Personal,3880.1,Success,Web,Pending,0,1,-1,-0.01810588550146952
TXN000547530,CUST053049,2023-12-24,12:39,Salary,RTGS,2842009.27,Debit,22795.69,Salary,Telangana,758,0,Unknown,0.0,Success,Web,Verified,0,12,-1,-0.07797823369647983
TXN000547602,CUST052168,2023-12-24,12:58,Salary,UPI,2075.47,Debit,48634.3,Fuel,Tamil Nadu,421,1,Home,39909.01,Success,Mobile_App,Pending,0,12,-1,-0.018994574310272738
TXN000547715,CUST058615,2023-12-25,11:00,Current,RTGS,20661.92,Credit,40341.13,Utilities,Telangana,585,0,Unknown,0.0,Success,Mobile_App,Verified,0,11,-1,-0.011129052699230813
TXN000548121,CUST044536,2023-12-26,06:35,Savings,POS,1855.91,Debit,122960.2,Salary,Tamil Nadu,625,1,Personal,46853.23,Success,ATM,Verified,0,6,-1,-0.047798147537757685
TXN000548145,CUST022127,2023-12-26,17:07,NRI,POS,68.35,Debit,11423.18,Peer Transfer,Karnataka,714,1,Personal,14128.6,Success,Branch,Verified,0,17,-1,-0.019812511234060026
TXN000548180,CUST006603,2023-12-26,10:31,Savings,Net_Banking,3155.53,Credit,22770.48,Fuel,Karnataka,645,1,Home,5273.32,Success,API,Verified,0,10,-1,-0.0049654521491627746
TXN000548224,CUST060749,2023-12-27,17:56,Savings,POS,986.57,Debit,3877.06,Investment,Maharashtra,896,1,Auto,4929.15,Success,POS_Terminal,Pending,0,17,-1,-0.01032732672424952
TXN000548250,CUST015551,2023-12-27,15:05,Salary,RTGS,1991319.83,Debit,22324.11,Retail,Maharashtra,380,0,Unknown,0.0,Success,Mobile_App,Verified,0,15,-1,-0.06370454298793182
TXN000548491,CUST001277,2023-12-27,21:08,Savings,UPI,2341.23,Debit,38005.39,Entertainment,UP,549,1,Personal,18406.91,Success,Mobile_App,Verified,0,21,-1,-0.01790469625936919
TXN000548552,CUST003811,2023-12-28,03:03,NRI,Auto_Debit,573.59,Debit,18281.46,E-Commerce,Delhi,326,1,Gold,16306.43,Success,API,Verified,0,3,-1,-0.03278081714718051
TXN000548556,CUST002611,2023-12-28,09:33,Savings,UPI,4330.95,Debit,25519.27,Education,Gujarat,853,1,Home,20879.17,Success,Mobile_App,Verified,0,9,-1,-0.0016097982845103553
TXN000548571,CUST072317,2023-12-28,08:43,Current,NEFT,1725661.39,Credit,13400.65,Healthcare,Delhi,792,0,Unknown,0.0,Success,ATM,Verified,1,8,-1,-0.11904723053872335
TXN000548773,CUST063704,2023-12-28,17:39,Current,Auto_Debit,982.73,Debit,38793.09,Entertainment,Karnataka,864,0,Unknown,0.0,Success,ATM,Verified,0,17,-1,-0.005139886619505485
TXN000548920,CUST072161,2023-12-29,07:28,Savings,ATM_Withdrawal,2000.0,Debit,17390.05,E-Commerce,Telangana,406,0,Unknown,0.0,Success,ATM,Verified,0,7,-1,-0.0018931354470169692
TXN000548972,CUST008002,2023-12-29,01:03,Savings,RTGS,2413725.77,Debit,20693.32,Real Estate,UP,492,1,Home,3763.75,Success,Mobile_App,Verified,0,1,-1,-0.08752178502812513
TXN000548999,CUST020209,2023-12-29,09:03,Current,RTGS,839044.86,Credit,89069.66,Investment,Delhi,362,1,Home,1091.03,Success,Web,Verified,0,9,-1,-0.03306895862969916
TXN000549096,CUST054258,2023-12-29,06:17,Savings,IMPS,2034.79,Credit,52510.34,Education,Tamil Nadu,452,1,Home,81664.99,Reversed,ATM,Verified,0,6,-1,-0.12506263630465153
TXN000549127,CUST065008,2023-12-30,02:48,Savings,RTGS,244631.02,Credit,289576.97,Salary,Karnataka,649,1,Business,11190.22,Success,Branch,Verified,0,2,-1,-0.053304222347931196
TXN000549146,CUST061483,2023-12-30,11:17,Savings,IMPS,4679.35,Credit,8108.92,Investment,Punjab,483,1,Business,21002.45,Success,Mobile_App,Verified,0,11,-1,-0.02946539411152127
TXN000549476,CUST064674,2023-12-31,01:45,Current,IMPS,1796.9,Credit,86667.05,Retail,Tamil Nadu,803,0,Unknown,0.0,Success,Mobile_App,Verified,0,1,-1,-0.011676365573015324
TXN000549741,CUST019029,2024-01-01,14:24,Savings,Net_Banking,31820.73,Credit,7091.08,Utilities,UP,749,1,Personal,9024.37,Reversed,ATM,Pending,0,14,-1,-0.010651527969982255
TXN000549935,CUST053974,2024-01-01,05:10,Salary,Cheque,5056410.78,Debit,19465.27,E-Commerce,UP,602,0,Unknown,0.0,Success,Web,Verified,0,5,-1,-0.07886218715199467
TXN000549950,CUST053966,2024-01-01,00:09,Salary,Credit_Card,835.46,Debit,21916.67,Food & Dining,Maharashtra,399,1,Business,61616.33,Failed,Web,Verified,0,0,-1,-0.023285368598423672
